state	review_order	family	disposition	governing_record	lines	bytes	sha256	path
tracked-modified	7	handoff-release-tooling	retain	2026-07-28-v12-correctness-release-readiness-closure.md	50324	3527403	0c5c0894ae28e5fead15e8204a25f5c2ea4d73d7f8a6c00ab5489a168ffb1bf2	LOG.md
tracked-modified	7	handoff-release-tooling	retain	2026-07-28-v12-correctness-release-readiness-closure.md	197	9873	cf973778cddeb661383d5bbdf4417319f680d6cbda317ff2fdc9b83d439df0b0	PLAN.md
tracked-modified	7	handoff-release-tooling	retain	2026-07-28-v12-correctness-release-readiness-closure.md	5663	378503	d072f12b58436a4e734d47bfc507f197df5ab2e1776d5ac72736456bb27e1120	v12/LOG.md
tracked-modified	5	derived-architecture-reconciliation	retain	2026-07-28-v12-correctness-release-readiness-closure.md	437	21776	2fd797717ed907b4c23b8d43b74e8dfbdabb656ac3abcf454516c4a34e72b4ab	v12/bench-bytecode-native-hot-tier-design.json
untracked	3	bytecode-profile-coverage	retain	2026-07-28-bytecode-current-source-profile-coverage-closure.md	96	4410	187c81ae4d26fef81065a7e5860182712c44320478948638f3fd643961544ea5	v12/bench-bytecode-profile-coverage.json
tracked-modified	5	derived-architecture-reconciliation	retain	2026-07-28-v12-correctness-release-readiness-closure.md	118	4820	34009cb483d714891f558f490e74f818c1be10efcfd56d126603529030adeb83	v12/bench-bytecode-semantic-region-feasibility.json
tracked-modified	5	derived-architecture-reconciliation	retain	2026-07-28-v12-correctness-release-readiness-closure.md	166	7087	1eb98adecaf4bf5e9d60a9995db6a8b6505fd8b7acc281e9d989af9f5d9a21f7	v12/bench-compiled-architecture-budget.json
tracked-modified	5	derived-architecture-reconciliation	retain	2026-07-28-v12-correctness-release-readiness-closure.md	25	1691	04ff44215a98c7dca3bc53167e6421452e12a6a63d912ccb4e0656f03bbf516c	v12/bench-cross-engine-architecture-budget.json
tracked-modified	5	derived-architecture-reconciliation	retain	2026-07-28-v12-correctness-release-readiness-closure.md	130	6241	df3b8d72edc5ef47fe3b64795091c219f5052b1d17650af46daaaf8d7b0ecd17	v12/bench-cross-engine-structural-strategy.json
tracked-modified	4	bytecode-semantic-boundary-closure	retain	2026-07-28-bytecode-semantic-boundary-reach-closure.md	119	8117	6e530b79f5425c994022fb37b6aa78f1ffcef6d96825318819927d1b729020e3	v12/bench-performance-closure-extras.json
tracked-modified	4	bytecode-semantic-boundary-closure	retain	2026-07-28-bytecode-semantic-boundary-reach-closure.md	1	73542	37f012c500088397808e51edd17d273f417e621082ef449287b3a5aeb554104f	v12/bench-performance-closure-ledger.json
tracked-modified	4	bytecode-semantic-boundary-closure	retain	2026-07-28-bytecode-semantic-boundary-reach-closure.md	563	39607	58954b15e53d097f8cf006b91db21ab7f31475f62bd96dec6307ad1a7b10634a	v12/bench-performance-frontier-evidence.json
tracked-modified	2	benchmark-contract-evidence	retain	2026-07-28-mode-aware-benchmark-contract-closure.md	242	10845	d658e09bed3d6bafb62cb9b7a53fab802eff5fc5203dd04e091982d507696f5d	v12/bench-performance-stability.json
tracked-modified	5	derived-architecture-reconciliation	retain	2026-07-28-v12-correctness-release-readiness-closure.md	195	10346	5e78f59094533f09cf31a5da52aecd8108ac205386cc6a0fcc2961aef70098e9	v12/bench-portable-vm-backend-adr.json
tracked-modified	5	derived-architecture-reconciliation	retain	2026-07-28-v12-correctness-release-readiness-closure.md	280	11239	35df71efd96ceb1ae37c930db53166cbdd76b42d7987c8e0ae590b9c1385ed46	v12/bench-residual-cost-evidence.json
tracked-modified	2	benchmark-contract-evidence	retain	2026-07-28-mode-aware-benchmark-contract-closure.md	136	3610	859d1db10b34bd6ed978a6222a9f5e1adb5b6325bad907ca95397a76a4d251a9	v12/bench-selection-manifest.json
tracked-modified	5	derived-architecture-reconciliation	retain	2026-07-28-v12-correctness-release-readiness-closure.md	208	11048	3f191a7b8a9faf46d51937dd7ab2904ce49fadc579047bc8b0da20b97966b382	v12/bench-shared-runtime-semantic-abi.json
tracked-modified	5	derived-architecture-reconciliation	retain	2026-07-28-v12-correctness-release-readiness-closure.md	114	4967	fbb91fb23c70bd1a4f1768cd1bbda21c70fcd5849305f45855747d5a30b86519	v12/bench_bytecode_native_hot_tier_budget_test.py
untracked	3	bytecode-profile-coverage	retain	2026-07-28-bytecode-current-source-profile-coverage-closure.md	365	14088	289e4e2f04abe958de1f9325bc670fcf78ecc540cdb500f4a6dd9797ce049413	v12/bench_bytecode_profile_coverage.py
untracked	3	bytecode-profile-coverage	retain	2026-07-28-bytecode-current-source-profile-coverage-closure.md	132	5010	77842fbdace1e71d81d512190206ebcb30484f43970ef96a8d40afb1347c56b0	v12/bench_bytecode_profile_coverage_test.py
tracked-modified	5	derived-architecture-reconciliation	retain	2026-07-28-v12-correctness-release-readiness-closure.md	80	3416	0c891394eb91021db195432b7d4cdc69ca784f72322d80ed36a5aec950a355bc	v12/bench_bytecode_semantic_region_feasibility_test.py
tracked-modified	1	benchmark-contract-implementation	retain	2026-07-28-mode-aware-benchmark-contract-closure.md	951	36792	b3c1cf95b3e46cd51f1c3163633638cf6d370c20ef99c5cd5df40598a89a5d09	v12/bench_compare_external
tracked-modified	5	derived-architecture-reconciliation	retain	2026-07-28-v12-correctness-release-readiness-closure.md	80	3249	9681f310f6786a5d02f23440fa0aa810cffa6150064dd1a74d50a17451901062	v12/bench_cross_engine_architecture_budget_test.py
tracked-modified	5	derived-architecture-reconciliation	retain	2026-07-28-v12-correctness-release-readiness-closure.md	574	26944	cad985aa5769567d4f2f6708cdeb2e8107eb1c4379375af92b1e65fbd8acb120	v12/bench_cross_engine_structural_strategy
tracked-modified	5	derived-architecture-reconciliation	retain	2026-07-28-v12-correctness-release-readiness-closure.md	109	4826	cc741a3e31746ffe8977644acf222a8d96d50bda38d530c428c96e254a002acd	v12/bench_cross_engine_structural_strategy_test.py
tracked-modified	1	benchmark-contract-implementation	retain	2026-07-28-mode-aware-benchmark-contract-closure.md	183	6273	95ac25cbc4617545c5b6d91cf989f77e78e3e7c37a698bdf13c169d040cdc09e	v12/bench_execution_contract_test.py
tracked-modified	1	benchmark-contract-implementation	retain	2026-07-28-mode-aware-benchmark-contract-closure.md	997	32891	13c7e432b2ed15b4aac26fdaeb7f1950c28b98feb494e6007f8d84ea29efd789	v12/bench_external_catalog.sh
tracked-modified	5	derived-architecture-reconciliation	retain	2026-07-28-v12-correctness-release-readiness-closure.md	469	20587	7f3c0f21793d799ea588c946082f0c50768ac4053b76f08f86b6a9c4a9bdacb4	v12/bench_feature_interaction_triples_test.py
tracked-modified	4	bytecode-semantic-boundary-closure	retain	2026-07-28-bytecode-semantic-boundary-reach-closure.md	196	8302	bc479c6d0f9fd46b90520a05ea580335c34071e65c9d42f011ac8b0d245cc3b2	v12/bench_performance_evidence_ledger_test.py
tracked-modified	1	benchmark-contract-implementation	retain	2026-07-28-mode-aware-benchmark-contract-closure.md	496	20265	6afc9e608a5149d1ef91c99ab9736c383fdd9a6012c868c21940f392e8aab6b0	v12/bench_refresh_external_scorecard
tracked-modified	1	benchmark-contract-implementation	retain	2026-07-28-mode-aware-benchmark-contract-closure.md	390	13889	9407670404960d0fe348e74e942aa8388521974ed47a520efa72052b6939f848	v12/bench_refresh_go_refs
tracked-modified	1	benchmark-contract-implementation	retain	2026-07-28-mode-aware-benchmark-contract-closure.md	480	17155	fc3b80534b24788d7a78cab7b0cd186965ef74146a2c2b37845a08d824a312fd	v12/bench_refresh_interpreter_refs
tracked-modified	5	derived-architecture-reconciliation	retain	2026-07-28-v12-correctness-release-readiness-closure.md	81	3216	cc4d7d9a6882171f0939807364aa4d68e5ad86c8f281ed82fcc2181f199db3c0	v12/bench_residual_cost_model_test.py
tracked-modified	1	benchmark-contract-implementation	retain	2026-07-28-mode-aware-benchmark-contract-closure.md	344	13454	85f14e8a1995375a9600178afd983a68ba455d547ab39ba2ed29f74cada3baee	v12/bench_scorecard_selection_test.py
tracked-modified	5	derived-architecture-reconciliation	retain	2026-07-28-v12-correctness-release-readiness-closure.md	120	6613	e0b9ca6908df03f0eeac3d7668a38843e2b28cc987119c67cbfeb158280aa618	v12/design/shared-runtime-closed-region-cutover.md
tracked-modified	5	derived-architecture-reconciliation	retain	2026-07-28-v12-correctness-release-readiness-closure.md	179	10829	de252dc80c296eda355206d935bac0dab4aa30d137ac5e73926a429f4bb54b48	v12/design/shared-runtime-semantic-abi-feasibility.md
tracked-modified	5	derived-architecture-reconciliation	retain	2026-07-28-v12-correctness-release-readiness-closure.md	7789	466431	eb2ba1219218732569e91ac23b52cc44b588045e8f69d4ce7930972eb54350d8	v12/docs/perf-baselines/2026-07-20-cross-mode-performance-frontier.json
tracked-modified	5	derived-architecture-reconciliation	retain	2026-07-28-v12-correctness-release-readiness-closure.md	357	74860	09dea3c0a4cc53af504baafb917bb58d49f23eb8f1d1fd3c26413cff1f4287c3	v12/docs/perf-baselines/2026-07-20-cross-mode-performance-frontier.md
tracked-modified	5	derived-architecture-reconciliation	retain	2026-07-28-v12-correctness-release-readiness-closure.md	505	17307	4f47c848bcc0d10bf2f1929d662486579dbe367c1ecde02c970a66b44ed5515b	v12/docs/perf-baselines/2026-07-21-cross-mode-residual-cost-model.json
tracked-modified	5	derived-architecture-reconciliation	retain	2026-07-28-v12-correctness-release-readiness-closure.md	91	7085	5b184e19eb897ae2f1b9e1d9c817c4f97018108d087fecac6f7ea98233fbcbf2	v12/docs/perf-baselines/2026-07-21-cross-mode-residual-cost-model.md
tracked-modified	5	derived-architecture-reconciliation	retain	2026-07-28-v12-correctness-release-readiness-closure.md	10013	315436	909980a3f6cf701f28c158ebfdc3a1fb386691e0fcaf2e6a7ae81e3704c6204b	v12/docs/perf-baselines/2026-07-21-feature-interaction-triple-frontier.json
tracked-modified	5	derived-architecture-reconciliation	retain	2026-07-28-v12-correctness-release-readiness-closure.md	182	94250	066729eab00a92b99a0c6decd298d8c73961d389e52647c1136d0d29305e2253	v12/docs/perf-baselines/2026-07-21-feature-interaction-triple-frontier.md
tracked-modified	5	derived-architecture-reconciliation	retain	2026-07-28-v12-correctness-release-readiness-closure.md	250	5548	2d0f331971c938a7c086d8be95aa255bc9c34dfb6d7943686ce7d7debdc423b2	v12/docs/perf-baselines/2026-07-21-performance-evidence-invalidation-ledger.json
tracked-modified	5	derived-architecture-reconciliation	retain	2026-07-28-v12-correctness-release-readiness-closure.md	64	5155	dcf133cbdd3fe987b9c541deca3eb3a6a84375c418145c9ba9021542f332a8ea	v12/docs/perf-baselines/2026-07-21-performance-evidence-invalidation-ledger.md
tracked-modified	5	derived-architecture-reconciliation	retain	2026-07-28-v12-correctness-release-readiness-closure.md	1610	71239	a3b73576b074b7709f32c038dca1149f0174c3dc5cdd91a1c19b83bd005f0e2f	v12/docs/perf-baselines/2026-07-22-bytecode-native-hot-tier-design-budget.json
tracked-modified	5	derived-architecture-reconciliation	retain	2026-07-28-v12-correctness-release-readiness-closure.md	172	11520	8e70e215836aebf80c9217da7ab5668c6e3f75933fdc29a3c1ae8e33676439e3	v12/docs/perf-baselines/2026-07-22-bytecode-native-hot-tier-design-budget.md
tracked-modified	5	derived-architecture-reconciliation	retain	2026-07-28-v12-correctness-release-readiness-closure.md	178	7692	c0730c0419f20fd598162c17dcd7a1307b76e75b8d2f99be6e90fed4f6d549cf	v12/docs/perf-baselines/2026-07-22-bytecode-semantic-region-tier-feasibility.json
tracked-modified	5	derived-architecture-reconciliation	retain	2026-07-28-v12-correctness-release-readiness-closure.md	83	4553	97bf6e88f5685c36b24b5a1caceeaaf18b2e8def221a09c3c8a4923f0e5a29ba	v12/docs/perf-baselines/2026-07-22-bytecode-semantic-region-tier-feasibility.md
tracked-modified	5	derived-architecture-reconciliation	retain	2026-07-28-v12-correctness-release-readiness-closure.md	349	15262	c8af8cf4e58dc13197eb2de75b4e9fcb43d19473c7a11b38cfe67c81d5d6de36	v12/docs/perf-baselines/2026-07-22-cross-engine-structural-strategy-reconciliation.json
tracked-modified	5	derived-architecture-reconciliation	retain	2026-07-28-v12-correctness-release-readiness-closure.md	111	6736	d782964ef35270972250915d5e9aefa5ee293e1fb1c6886012b334de8b7ad252	v12/docs/perf-baselines/2026-07-22-cross-engine-structural-strategy-reconciliation.md
tracked-modified	5	derived-architecture-reconciliation	retain	2026-07-28-v12-correctness-release-readiness-closure.md	449	16563	7f9d081284a55c626660692875c93eedb6725056d98ec37f26a554759d33dc1a	v12/docs/perf-baselines/2026-07-22-current-compiled-architecture-target-budget.json
tracked-modified	5	derived-architecture-reconciliation	retain	2026-07-28-v12-correctness-release-readiness-closure.md	246	8262	6d98a4e40373a520f36875e20f35bc4e793b892e899e40cf439316dd5f5aae42	v12/docs/perf-baselines/2026-07-22-current-cross-engine-architecture-target-budget-reconciliation.json
tracked-modified	5	derived-architecture-reconciliation	retain	2026-07-28-v12-correctness-release-readiness-closure.md	72	3812	d93be4e3cdbb21b456d8b7490ff04ee8b9d59a63ddb195f0c57cc80188b56f6c	v12/docs/perf-baselines/2026-07-22-current-cross-engine-architecture-target-budget-reconciliation.md
tracked-modified	5	derived-architecture-reconciliation	retain	2026-07-28-v12-correctness-release-readiness-closure.md	290	14206	89432b044deb1227c818b80fce12c63db27c369cbe36233f29d0b54992b4358d	v12/docs/perf-baselines/2026-07-22-portable-vm-backend-abi-dependency-adr.json
tracked-modified	5	derived-architecture-reconciliation	retain	2026-07-28-v12-correctness-release-readiness-closure.md	309	15035	0cf113eae97c6eb9432e11fb0bb36ef69779cff85c764d99ab12a912630a82c7	v12/docs/perf-baselines/2026-07-22-shared-runtime-closed-region-cutover-decision.json
tracked-modified	5	derived-architecture-reconciliation	retain	2026-07-28-v12-correctness-release-readiness-closure.md	281	14066	13585787db05987bfe310f63f847c705a53a469bd3044f2a6578702e77e75dfb	v12/docs/perf-baselines/2026-07-22-shared-runtime-semantic-abi-feasibility.json
untracked	3	bytecode-profile-coverage	retain	2026-07-28-bytecode-current-source-profile-coverage-closure.md	1019	38578	cf6965418202fbfebb7c368ea479c4454e5a5496f10caefe6822a5169e6bb0a8	v12/docs/perf-baselines/2026-07-28-bytecode-current-profile-coverage.json
untracked	3	bytecode-profile-coverage	retain	2026-07-28-bytecode-current-source-profile-coverage-closure.md	84	9422	b2903272aeb0b7af3c0c8f291df86cc4747d83e460f1dc0de732d103e3c5befe	v12/docs/perf-baselines/2026-07-28-bytecode-current-profile-coverage.md
untracked	3	bytecode-profile-coverage	retain	2026-07-28-bytecode-current-source-profile-coverage-closure.md	166	8856	b331dc71941cfec4d88a94b45e83a03e5c80d31019e711955b4d77def49327be	v12/docs/perf-baselines/2026-07-28-bytecode-current-source-profile-coverage-closure.md
untracked	2	benchmark-contract-evidence	retain	2026-07-28-bytecode-portable-workload-scale-calibration.md	106	11201	5ab58ba38a7318c6f8bd7a0d84b84ae711b2b81182b271513fb32c5662e83912	v12/docs/perf-baselines/2026-07-28-bytecode-portable-scale-balanced-runs.tsv
untracked	2	benchmark-contract-evidence	retain	2026-07-28-bytecode-portable-workload-scale-calibration.md	6	789	9853577b5e8beae4966902c185fc39a6349625a14f496466f05679d8df1c19e3	v12/docs/perf-baselines/2026-07-28-bytecode-portable-scale-profile-manifest.tsv
untracked	2	benchmark-contract-evidence	retain	2026-07-28-bytecode-portable-workload-scale-calibration.md	6	540	b846c339877c700764c21df23c040ceb036222bb67ededf50f591e14037cc124	v12/docs/perf-baselines/2026-07-28-bytecode-portable-scale-profile-runs.tsv
untracked	2	benchmark-contract-evidence	retain	2026-07-28-bytecode-portable-workload-scale-calibration.md	49	4013	82848ad3a8305583795ac824407e96e186126c95b52ba1d89ec120baf037804f	v12/docs/perf-baselines/2026-07-28-bytecode-portable-scale-profiles/binarytrees.cpu-top.txt
untracked	2	benchmark-contract-evidence	retain	2026-07-28-bytecode-portable-workload-scale-calibration.md	49	4395	d484c12282e97eb46e423ac44bae1dff6e7d145967c07a019774a37ced15f4ae	v12/docs/perf-baselines/2026-07-28-bytecode-portable-scale-profiles/nbody.cpu-top.txt
untracked	2	benchmark-contract-evidence	retain	2026-07-28-bytecode-portable-workload-scale-calibration.md	49	4275	9bc880664015e6172a7c5e9f35dac61a45b9c5aefaea89331db6a69b6c32f3f6	v12/docs/perf-baselines/2026-07-28-bytecode-portable-scale-profiles/quicksort.cpu-top.txt
untracked	2	benchmark-contract-evidence	retain	2026-07-28-bytecode-portable-workload-scale-calibration.md	49	4894	e28866bb8ed23d0c6c80fa3da18703fffcbcfea33d35386cdb2a6227cde837f1	v12/docs/perf-baselines/2026-07-28-bytecode-portable-scale-profiles/sudoku_masks.cpu-top.txt
untracked	2	benchmark-contract-evidence	retain	2026-07-28-bytecode-portable-workload-scale-calibration.md	49	4834	50e4b2741bd97a43f5f3d005e3a0a7b67811383b269a44e44266e83b240171e3	v12/docs/perf-baselines/2026-07-28-bytecode-portable-scale-profiles/tapelang_alphabet.cpu-top.txt
untracked	2	benchmark-contract-evidence	retain	2026-07-28-bytecode-portable-workload-scale-calibration.md	8	2947	33f3576b9ab462baf69e309433add29d1b97496ceedb6f58a60ef698089c8bb8	v12/docs/perf-baselines/2026-07-28-bytecode-portable-scale-source-manifest.tsv
untracked	2	benchmark-contract-evidence	retain	2026-07-28-bytecode-portable-workload-scale-calibration.md	8	724	5ac14291a4e1dd8a4c7a35456bea1a99cab011d8fd9311b824e6fefd615303aa	v12/docs/perf-baselines/2026-07-28-bytecode-portable-scale-summary.tsv
untracked	2	benchmark-contract-evidence	retain	2026-07-28-bytecode-portable-workload-scale-calibration.md	3	216	381f864256b3c636e4db0278ec11dda44e83f3f20a42317bfc370bb2083458b6	v12/docs/perf-baselines/2026-07-28-bytecode-portable-scale-tapelang-input.tape
untracked	2	benchmark-contract-evidence	retain	2026-07-28-bytecode-portable-workload-scale-calibration.md	145	4555	89c96693f1b75cd4937fb144062bf4764e7a09ff4bb9f8f2309081027031870f	v12/docs/perf-baselines/2026-07-28-bytecode-portable-workload-scale-calibration.json
untracked	2	benchmark-contract-evidence	retain	2026-07-28-bytecode-portable-workload-scale-calibration.md	187	8471	f27edaece3dd24569b31e7798d2c94f2826be0b2eabf8ff603e8b1af553258a0	v12/docs/perf-baselines/2026-07-28-bytecode-portable-workload-scale-calibration.md
untracked	4	bytecode-semantic-boundary-closure	retain	2026-07-28-bytecode-semantic-boundary-reach-closure.md	255	8736	b4b557b59b505e160548bf92335648ab1dafe356429de5a369279687a9503a79	v12/docs/perf-baselines/2026-07-28-bytecode-semantic-boundary-reach-closure.json
untracked	4	bytecode-semantic-boundary-closure	retain	2026-07-28-bytecode-semantic-boundary-reach-closure.md	143	7481	5fd35a5a32af39b674a58720a4b46175ebd822fdd1006eb5566d27753cbd797c	v12/docs/perf-baselines/2026-07-28-bytecode-semantic-boundary-reach-closure.md
untracked	2	benchmark-contract-evidence	retain	2026-07-28-bytecode-portable-workload-scale-calibration.md	6	1315	458641124ed24131720dd95bdfe43727604d77054c5d44f0f6bb5029b70c007b	v12/docs/perf-baselines/2026-07-28-bytecode-timeout-admission-profile-manifest.tsv
untracked	2	benchmark-contract-evidence	retain	2026-07-28-bytecode-portable-workload-scale-calibration.md	49	4116	4d5da80c5ebe680ed68b7bbb89398e8a7f96366be185b4f2ec7e1ecb47899692	v12/docs/perf-baselines/2026-07-28-bytecode-timeout-admission-profiles/binarytrees.cpu-top.txt
untracked	2	benchmark-contract-evidence	retain	2026-07-28-bytecode-portable-workload-scale-calibration.md	49	4556	ddbd52a146747e8a47089986f6462494d4d34b4138ac5ef2f6d9c5ed6c408f5d	v12/docs/perf-baselines/2026-07-28-bytecode-timeout-admission-profiles/nbody.cpu-top.txt
untracked	2	benchmark-contract-evidence	retain	2026-07-28-bytecode-portable-workload-scale-calibration.md	49	4583	8c80af6780dbe173d6580570ddfb5b49ea9c2e43028026ce1f1cafec7a35139a	v12/docs/perf-baselines/2026-07-28-bytecode-timeout-admission-profiles/quicksort.cpu-top.txt
untracked	2	benchmark-contract-evidence	retain	2026-07-28-bytecode-portable-workload-scale-calibration.md	49	4865	d6b5f9dd031d369cf8e72d1d25405feecddb9b3282997866c548e0ca02af2f2c	v12/docs/perf-baselines/2026-07-28-bytecode-timeout-admission-profiles/sudoku_masks.cpu-top.txt
untracked	2	benchmark-contract-evidence	retain	2026-07-28-bytecode-portable-workload-scale-calibration.md	49	4816	ff93745b7076f91a58f09cca1b4fb68c04344a182300b56cd5bd0cef602caa4e	v12/docs/perf-baselines/2026-07-28-bytecode-timeout-admission-profiles/tapelang_alphabet.cpu-top.txt
untracked	2	benchmark-contract-evidence	retain	2026-07-28-bytecode-portable-workload-scale-calibration.md	6	1885	f0b9a106644be4181a4524aedbbe08be087db35096cf6c30a5ac8dc2a6ca3adb	v12/docs/perf-baselines/2026-07-28-bytecode-timeout-admission-stats-summary.tsv
untracked	2	benchmark-contract-evidence	retain	2026-07-28-bytecode-unranked-coverage-admission-search.md	135	4201	5639e76adcc7b4c5d5ab8200a4c4f7507985a8fb0b809201ff8f6598a9e4628f	v12/docs/perf-baselines/2026-07-28-bytecode-unranked-coverage-admission-search.json
untracked	2	benchmark-contract-evidence	retain	2026-07-28-bytecode-unranked-coverage-admission-search.md	166	7844	3957f119634624dae7f6ffb4f6c32fed1e70c6d712e5d1ac96228a99ef02afda	v12/docs/perf-baselines/2026-07-28-bytecode-unranked-coverage-admission-search.md
untracked	2	benchmark-contract-evidence	retain	2026-07-28-bytecode-unranked-coverage-admission-search.md	8	1512	9384caa267f51fd81e65e243ae13ecfa19efff3f8ef1337b5574a94ecb880a29	v12/docs/perf-baselines/2026-07-28-bytecode-unranked-coverage-status.tsv
untracked	2	benchmark-contract-evidence	retain	2026-07-28-bytecode-unranked-coverage-admission-search.md	11	959	1f4ae1ddf7cd08926f0fc8a34fd9625e0e6d0e3b1115787044e735c2f9f12444	v12/docs/perf-baselines/2026-07-28-bytecode-unranked-verifier-runs.tsv
untracked	2	benchmark-contract-evidence	retain	2026-07-28-mode-aware-benchmark-contract-closure.md	663	22948	f307b83e19198b720a548580a9c37ff2478f82aa7594e5070d6bafe1e1ad9261	v12/docs/perf-baselines/2026-07-28-mode-aware-benchmark-contract-async-bytecode-01-selected.json
untracked	2	benchmark-contract-evidence	retain	2026-07-28-mode-aware-benchmark-contract-closure.md	16	1257	72cd29d9e19666ee9166a59b2613fd6cc585793439f7c520e37b68fadb0eb6db	v12/docs/perf-baselines/2026-07-28-mode-aware-benchmark-contract-async-bytecode-01-selected.md
untracked	2	benchmark-contract-evidence	retain	2026-07-28-mode-aware-benchmark-contract-closure.md	866	30016	58072f4586095e2a09af9ee22108c590b0a1e532829db2759b347e360d06f5fc	v12/docs/perf-baselines/2026-07-28-mode-aware-benchmark-contract-async-bytecode-02-selected.json
untracked	2	benchmark-contract-evidence	retain	2026-07-28-mode-aware-benchmark-contract-closure.md	17	1450	0c8e15a72939904569dd5d1635c47353e9d95e0f8d3c55ac28b06fd34744f3ef	v12/docs/perf-baselines/2026-07-28-mode-aware-benchmark-contract-async-bytecode-02-selected.md
untracked	2	benchmark-contract-evidence	retain	2026-07-28-mode-aware-benchmark-contract-closure.md	518	17664	2145012a90d2fed6f28ef3bd2a2119f7db0965ad103f9f0013b667dd0cdb77d2	v12/docs/perf-baselines/2026-07-28-mode-aware-benchmark-contract-async-compiled-01-selected.json
untracked	2	benchmark-contract-evidence	retain	2026-07-28-mode-aware-benchmark-contract-closure.md	16	1120	6571688a776c0849b869c888b82df1af6f5b015f6aef5d26d0b580bc330b019c	v12/docs/perf-baselines/2026-07-28-mode-aware-benchmark-contract-async-compiled-01-selected.md
untracked	2	benchmark-contract-evidence	retain	2026-07-28-mode-aware-benchmark-contract-closure.md	673	22969	e205145ae7d25a13b6c7dcef69256a90797ff5499db707460e551f19fee70287	v12/docs/perf-baselines/2026-07-28-mode-aware-benchmark-contract-async-compiled-02-selected.json
untracked	2	benchmark-contract-evidence	retain	2026-07-28-mode-aware-benchmark-contract-closure.md	17	1299	2dd25e9d27db1b1581a75e0b2485b37c149bf5b883ff8391504bec3bf06451aa	v12/docs/perf-baselines/2026-07-28-mode-aware-benchmark-contract-async-compiled-02-selected.md
untracked	2	benchmark-contract-evidence	retain	2026-07-28-mode-aware-benchmark-contract-closure.md	376	12150	cc3e0b2baeb5a8d2b92482ba8496fa9438980c20087a09cd87d85045c361bf2c	v12/docs/perf-baselines/2026-07-28-mode-aware-benchmark-contract-async-go-reference.json
untracked	2	benchmark-contract-evidence	retain	2026-07-28-mode-aware-benchmark-contract-closure.md	18	1779	382e7b85f4f58f8a8ec054800c63db7da3d37fcc3741fe178d1d30c6d7b78ef7	v12/docs/perf-baselines/2026-07-28-mode-aware-benchmark-contract-async-go-reference.md
untracked	2	benchmark-contract-evidence	retain	2026-07-28-mode-aware-benchmark-contract-closure.md	793	25684	fdc5e6c0765ffc9472e0d5a2b690007b1420ee244ac42a5496844aa70ba9d586	v12/docs/perf-baselines/2026-07-28-mode-aware-benchmark-contract-async-interpreter-reference-selected.json
untracked	2	benchmark-contract-evidence	retain	2026-07-28-mode-aware-benchmark-contract-closure.md	26	3666	a68d9def0d9ec39f699d557e741ef3d87c4067edae21c07cb1c60c7b7547923b	v12/docs/perf-baselines/2026-07-28-mode-aware-benchmark-contract-async-interpreter-reference-selected.md
untracked	2	benchmark-contract-evidence	retain	2026-07-28-mode-aware-benchmark-contract-closure.md	165	8109	4d363b0ad68c1ea6f26474cce05a34d87c17648c6a42218f062c228cb441214c	v12/docs/perf-baselines/2026-07-28-mode-aware-benchmark-contract-closure.md
untracked	2	benchmark-contract-evidence	retain	2026-07-28-mode-aware-benchmark-contract-closure.md	1312	45518	bd0ffa2d4bb661f50d55a2732d2d43ae97d0e7bfd0ecac0739f0678eb82d3617	v12/docs/perf-baselines/2026-07-28-mode-aware-benchmark-contract-coverage-extra-bytecode-01-selected.json
untracked	2	benchmark-contract-evidence	retain	2026-07-28-mode-aware-benchmark-contract-closure.md	19	1835	bbac6c8912656f78ce97906f42bbedaf2275b1a55ec1e969227041fb751ac385	v12/docs/perf-baselines/2026-07-28-mode-aware-benchmark-contract-coverage-extra-bytecode-01-selected.md
untracked	2	benchmark-contract-evidence	retain	2026-07-28-mode-aware-benchmark-contract-closure.md	679	23526	f013ff02cccb9b35e3dd6808eb2fc8efc7b4e86c856af16e02f3d3ba4969584e	v12/docs/perf-baselines/2026-07-28-mode-aware-benchmark-contract-coverage-extra-bytecode-02-selected.json
untracked	2	benchmark-contract-evidence	retain	2026-07-28-mode-aware-benchmark-contract-closure.md	16	1269	f0acc0ca2c133c7a583529e71bca8dc66b7f17f7ae76ab46e70ba37211d4c975	v12/docs/perf-baselines/2026-07-28-mode-aware-benchmark-contract-coverage-extra-bytecode-02-selected.md
untracked	2	benchmark-contract-evidence	retain	2026-07-28-mode-aware-benchmark-contract-closure.md	890	30954	1ac7a52bf91f6e7e6a97d8fc0250b84892740c7c1a772eb3cf9f9a91f8752771	v12/docs/perf-baselines/2026-07-28-mode-aware-benchmark-contract-coverage-extra-bytecode-03-selected.json
untracked	2	benchmark-contract-evidence	retain	2026-07-28-mode-aware-benchmark-contract-closure.md	17	1483	fd97d4e0690832b2d636a83eca715074734e966d88559d51bbc05132bf64c018	v12/docs/perf-baselines/2026-07-28-mode-aware-benchmark-contract-coverage-extra-bytecode-03-selected.md
untracked	2	benchmark-contract-evidence	retain	2026-07-28-mode-aware-benchmark-contract-closure.md	1077	37588	de4ef47e721b5746416a11545493c3fe598581a581b1430e85338eac99168f9d	v12/docs/perf-baselines/2026-07-28-mode-aware-benchmark-contract-coverage-extra-bytecode-04-selected.json
untracked	2	benchmark-contract-evidence	retain	2026-07-28-mode-aware-benchmark-contract-closure.md	18	1708	ed669f7a2fa5815dc685e073eb8d0c7319da83e8177b37571c027b64d8abb409	v12/docs/perf-baselines/2026-07-28-mode-aware-benchmark-contract-coverage-extra-bytecode-04-selected.md
untracked	2	benchmark-contract-evidence	retain	2026-07-28-mode-aware-benchmark-contract-closure.md	241	8367	b402701d2ca78b5bfa957a5c245c6113240abedd6043404afe5b1a3209181c40	v12/docs/perf-baselines/2026-07-28-mode-aware-benchmark-contract-coverage-extra-bytecode-05-selected.json
untracked	2	benchmark-contract-evidence	retain	2026-07-28-mode-aware-benchmark-contract-closure.md	14	918	9600b32d90dcd540155e685248b20417dd3d6441e57624161ee767a5c8c05fb4	v12/docs/perf-baselines/2026-07-28-mode-aware-benchmark-contract-coverage-extra-bytecode-05-selected.md
untracked	2	benchmark-contract-evidence	retain	2026-07-28-mode-aware-benchmark-contract-closure.md	4119	145040	0f707dd26d63c48d6e96b84625e8bcd53ac77d07c18088de341ee118734953a9	v12/docs/perf-baselines/2026-07-28-mode-aware-benchmark-contract-coverage-extra-bytecode-06-selected.json
untracked	2	benchmark-contract-evidence	retain	2026-07-28-mode-aware-benchmark-contract-closure.md	32	4611	c554a6503f2d9e0596824bad595eaea2a24cc9a42240dc43ccebad98ebac0146	v12/docs/perf-baselines/2026-07-28-mode-aware-benchmark-contract-coverage-extra-bytecode-06-selected.md
untracked	2	benchmark-contract-evidence	retain	2026-07-28-mode-aware-benchmark-contract-closure.md	1023	34871	21654988dcf48cf383f165dd3b809a28f42f4105c5150822295654533df4f181	v12/docs/perf-baselines/2026-07-28-mode-aware-benchmark-contract-coverage-extra-compiled-01-selected.json
untracked	2	benchmark-contract-evidence	retain	2026-07-28-mode-aware-benchmark-contract-closure.md	19	1639	858c5926bb71be368299d31c57bbd462c16fd0b3486e826f3908a4a00255bcc0	v12/docs/perf-baselines/2026-07-28-mode-aware-benchmark-contract-coverage-extra-compiled-01-selected.md
untracked	2	benchmark-contract-evidence	retain	2026-07-28-mode-aware-benchmark-contract-closure.md	534	18201	4fe21a1ee45151ccb24a64438e5ae2ab42e118119488538a51878edcc08ad327	v12/docs/perf-baselines/2026-07-28-mode-aware-benchmark-contract-coverage-extra-compiled-02-selected.json
untracked	2	benchmark-contract-evidence	retain	2026-07-28-mode-aware-benchmark-contract-closure.md	16	1129	46993c538dbc4e4c3c982b126815aac77c17dda157f0a3e274d54d2d45434097	v12/docs/perf-baselines/2026-07-28-mode-aware-benchmark-contract-coverage-extra-compiled-02-selected.md
untracked	2	benchmark-contract-evidence	retain	2026-07-28-mode-aware-benchmark-contract-closure.md	697	23833	ed70c59493eaf1ec771e2595494e3a5a5439d3e6350bc7d6a30e54eb21bd6d9d	v12/docs/perf-baselines/2026-07-28-mode-aware-benchmark-contract-coverage-extra-compiled-03-selected.json
untracked	2	benchmark-contract-evidence	retain	2026-07-28-mode-aware-benchmark-contract-closure.md	17	1321	e7d7736d0f7d84a89c6ce68b2c8d2fb6db2f2490963ccd4fb55e3424698e8612	v12/docs/perf-baselines/2026-07-28-mode-aware-benchmark-contract-coverage-extra-compiled-03-selected.md
untracked	2	benchmark-contract-evidence	retain	2026-07-28-mode-aware-benchmark-contract-closure.md	836	28693	278d2832ffdf9c673ff2ea9de7e54d14cf848c3b924cb5f67b2c5fad45906a19	v12/docs/perf-baselines/2026-07-28-mode-aware-benchmark-contract-coverage-extra-compiled-04-selected.json
untracked	2	benchmark-contract-evidence	retain	2026-07-28-mode-aware-benchmark-contract-closure.md	18	1530	1520a5d04e9523d004550debfa2bb4a33e51dc63ce3c9d7cbacaed9175945c8a	v12/docs/perf-baselines/2026-07-28-mode-aware-benchmark-contract-coverage-extra-compiled-04-selected.md
untracked	2	benchmark-contract-evidence	retain	2026-07-28-mode-aware-benchmark-contract-closure.md	192	6548	21d2568aaa748bc183de618796f68e170125a2735155651a9752641f7bfc96ff	v12/docs/perf-baselines/2026-07-28-mode-aware-benchmark-contract-coverage-extra-compiled-05-selected.json
untracked	2	benchmark-contract-evidence	retain	2026-07-28-mode-aware-benchmark-contract-closure.md	14	815	26f80db8dad607262934b9ca3a276d167d4544a8efd93ecdf2bf94b254f16ef5	v12/docs/perf-baselines/2026-07-28-mode-aware-benchmark-contract-coverage-extra-compiled-05-selected.md
untracked	2	benchmark-contract-evidence	retain	2026-07-28-mode-aware-benchmark-contract-closure.md	3206	111450	119f5e55389534ab097a007728b6f65cca20d57fe2c58b4867e995930ff9c61f	v12/docs/perf-baselines/2026-07-28-mode-aware-benchmark-contract-coverage-extra-compiled-06-selected.json
untracked	2	benchmark-contract-evidence	retain	2026-07-28-mode-aware-benchmark-contract-closure.md	32	4179	edcca0184e12c489e4962b3ee0714356859c4e2bfdf6040b3a84aa2b37b25550	v12/docs/perf-baselines/2026-07-28-mode-aware-benchmark-contract-coverage-extra-compiled-06-selected.md
untracked	2	benchmark-contract-evidence	retain	2026-07-28-mode-aware-benchmark-contract-closure.md	1988	64885	9701bdbbe6516a39c1583858ae7dce42c704596a53282e514f2ba749b3a8f234	v12/docs/perf-baselines/2026-07-28-mode-aware-benchmark-contract-coverage-extra-go-reference.json
untracked	2	benchmark-contract-evidence	retain	2026-07-28-mode-aware-benchmark-contract-closure.md	49	8424	b1ecab86dea18e2266d9e528627a15bce13d5196f59b5b5a1dcf5996cbd68fd6	v12/docs/perf-baselines/2026-07-28-mode-aware-benchmark-contract-coverage-extra-go-reference.md
untracked	2	benchmark-contract-evidence	retain	2026-07-28-mode-aware-benchmark-contract-closure.md	4203	137283	2d48997f21878c6e43e8c6c0589522170b30963d806a5e60a397d6b680365833	v12/docs/perf-baselines/2026-07-28-mode-aware-benchmark-contract-coverage-extra-interpreter-reference-selected.json
untracked	2	benchmark-contract-evidence	retain	2026-07-28-mode-aware-benchmark-contract-closure.md	88	18258	bd65657e1386ff9408e1387eba7face9d9a3881e7e682a73ebdffe7bd53783b3	v12/docs/perf-baselines/2026-07-28-mode-aware-benchmark-contract-coverage-extra-interpreter-reference-selected.md
untracked	2	benchmark-contract-evidence	retain	2026-07-28-mode-aware-benchmark-contract-closure.md	661	22540	3cfbb5b1ab98cd894d912703120049ce7b8ca48a340cfa1ce607f3ef782aee5c	v12/docs/perf-baselines/2026-07-28-mode-aware-benchmark-contract-generality-bytecode-01-selected.json
untracked	2	benchmark-contract-evidence	retain	2026-07-28-mode-aware-benchmark-contract-closure.md	16	1227	dcc7f6166555cd946a5cf1a833f71b37a078216bbf24df53026ee30955ddcddc	v12/docs/perf-baselines/2026-07-28-mode-aware-benchmark-contract-generality-bytecode-01-selected.md
untracked	2	benchmark-contract-evidence	retain	2026-07-28-mode-aware-benchmark-contract-closure.md	455	15565	b0369ca1b9bd78ac62cfc6c9b283bafff596043e5a0cf7fe6d500a4349c3730a	v12/docs/perf-baselines/2026-07-28-mode-aware-benchmark-contract-generality-bytecode-02-selected.json
untracked	2	benchmark-contract-evidence	retain	2026-07-28-mode-aware-benchmark-contract-closure.md	15	1060	c39293662927f731a2f358f3c774dbbf707d22a848b547b722e9903f8abea2d7	v12/docs/perf-baselines/2026-07-28-mode-aware-benchmark-contract-generality-bytecode-02-selected.md
untracked	2	benchmark-contract-evidence	retain	2026-07-28-mode-aware-benchmark-contract-closure.md	663	22673	0d04793db13fce8cd6419029f75a21a1e965fbc5d67888d84cdb2073a81d9063	v12/docs/perf-baselines/2026-07-28-mode-aware-benchmark-contract-generality-bytecode-03-selected.json
untracked	2	benchmark-contract-evidence	retain	2026-07-28-mode-aware-benchmark-contract-closure.md	16	1208	4377e39c45e21727d4a5551cc2af0a49eb74994bc9a2f8ee23643128d8d77f3a	v12/docs/perf-baselines/2026-07-28-mode-aware-benchmark-contract-generality-bytecode-03-selected.md
untracked	2	benchmark-contract-evidence	retain	2026-07-28-mode-aware-benchmark-contract-closure.md	657	22544	4b154da4ff3b0367bc33a0ef34615c5b8f36fc65ae648ca5b0e22a77115be12b	v12/docs/perf-baselines/2026-07-28-mode-aware-benchmark-contract-generality-bytecode-04-selected.json
untracked	2	benchmark-contract-evidence	retain	2026-07-28-mode-aware-benchmark-contract-closure.md	16	1233	021cae5d1f6f36a018e1e5428edb1bfbf084fe319074bedc3a37d2c7b936a6cb	v12/docs/perf-baselines/2026-07-28-mode-aware-benchmark-contract-generality-bytecode-04-selected.md
untracked	2	benchmark-contract-evidence	retain	2026-07-28-mode-aware-benchmark-contract-closure.md	671	23304	bdd1c993ca35d3fe271d87081e640672fae46c35ee2dbc3756b59c0aa49bf6af	v12/docs/perf-baselines/2026-07-28-mode-aware-benchmark-contract-generality-bytecode-05-selected.json
untracked	2	benchmark-contract-evidence	retain	2026-07-28-mode-aware-benchmark-contract-closure.md	16	1266	a89b3849145394c3de67d83d7f15ffb71abc4818d67ba8497183948db80e525f	v12/docs/perf-baselines/2026-07-28-mode-aware-benchmark-contract-generality-bytecode-05-selected.md
untracked	2	benchmark-contract-evidence	retain	2026-07-28-mode-aware-benchmark-contract-closure.md	454	15563	be9025263ff5175b8cb21409cc8c35943433601df1fb0e07700990d6349eb1be	v12/docs/perf-baselines/2026-07-28-mode-aware-benchmark-contract-generality-bytecode-06-selected.json
untracked	2	benchmark-contract-evidence	retain	2026-07-28-mode-aware-benchmark-contract-closure.md	15	1061	a71c60a88c2afff55c1d24dd45259ab8f6215c21d614c988eb3c4f300feb7d5f	v12/docs/perf-baselines/2026-07-28-mode-aware-benchmark-contract-generality-bytecode-06-selected.md
untracked	2	benchmark-contract-evidence	retain	2026-07-28-mode-aware-benchmark-contract-closure.md	444	15210	ed97a0b8b703c5cca41823d5e48d2f7a5f501c8a46833c6a426958514bd6c22f	v12/docs/perf-baselines/2026-07-28-mode-aware-benchmark-contract-generality-bytecode-07-selected.json
untracked	2	benchmark-contract-evidence	retain	2026-07-28-mode-aware-benchmark-contract-closure.md	15	1057	25c5b9094ca1fb2988a11921b1ab66b17582f7d9ddbba7f1c54325c1bc666af0	v12/docs/perf-baselines/2026-07-28-mode-aware-benchmark-contract-generality-bytecode-07-selected.md
untracked	2	benchmark-contract-evidence	retain	2026-07-28-mode-aware-benchmark-contract-closure.md	516	17249	dba04860a9c16e03c7b957e5b2fa70a6fc4916a091ad6275aa3d8d2d369e279f	v12/docs/perf-baselines/2026-07-28-mode-aware-benchmark-contract-generality-compiled-01-selected.json
untracked	2	benchmark-contract-evidence	retain	2026-07-28-mode-aware-benchmark-contract-closure.md	16	1090	1a3904b07854f39e1beff40e3c9dc1e667e0ce22552bd8f31011004ea93ab5da	v12/docs/perf-baselines/2026-07-28-mode-aware-benchmark-contract-generality-compiled-01-selected.md
untracked	2	benchmark-contract-evidence	retain	2026-07-28-mode-aware-benchmark-contract-closure.md	358	11951	0a6123c08a5a452668d9da4f8cd2713445128504596fda3e046afc69afebd942	v12/docs/perf-baselines/2026-07-28-mode-aware-benchmark-contract-generality-compiled-02-selected.json
untracked	2	benchmark-contract-evidence	retain	2026-07-28-mode-aware-benchmark-contract-closure.md	15	935	178c5a67de741fcc07e79c01013771ca3d01820c8b4ca5db28173f501cc30d20	v12/docs/perf-baselines/2026-07-28-mode-aware-benchmark-contract-generality-compiled-02-selected.md
untracked	2	benchmark-contract-evidence	retain	2026-07-28-mode-aware-benchmark-contract-closure.md	518	17365	4d4f0d780390461fd5429341f14b58b9ac6d543dc23def96270563f59586ec18	v12/docs/perf-baselines/2026-07-28-mode-aware-benchmark-contract-generality-compiled-03-selected.json
untracked	2	benchmark-contract-evidence	retain	2026-07-28-mode-aware-benchmark-contract-closure.md	16	1072	9d070e4aed96b0fe4ee76b48c1b29b27dd5b0e540b0f25d0e48b993a23876718	v12/docs/perf-baselines/2026-07-28-mode-aware-benchmark-contract-generality-compiled-03-selected.md
untracked	2	benchmark-contract-evidence	retain	2026-07-28-mode-aware-benchmark-contract-closure.md	512	17209	000a1ee75a0dcff016abd249192e99c76f7b1b1ba112ceac72cd10c29fcab385	v12/docs/perf-baselines/2026-07-28-mode-aware-benchmark-contract-generality-compiled-04-selected.json
untracked	2	benchmark-contract-evidence	retain	2026-07-28-mode-aware-benchmark-contract-closure.md	16	1096	0249a6f4f1742b55978eab489d5689d7400dad3ce8152eecf805d27cec8e1ada	v12/docs/perf-baselines/2026-07-28-mode-aware-benchmark-contract-generality-compiled-04-selected.md
untracked	2	benchmark-contract-evidence	retain	2026-07-28-mode-aware-benchmark-contract-closure.md	526	17942	6193d69e7676bf95ac3887d1551a0322b6f596d50e822b8aaf5f8a369b7d9ea7	v12/docs/perf-baselines/2026-07-28-mode-aware-benchmark-contract-generality-compiled-05-selected.json
untracked	2	benchmark-contract-evidence	retain	2026-07-28-mode-aware-benchmark-contract-closure.md	16	1125	f2c241208ecdc270fdd0ccbf095f301671a94fd6b42978fe8b952fb540ed9fe0	v12/docs/perf-baselines/2026-07-28-mode-aware-benchmark-contract-generality-compiled-05-selected.md
untracked	2	benchmark-contract-evidence	retain	2026-07-28-mode-aware-benchmark-contract-closure.md	357	11950	6b32c952d71da32b65d3aedd5e6de94cf8bbf598e85e9187f22eabcad27525a8	v12/docs/perf-baselines/2026-07-28-mode-aware-benchmark-contract-generality-compiled-06-selected.json
untracked	2	benchmark-contract-evidence	retain	2026-07-28-mode-aware-benchmark-contract-closure.md	15	937	1b3c12aaa25dd562e04d9b9147ef3669fc40abb532a37b9ab81f4653c87ffff1	v12/docs/perf-baselines/2026-07-28-mode-aware-benchmark-contract-generality-compiled-06-selected.md
untracked	2	benchmark-contract-evidence	retain	2026-07-28-mode-aware-benchmark-contract-closure.md	347	11644	daa75c3f8fb38e242d92a42517f9b8045e65f9e4c33233ac24703d21b6835e95	v12/docs/perf-baselines/2026-07-28-mode-aware-benchmark-contract-generality-compiled-07-selected.json
untracked	2	benchmark-contract-evidence	retain	2026-07-28-mode-aware-benchmark-contract-closure.md	15	937	13bac212b714f141e7315093558b80bf15b80d13dc64f9097b3df3f2b0512173	v12/docs/perf-baselines/2026-07-28-mode-aware-benchmark-contract-generality-compiled-07-selected.md
untracked	2	benchmark-contract-evidence	retain	2026-07-28-mode-aware-benchmark-contract-closure.md	952	30740	ef4c5727bb24982e00568419f79ca824bd330cfe5d1544d21df26ee49b6b7f53	v12/docs/perf-baselines/2026-07-28-mode-aware-benchmark-contract-generality-go-reference.json
untracked	2	benchmark-contract-evidence	retain	2026-07-28-mode-aware-benchmark-contract-closure.md	29	4250	7c39bb01baa38c6d2922d0936ac775a46f25db73eaff462e1ef94969b286e966	v12/docs/perf-baselines/2026-07-28-mode-aware-benchmark-contract-generality-go-reference.md
untracked	2	benchmark-contract-evidence	retain	2026-07-28-mode-aware-benchmark-contract-closure.md	2011	65230	ce5da0eefa2032e995dac68c9793d8e2280db865748a558e22c6420f08275401	v12/docs/perf-baselines/2026-07-28-mode-aware-benchmark-contract-generality-interpreter-reference-selected.json
untracked	2	benchmark-contract-evidence	retain	2026-07-28-mode-aware-benchmark-contract-closure.md	48	9069	d6902bf87ad8c5ef9a45a8724e0483449c3ba82ed9ea80fb19135ecddaf75956	v12/docs/perf-baselines/2026-07-28-mode-aware-benchmark-contract-generality-interpreter-reference-selected.md
untracked	2	benchmark-contract-evidence	retain	2026-07-28-mode-aware-benchmark-contract-closure.md	140	214682	3b1a48053e4a9330c1fbeda258f730504d992ac761a2e6fff64c131d9074d9ac	v12/docs/perf-baselines/2026-07-28-mode-aware-benchmark-contract-refresh.json
untracked	2	benchmark-contract-evidence	retain	2026-07-28-mode-aware-benchmark-contract-closure.md	191	20698	1170efcc1066c8da93a48de4dbd4796c948a40b9b04b4471d39e23a330234a12	v12/docs/perf-baselines/2026-07-28-mode-aware-benchmark-contract-refresh.md
untracked	2	benchmark-contract-evidence	retain	2026-07-28-mode-aware-benchmark-contract-closure.md	872	29662	323bc0ebbd81dff9ab1275bcb0fcda48f6022bf429ffd193517d0610f7ce1c26	v12/docs/perf-baselines/2026-07-28-mode-aware-benchmark-contract-stability-bytecode.json
untracked	2	benchmark-contract-evidence	retain	2026-07-28-mode-aware-benchmark-contract-closure.md	17	1309	cba25bf3ec54660cab2184b89b2a80f72ecea6ea66aa0c3caef579c069c24688	v12/docs/perf-baselines/2026-07-28-mode-aware-benchmark-contract-stability-bytecode.md
untracked	2	benchmark-contract-evidence	retain	2026-07-28-mode-aware-benchmark-contract-closure.md	1011	34035	4f409bd96ae32fdfa58ade6ad781845de5a4927e55ce39044c48bbd82547f4af	v12/docs/perf-baselines/2026-07-28-mode-aware-benchmark-contract-stability-compiled.json
untracked	2	benchmark-contract-evidence	retain	2026-07-28-mode-aware-benchmark-contract-closure.md	19	1493	9870b43b6058e145e283fad528b9020cd0c9129e0deb18709ecdf4932d44f7af	v12/docs/perf-baselines/2026-07-28-mode-aware-benchmark-contract-stability-compiled.md
untracked	2	benchmark-contract-evidence	retain	2026-07-28-mode-aware-benchmark-contract-closure.md	8	272	d8126a7ee93174b48c3c597839bac1620f3ab7b6babe10e23eb0f95c1d3bc28b	v12/docs/perf-baselines/2026-07-28-mode-aware-benchmark-contract-stdlib-source-state.json
tracked-modified	6	compiler-release-readiness	retain	2026-07-28-v12-correctness-release-readiness-closure.md	153	6935	ba4ccfc6ae320d11149f30b18b886247888ec230f494f8762e71c45d6a8c5bc7	v12/docs/perf-baselines/2026-07-28-v12-correctness-release-readiness-closure.md
tracked-modified	2	benchmark-contract-evidence	retain	2026-07-28-mode-aware-benchmark-contract-closure.md	140	214682	3b1a48053e4a9330c1fbeda258f730504d992ac761a2e6fff64c131d9074d9ac	v12/docs/perf-baselines/external-scoreboard-current.json
tracked-modified	2	benchmark-contract-evidence	retain	2026-07-28-mode-aware-benchmark-contract-closure.md	191	20698	1170efcc1066c8da93a48de4dbd4796c948a40b9b04b4471d39e23a330234a12	v12/docs/perf-baselines/external-scoreboard-current.md
tracked-modified	hold	deferred-wasm	hold	deferred-wasm	163	6216	bb72614c797b28650bce09915e6d3de9e5a94d89918187ad0cc302c5f90e7de7	v12/docs/wasm-host-abi.md
untracked	hold	deferred-wasm	hold	deferred-wasm	75	3343	07b56a937feadc1f523115e1ba74b0bd8d6297630ba2eeb3100c78142622d97e	v12/docs/wasm-host-output-bridge.md
untracked	hold	deferred-wasm	hold	deferred-wasm	101	5261	829729f2b51305660557e827a0c45377e7c3b3ff669951389997dd3a3a9abeee	v12/docs/wasm-prototype-status.md
untracked	hold	deferred-wasm	hold	deferred-wasm	186	7779	13ffc9b7e3f4270fc73e832dc47ec039a709188d9cb0f434f0ac4082c9beb140	v12/docs/wasm-source-module-loader.md
tracked-modified	1	benchmark-contract-implementation	retain	2026-07-28-mode-aware-benchmark-contract-closure.md	112	2326	b2e5cd3b3f439960e39e04b2da675321e9bc45c1b5d811bdb9d61069bb168eeb	v12/examples/benchmarks/binarytrees.able
tracked-modified	1	benchmark-contract-implementation	retain	2026-07-28-mode-aware-benchmark-contract-closure.md	36	630	96683db985102a2ae6d82919b95c1da572febe499cccd2490971dcd9647019cd	v12/examples/benchmarks/fib.able
tracked-modified	1	benchmark-contract-implementation	retain	2026-07-28-mode-aware-benchmark-contract-closure.md	101	1959	ac3f407e202dd793db41431eb7b5b26e0c60472583e552624bad5ceca404c123	v12/examples/benchmarks/matrixmultiply.able
tracked-modified	1	benchmark-contract-implementation	retain	2026-07-28-mode-aware-benchmark-contract-closure.md	180	4672	7d0cb3f9291be2577e7726e6868deaaf2399223acfe48a666226d7ac697f8e49	v12/examples/benchmarks/nbody.able
tracked-modified	1	benchmark-contract-implementation	retain	2026-07-28-mode-aware-benchmark-contract-closure.md	89	1856	13dc68cc43b87d80d21943a45ca24f0722614f3b151f2ed26ef4f1025b103338	v12/examples/benchmarks/quicksort/quicksort.able
tracked-modified	1	benchmark-contract-implementation	retain	2026-07-28-mode-aware-benchmark-contract-closure.md	222	4903	222b321f579d7b2a84f4bc0fd379064a7ebe554bd83169782b28d04eaaab90e0	v12/examples/benchmarks/sudoku_masks/sudoku_masks.able
tracked-modified	hold	deferred-wasm	hold	deferred-wasm	72	1902	552e53c230c2e6cdc906744c2ac3fb948e546e06f4e649ab7520698a956c909c	v12/interpreters/go/cmd/ablewasm/main_js_wasm.go
tracked-modified	6	compiler-release-readiness	retain	2026-07-28-v12-correctness-release-readiness-closure.md	356	10760	df8c761071b6122e428e47ab63db87fd5f8920dd5dbfb672540d70d15f0cff81	v12/interpreters/go/pkg/compiler/compiler_concurrency_parity_test.go
tracked-modified	6	compiler-release-readiness	retain	2026-07-28-v12-correctness-release-readiness-closure.md	377	10389	45404562da94ab16bad31685dcb70e75d2d495c8951726941fb85454276e0dcd	v12/interpreters/go/pkg/compiler/compiler_diagnostics_parity_test.go
tracked-modified	6	compiler-release-readiness	retain	2026-07-28-v12-correctness-release-readiness-closure.md	928	31641	c2ed7a376e6ecfc2dbf7a2660de30eaae07dcbfe16517c9323f6a5f012bf3677	v12/interpreters/go/pkg/compiler/compiler_native_interface_generic_test.go
untracked	hold	deferred-wasm	hold	deferred-wasm	19	587	d16d5096bf856d53fed1dbef7e8db8de2040273718f901a490204c3c61407085	v12/interpreters/go/pkg/interpreter/bytecode_i32_frame_proof_wasm.go
untracked	hold	deferred-wasm	hold	deferred-wasm	9	221	36f8ebbca98f41533c98e188f429fef3d67ec95e6eb0a52b53fd8ea320c1b20b	v12/interpreters/go/pkg/interpreter/bytecode_scalar_proof_wasm.go
untracked	hold	deferred-wasm	hold	deferred-wasm	38	1067	9a41ed27c7efc991541a1e99fcfe8c94c8d760d3bb7125d20e212d152864ad48	v12/interpreters/go/pkg/interpreter/bytecode_type_proofs_wasm.go
untracked	hold	deferred-wasm	hold	deferred-wasm	81	2272	a3f31b6772d711468976db190fbef554d2130ed8788e1f043eef2e4e5cea2214	v12/interpreters/go/pkg/interpreter/extern_host_wasm.go
untracked	hold	deferred-wasm	hold	deferred-wasm	49	1393	39545e11b8fc2be6352be5c58cf0a3bfec95c976e33f81c7e43d7d93a7652468	v12/interpreters/go/pkg/interpreter/interpreter_typecheck_wasm.go
untracked	hold	deferred-wasm	hold	deferred-wasm	17	489	95ca28d5c570991d509b3c9b7820e1624d46ae1536f0df7ad575ce15c4cfb2fd	v12/interpreters/go/pkg/interpreter/interpreter_typechecker_state_wasm.go
tracked-modified	hold	deferred-wasm	hold	deferred-wasm	179	4018	b16863701f4704bf2d7dd0023564e1af60a26ba19389cfcdb1112877f42cdc56	v12/interpreters/go/pkg/interpreter/runtime_diagnostics_wasm.go
untracked	hold	deferred-wasm	hold	deferred-wasm	12	250	f091ad15b8bb5b0785a07ed092b38976b89d151a2a6284318e5cf258384bdf5b	v12/interpreters/go/pkg/interpreter/static_receiver_type_hints_wasm.go
tracked-modified	hold	deferred-wasm	hold	deferred-wasm	231	7462	831356ee08612c313b88859c5d17e715e5c368aa1f7a8f7705e3e15d871529c2	v12/interpreters/go/pkg/wasmhost/evaluator.go
tracked-modified	hold	deferred-wasm	hold	deferred-wasm	228	7106	2d9416240c88eec84463354bb2fc960c9a62cfb670866a440292373a9ffdf19e	v12/interpreters/go/pkg/wasmhost/evaluator_test.go
tracked-modified	6	compiler-release-readiness	retain	2026-07-28-v12-correctness-release-readiness-closure.md	395	13382	ae926b867baa7a3b96c1ae752aaa110cf72f2d71e95f51d78d5c5882fb4f1ad6	v12/run_all_tests.sh
tracked-modified	hold	deferred-wasm	hold	deferred-wasm	122	4564	dfecdf43f7d721fd84635c57b1edfbce40e686126e7cf5dad931c41fb905cafd	v12/wasm/README.md
tracked-modified	hold	deferred-wasm	hold	deferred-wasm	402	10339	5853fe8dce17def1b0994110bf7a23703e462b34f0dd80901b982ffd6e2d6afd	v12/wasm/ast_adapter.mjs
untracked	hold	deferred-wasm	hold	deferred-wasm	15	472	d377b7b0c6945aabe1cdcf7f91799d17921895c67052e4e74b22b790c3407fb7	v12/wasm/browser_smoke.html
untracked	hold	deferred-wasm	hold	deferred-wasm	145	4426	8cd1c6c5de7f16fe131a925de920ae52294399f5aed5ab92540808a5c2ef450d	v12/wasm/browser_smoke.mjs
untracked	hold	deferred-wasm	hold	deferred-wasm	202	7301	a65d1904a162fe057a4433e560df6b9979f36dbaa05203ba7009ce139634f1f4	v12/wasm/browser_smoke.test.mjs
untracked	hold	deferred-wasm	hold	deferred-wasm	256	8343	0481cbb4b60de2bc7f643f1f7dc18b87f1cdc1d0e14b91275e5c04304f6cb44a	v12/wasm/module_loader.mjs
untracked	hold	deferred-wasm	hold	deferred-wasm	123	3571	35faa2aaa839b56421ec4542d80d9bae0c97bc4e4050f5f61737cc16f6391e3e	v12/wasm/module_loader.test.mjs
untracked	hold	deferred-wasm	hold	deferred-wasm	25	843	24998e92528b9835bb9dbafa09b89180a39b13f2137e16af8b2bb86a70e05b3d	v12/wasm/node_ast_parser.mjs
untracked	hold	deferred-wasm	hold	deferred-wasm	19	568	4246304e7edbed8ebc9aeb217226cfb3199cd7c2d30825aad06fef6e7f1473a6	v12/wasm/node_source_provider.mjs
tracked-modified	hold	deferred-wasm	hold	deferred-wasm	286	8963	97a54b3963cf94b84d7bf0eb80c092e80be69830665f434e74f204e91385636b	v12/wasm/run_prototype.mjs
untracked	hold	deferred-wasm	hold	deferred-wasm	24	600	ba25c89c60c9bb8263dd3cc0c5bd028230ce5a4746bca145ce3299889a7746f0	v12/wasm/samples/addition.ast.json
untracked	hold	deferred-wasm	hold	deferred-wasm	27	666	f1890f577bf36b8ccdb2b9bfaf632b32c308942aaae52b2e8f791cdf767b91b8	v12/wasm/samples/extern-go-unavailable.ast.json
untracked	hold	deferred-wasm	hold	deferred-wasm	9	97	a031a15309dfcc8e2db062ba1cc15d8e194c09445ccf932222ab2b1218aca02d	v12/wasm/samples/host-error.ast.json
untracked	hold	deferred-wasm	hold	deferred-wasm	24	397	93781903139b8396b04d431c3a7a7c775baef219ebb8358b135713ac7255ee08	v12/wasm/samples/host-output.ast.json
untracked	hold	deferred-wasm	hold	deferred-wasm	3	24	91609b9103897c9c2845beac58b0a1034a8953c7771cdb35b23ed6e5f5b05e15	v12/wasm/samples/modules/dep.able
untracked	hold	deferred-wasm	hold	deferred-wasm	6	56	bf4de94bce498adf6fa49cd7475bc88eae080388cd3060685db89fbe6db5cc7f	v12/wasm/samples/modules/main.able
untracked	hold	deferred-wasm	hold	deferred-wasm	5	52	72b70be0c839320021300191292c1b9f03296f24e8b8570b25445dc8fbcee0cd	v12/wasm/samples/modules/math.able
untracked	hold	deferred-wasm	hold	deferred-wasm	26	780	8add2d9f8b812b1c5dce4a82b3b6154a258ddc169861802bc36e24e4f9394070	v12/wasm/source_request.mjs
untracked	hold	deferred-wasm	hold	deferred-wasm	87	2556	24490912c67183e5484bc7c783f6d416043a36db139a9b5fc59b315a1c9ae520	v12/wasm/source_request.test.mjs
