opcode	total_count	applications_nonzero	max_application_share_percent
ArrayIndexGetSlot	102912	1	2.569570050
ArrayIndexSetSlot	0	0	0.000000000
ArrayIndexSwapSlot	0	0	0.000000000
ArrayLiteral	3264	3	0.280263842
ArrayReadSlot	4423804	4	3.829021521
ArrayReadSlotI32	0	0	0.000000000
ArraySlotSwapSlot	0	0	0.000000000
AssignName	743776	10	2.114263363
AssignNameCompound	0	0	0.000000000
AssignPattern	38	7	0.000834411
Await	3264	3	0.280263842
Binary	16658667	17	8.117225569
BinaryCastSlotFloatConstDiv	0	0	0.000000000
BinaryFloatMulSlotConst	15620696	1	5.945207828
BinaryI32Add	194	1	0.001102781
BinaryI32Sub	0	0	0.000000000
BinaryIntAdd	33989291	21	16.467890331
BinaryIntAddSlotConst	529688	4	0.743973544
BinaryIntCompareSlotConst	32986	4	1.268661339
BinaryIntDivCast	0	0	0.000000000
BinaryIntLessEqual	36188	1	0.044160560
BinaryIntLessEqualSlotConst	30164	3	1.167301617
BinaryIntModSlotConst	570576	4	5.432682160
BinaryIntMulSlotConst	2008857	14	16.067085661
BinaryIntSub	16475422	8	6.042016390
BinaryIntSubSlotConst	40	2	0.000092669
BindPattern	0	0	0.000000000
BoxI32	18157	3	0.520306999
BreakLabel	0	0	0.000000000
BreakSignal	0	0	0.000000000
Breakpoint	0	0	0.000000000
Call	62578	3	1.653144726
CallMember	2881905	16	7.532819480
CallMemberArrayGet	2800631	7	3.571428571
CallMemberArrayNew	0	0	0.000000000
CallMemberArraySlot	21642384	13	16.665050157
CallMemberNext	1795038	2	2.438200667
CallName	16437071	25	10.714285714
CallSelf	19	1	0.000023186
CallSelfIntSubSlotConst	0	0	0.000000000
CallStaticMember	5404845	24	4.554373413
Cast	9984616	20	10.421438610
CompoundAssignImplicitSlot	0	0	0.000000000
CompoundAssignSlot	0	0	0.000000000
CompoundAssignSlotI32	0	0	0.000000000
Const	43584320	25	16.407046784
ConstI32	195	2	0.001102781
ContinueSignal	0	0	0.000000000
DeclareName	1021742	10	2.015057230
DefineExtern	0	0	0.000000000
DefineFunction	0	0	0.000000000
DefineImplementation	0	0	0.000000000
DefineInterface	0	0	0.000000000
DefineMethods	0	0	0.000000000
DefineStruct	0	0	0.000000000
DefineTypeAlias	0	0	0.000000000
DefineUnion	0	0	0.000000000
Dup	884016	10	8.424214611
DynImport	0	0	0.000000000
Ensure	10246	4	0.265942165
EnsureEnd	10246	4	0.265942165
EnterScope	693009	10	2.014979871
ExitScope	693009	10	2.014979871
ForLoop	0	0	0.000000000
ImplicitMember	0	0	0.000000000
ImplicitMemberSet	0	0	0.000000000
Import	0	0	0.000000000
IndexGet	129792	1	3.240726407
IndexSet	78336	1	1.955941382
IterClose	1939	3	0.011010756
IterInit	1939	3	0.011010756
IterNext	32817	3	0.373568465
IteratorLiteral	4	2	0.001668822
Jump	68793684	25	18.654582151
JumpIfArrayIndexSlotCompareSlotFalse	0	0	0.000000000
JumpIfArrayReadSlotCompareSlotFalse	0	0	0.000000000
JumpIfBinaryCompareFalse	48846996	22	11.764669723
JumpIfBoolSlotFalse	38876	1	0.047440752
JumpIfFalse	6381518	18	7.161953219
JumpIfFloatAddCompareConstFalse	0	0	0.000000000
JumpIfFloatMulAddMulCompareConstFalse	27117337	2	10.448448324
JumpIfIntCompareSlotConstFalse	20667961	18	9.556952361
JumpIfIntCompareSlotFalse	14110228	11	16.665066822
JumpIfIntLessEqualSlotConstFalse	39178	6	0.149284707
JumpIfNil	0	0	0.000000000
JumpIfNotNil	2799051	8	2.864393926
JumpIfNotTypedPattern	8452732	16	4.876380665
LoadImplicitSlot	5943932	6	7.314579955
LoadName	22985865	14	11.447420798
LoadSlot	198815171	25	33.331550173
LoadSlotI32	18350	3	0.520306999
LoadSlotStructField	11358983	8	17.485473284
LoadStaticReceiver	5404845	24	4.554373413
LoopEnter	2376658	24	1.343014049
LoopExit	2338978	24	1.324433616
MakeFunction	135686	6	3.523772272
MapLiteral	0	0	0.000000000
Match	0	0	0.000000000
MatchNoClause	0	0	0.000000000
MemberAccess	9840765	10	11.717531302
MemberSet	854600	7	2.147700341
OrElse	0	0	0.000000000
Pipe	0	0	0.000000000
PlaceholderLambda	0	0	0.000000000
PlaceholderValue	0	0	0.000000000
Pop	75429212	25	15.247639918
Propagation	1135	7	0.280263842
Raise	0	0	0.000000000
Range	0	0	0.000000000
Rescue	0	0	0.000000000
Rethrow	0	0	0.000000000
Return	14190378	25	8.333333333
ReturnBinary	283062	6	0.640060198
ReturnBinaryIntAdd	41145	6	0.758436923
ReturnBinaryIntAddI32	14640	2	0.184447455
ReturnConstIfIntLessEqualSlotConst	43745	2	0.613628669
ReturnIfIntLessEqualSlotConst	0	0	0.000000000
Spawn	1843	6	0.420395763
StoreImplicitSlot	3889235	6	4.876401334
StoreSlot	25608203	19	8.033542831
StoreSlotBinaryIntSlotConst	55733936	21	18.654577449
StoreSlotCastSlotFloatConstDiv	22222000	1	20.896896647
StoreSlotFloatAddMul	0	0	0.000000000
StoreSlotFloatAddMulArrayGet	0	0	0.000000000
StoreSlotFloatAddMulSlot	15620696	1	5.945207828
StoreSlotFloatAddSub	0	0	0.000000000
StoreSlotFloatAffine	720000	1	0.274030660
StoreSlotFloatBinary	4000000	2	2.941166696
StoreSlotFloatRegion	16000000	2	14.705833478
StoreSlotI32	194	1	0.001102781
StoreSlotIntMulConstAdd	0	0	0.000000000
StoreSlotIntMulConstAddFromSlot	5	1	0.000092669
StoreSlotIntMulConstModConst	22222000	1	20.896896647
StoreSlotNew	35335749	25	10.714285714
StringInterpolation	11038	18	0.203870727
StructLiteral	0	0	0.000000000
StructLiteralNamedFast	1569457	21	1.654363873
TryArrayPushF64AffineProduct	0	0	0.000000000
TryArrayPushF64NestedGet	0	0	0.000000000
TryFloatUpdatePair	0	0	0.000000000
Unary	5225504	8	7.164592035
UnboxI32	0	0	0.000000000
Yield	0	0	0.000000000
