benchmark	pair	position	variant	elapsed_ns	stdout_sha256
future_await_race	1	1	retained	17455966	33297798eeb96d6d471a6afe97ec8a8bf09eda0ce30e13917aed1db40fb930e4
future_await_race	1	2	embedded	18370350	33297798eeb96d6d471a6afe97ec8a8bf09eda0ce30e13917aed1db40fb930e4
future_await_race	2	1	embedded	16899941	33297798eeb96d6d471a6afe97ec8a8bf09eda0ce30e13917aed1db40fb930e4
future_await_race	2	2	retained	16942865	33297798eeb96d6d471a6afe97ec8a8bf09eda0ce30e13917aed1db40fb930e4
future_await_race	3	1	retained	17956641	33297798eeb96d6d471a6afe97ec8a8bf09eda0ce30e13917aed1db40fb930e4
future_await_race	3	2	embedded	18605853	33297798eeb96d6d471a6afe97ec8a8bf09eda0ce30e13917aed1db40fb930e4
future_await_race	4	1	embedded	20298161	33297798eeb96d6d471a6afe97ec8a8bf09eda0ce30e13917aed1db40fb930e4
future_await_race	4	2	retained	17271307	33297798eeb96d6d471a6afe97ec8a8bf09eda0ce30e13917aed1db40fb930e4
future_await_race	5	1	retained	51200803	33297798eeb96d6d471a6afe97ec8a8bf09eda0ce30e13917aed1db40fb930e4
future_await_race	5	2	embedded	21939486	33297798eeb96d6d471a6afe97ec8a8bf09eda0ce30e13917aed1db40fb930e4
future_await_race	6	1	embedded	18645766	33297798eeb96d6d471a6afe97ec8a8bf09eda0ce30e13917aed1db40fb930e4
future_await_race	6	2	retained	20180557	33297798eeb96d6d471a6afe97ec8a8bf09eda0ce30e13917aed1db40fb930e4
future_await_race	7	1	retained	18623691	33297798eeb96d6d471a6afe97ec8a8bf09eda0ce30e13917aed1db40fb930e4
future_await_race	7	2	embedded	17207303	33297798eeb96d6d471a6afe97ec8a8bf09eda0ce30e13917aed1db40fb930e4
future_await_race	8	1	embedded	18046278	33297798eeb96d6d471a6afe97ec8a8bf09eda0ce30e13917aed1db40fb930e4
future_await_race	8	2	retained	17061593	33297798eeb96d6d471a6afe97ec8a8bf09eda0ce30e13917aed1db40fb930e4
future_await_race	9	1	retained	21775055	33297798eeb96d6d471a6afe97ec8a8bf09eda0ce30e13917aed1db40fb930e4
future_await_race	9	2	embedded	29895372	33297798eeb96d6d471a6afe97ec8a8bf09eda0ce30e13917aed1db40fb930e4
future_await_race	10	1	embedded	22200559	33297798eeb96d6d471a6afe97ec8a8bf09eda0ce30e13917aed1db40fb930e4
future_await_race	10	2	retained	23235163	33297798eeb96d6d471a6afe97ec8a8bf09eda0ce30e13917aed1db40fb930e4
future_await_race	11	1	retained	30592544	33297798eeb96d6d471a6afe97ec8a8bf09eda0ce30e13917aed1db40fb930e4
future_await_race	11	2	embedded	23716729	33297798eeb96d6d471a6afe97ec8a8bf09eda0ce30e13917aed1db40fb930e4
future_await_race	12	1	embedded	25782596	33297798eeb96d6d471a6afe97ec8a8bf09eda0ce30e13917aed1db40fb930e4
future_await_race	12	2	retained	24233285	33297798eeb96d6d471a6afe97ec8a8bf09eda0ce30e13917aed1db40fb930e4
future_await_race	13	1	retained	20597556	33297798eeb96d6d471a6afe97ec8a8bf09eda0ce30e13917aed1db40fb930e4
future_await_race	13	2	embedded	29329699	33297798eeb96d6d471a6afe97ec8a8bf09eda0ce30e13917aed1db40fb930e4
future_await_race	14	1	embedded	41833223	33297798eeb96d6d471a6afe97ec8a8bf09eda0ce30e13917aed1db40fb930e4
future_await_race	14	2	retained	24563045	33297798eeb96d6d471a6afe97ec8a8bf09eda0ce30e13917aed1db40fb930e4
future_await_race	15	1	retained	24665375	33297798eeb96d6d471a6afe97ec8a8bf09eda0ce30e13917aed1db40fb930e4
future_await_race	15	2	embedded	22031259	33297798eeb96d6d471a6afe97ec8a8bf09eda0ce30e13917aed1db40fb930e4
await_channel_mux	1	1	retained	114220310	0a32fa2e9481ecb635562079d993288d911326d9f36aeea0d9d3058d1a494693
await_channel_mux	1	2	embedded	98981196	0a32fa2e9481ecb635562079d993288d911326d9f36aeea0d9d3058d1a494693
await_channel_mux	2	1	embedded	100909620	0a32fa2e9481ecb635562079d993288d911326d9f36aeea0d9d3058d1a494693
await_channel_mux	2	2	retained	144978938	0a32fa2e9481ecb635562079d993288d911326d9f36aeea0d9d3058d1a494693
await_channel_mux	3	1	retained	113765524	0a32fa2e9481ecb635562079d993288d911326d9f36aeea0d9d3058d1a494693
await_channel_mux	3	2	embedded	129748753	0a32fa2e9481ecb635562079d993288d911326d9f36aeea0d9d3058d1a494693
await_channel_mux	4	1	embedded	165590523	0a32fa2e9481ecb635562079d993288d911326d9f36aeea0d9d3058d1a494693
await_channel_mux	4	2	retained	109421077	0a32fa2e9481ecb635562079d993288d911326d9f36aeea0d9d3058d1a494693
await_channel_mux	5	1	retained	111757155	0a32fa2e9481ecb635562079d993288d911326d9f36aeea0d9d3058d1a494693
await_channel_mux	5	2	embedded	105696239	0a32fa2e9481ecb635562079d993288d911326d9f36aeea0d9d3058d1a494693
await_channel_mux	6	1	embedded	153913606	0a32fa2e9481ecb635562079d993288d911326d9f36aeea0d9d3058d1a494693
await_channel_mux	6	2	retained	158446251	0a32fa2e9481ecb635562079d993288d911326d9f36aeea0d9d3058d1a494693
await_channel_mux	7	1	retained	153205132	0a32fa2e9481ecb635562079d993288d911326d9f36aeea0d9d3058d1a494693
await_channel_mux	7	2	embedded	118518131	0a32fa2e9481ecb635562079d993288d911326d9f36aeea0d9d3058d1a494693
await_channel_mux	8	1	embedded	108226715	0a32fa2e9481ecb635562079d993288d911326d9f36aeea0d9d3058d1a494693
await_channel_mux	8	2	retained	127223495	0a32fa2e9481ecb635562079d993288d911326d9f36aeea0d9d3058d1a494693
await_channel_mux	9	1	retained	203112787	0a32fa2e9481ecb635562079d993288d911326d9f36aeea0d9d3058d1a494693
await_channel_mux	9	2	embedded	123596041	0a32fa2e9481ecb635562079d993288d911326d9f36aeea0d9d3058d1a494693
await_channel_mux	10	1	embedded	126500862	0a32fa2e9481ecb635562079d993288d911326d9f36aeea0d9d3058d1a494693
await_channel_mux	10	2	retained	134975391	0a32fa2e9481ecb635562079d993288d911326d9f36aeea0d9d3058d1a494693
await_channel_mux	11	1	retained	97854764	0a32fa2e9481ecb635562079d993288d911326d9f36aeea0d9d3058d1a494693
await_channel_mux	11	2	embedded	127540290	0a32fa2e9481ecb635562079d993288d911326d9f36aeea0d9d3058d1a494693
await_channel_mux	12	1	embedded	172331834	0a32fa2e9481ecb635562079d993288d911326d9f36aeea0d9d3058d1a494693
await_channel_mux	12	2	retained	107487195	0a32fa2e9481ecb635562079d993288d911326d9f36aeea0d9d3058d1a494693
await_channel_mux	13	1	retained	172845155	0a32fa2e9481ecb635562079d993288d911326d9f36aeea0d9d3058d1a494693
await_channel_mux	13	2	embedded	221690401	0a32fa2e9481ecb635562079d993288d911326d9f36aeea0d9d3058d1a494693
await_channel_mux	14	1	embedded	130557618	0a32fa2e9481ecb635562079d993288d911326d9f36aeea0d9d3058d1a494693
await_channel_mux	14	2	retained	210971394	0a32fa2e9481ecb635562079d993288d911326d9f36aeea0d9d3058d1a494693
await_channel_mux	15	1	retained	161420341	0a32fa2e9481ecb635562079d993288d911326d9f36aeea0d9d3058d1a494693
await_channel_mux	15	2	embedded	119624131	0a32fa2e9481ecb635562079d993288d911326d9f36aeea0d9d3058d1a494693
mutex_await_journal	1	1	retained	13670284	e6f87830a6a1bb1bf3889a6b77eae053bfd3630055a06dd8fd500201586bf61e
mutex_await_journal	1	2	embedded	11862480	e6f87830a6a1bb1bf3889a6b77eae053bfd3630055a06dd8fd500201586bf61e
mutex_await_journal	2	1	embedded	12973792	e6f87830a6a1bb1bf3889a6b77eae053bfd3630055a06dd8fd500201586bf61e
mutex_await_journal	2	2	retained	13057734	e6f87830a6a1bb1bf3889a6b77eae053bfd3630055a06dd8fd500201586bf61e
mutex_await_journal	3	1	retained	12122639	e6f87830a6a1bb1bf3889a6b77eae053bfd3630055a06dd8fd500201586bf61e
mutex_await_journal	3	2	embedded	11194769	e6f87830a6a1bb1bf3889a6b77eae053bfd3630055a06dd8fd500201586bf61e
mutex_await_journal	4	1	embedded	12823446	e6f87830a6a1bb1bf3889a6b77eae053bfd3630055a06dd8fd500201586bf61e
mutex_await_journal	4	2	retained	13001242	e6f87830a6a1bb1bf3889a6b77eae053bfd3630055a06dd8fd500201586bf61e
mutex_await_journal	5	1	retained	11494790	e6f87830a6a1bb1bf3889a6b77eae053bfd3630055a06dd8fd500201586bf61e
mutex_await_journal	5	2	embedded	11416104	e6f87830a6a1bb1bf3889a6b77eae053bfd3630055a06dd8fd500201586bf61e
mutex_await_journal	6	1	embedded	10580706	e6f87830a6a1bb1bf3889a6b77eae053bfd3630055a06dd8fd500201586bf61e
mutex_await_journal	6	2	retained	10118089	e6f87830a6a1bb1bf3889a6b77eae053bfd3630055a06dd8fd500201586bf61e
mutex_await_journal	7	1	retained	11116362	e6f87830a6a1bb1bf3889a6b77eae053bfd3630055a06dd8fd500201586bf61e
mutex_await_journal	7	2	embedded	11365964	e6f87830a6a1bb1bf3889a6b77eae053bfd3630055a06dd8fd500201586bf61e
mutex_await_journal	8	1	embedded	10560402	e6f87830a6a1bb1bf3889a6b77eae053bfd3630055a06dd8fd500201586bf61e
mutex_await_journal	8	2	retained	12443189	e6f87830a6a1bb1bf3889a6b77eae053bfd3630055a06dd8fd500201586bf61e
mutex_await_journal	9	1	retained	13881465	e6f87830a6a1bb1bf3889a6b77eae053bfd3630055a06dd8fd500201586bf61e
mutex_await_journal	9	2	embedded	11032163	e6f87830a6a1bb1bf3889a6b77eae053bfd3630055a06dd8fd500201586bf61e
mutex_await_journal	10	1	embedded	11938654	e6f87830a6a1bb1bf3889a6b77eae053bfd3630055a06dd8fd500201586bf61e
mutex_await_journal	10	2	retained	18953382	e6f87830a6a1bb1bf3889a6b77eae053bfd3630055a06dd8fd500201586bf61e
mutex_await_journal	11	1	retained	13848251	e6f87830a6a1bb1bf3889a6b77eae053bfd3630055a06dd8fd500201586bf61e
mutex_await_journal	11	2	embedded	20739111	e6f87830a6a1bb1bf3889a6b77eae053bfd3630055a06dd8fd500201586bf61e
mutex_await_journal	12	1	embedded	12755091	e6f87830a6a1bb1bf3889a6b77eae053bfd3630055a06dd8fd500201586bf61e
mutex_await_journal	12	2	retained	22334858	e6f87830a6a1bb1bf3889a6b77eae053bfd3630055a06dd8fd500201586bf61e
mutex_await_journal	13	1	retained	13041413	e6f87830a6a1bb1bf3889a6b77eae053bfd3630055a06dd8fd500201586bf61e
mutex_await_journal	13	2	embedded	13037753	e6f87830a6a1bb1bf3889a6b77eae053bfd3630055a06dd8fd500201586bf61e
mutex_await_journal	14	1	embedded	12582489	e6f87830a6a1bb1bf3889a6b77eae053bfd3630055a06dd8fd500201586bf61e
mutex_await_journal	14	2	retained	11968739	e6f87830a6a1bb1bf3889a6b77eae053bfd3630055a06dd8fd500201586bf61e
mutex_await_journal	15	1	retained	12983139	e6f87830a6a1bb1bf3889a6b77eae053bfd3630055a06dd8fd500201586bf61e
mutex_await_journal	15	2	embedded	12166458	e6f87830a6a1bb1bf3889a6b77eae053bfd3630055a06dd8fd500201586bf61e
mutex_work_queue	1	1	retained	20630439	57d3c0d15899da95d375a749cfe34dcc6942eb82a45427f197b9244b85ff8e58
mutex_work_queue	1	2	embedded	21909164	57d3c0d15899da95d375a749cfe34dcc6942eb82a45427f197b9244b85ff8e58
mutex_work_queue	2	1	embedded	20898352	57d3c0d15899da95d375a749cfe34dcc6942eb82a45427f197b9244b85ff8e58
mutex_work_queue	2	2	retained	23455634	57d3c0d15899da95d375a749cfe34dcc6942eb82a45427f197b9244b85ff8e58
mutex_work_queue	3	1	retained	46452340	57d3c0d15899da95d375a749cfe34dcc6942eb82a45427f197b9244b85ff8e58
mutex_work_queue	3	2	embedded	27885623	57d3c0d15899da95d375a749cfe34dcc6942eb82a45427f197b9244b85ff8e58
mutex_work_queue	4	1	embedded	30078823	57d3c0d15899da95d375a749cfe34dcc6942eb82a45427f197b9244b85ff8e58
mutex_work_queue	4	2	retained	27957200	57d3c0d15899da95d375a749cfe34dcc6942eb82a45427f197b9244b85ff8e58
mutex_work_queue	5	1	retained	25390800	57d3c0d15899da95d375a749cfe34dcc6942eb82a45427f197b9244b85ff8e58
mutex_work_queue	5	2	embedded	41702052	57d3c0d15899da95d375a749cfe34dcc6942eb82a45427f197b9244b85ff8e58
mutex_work_queue	6	1	embedded	29814910	57d3c0d15899da95d375a749cfe34dcc6942eb82a45427f197b9244b85ff8e58
mutex_work_queue	6	2	retained	32159608	57d3c0d15899da95d375a749cfe34dcc6942eb82a45427f197b9244b85ff8e58
mutex_work_queue	7	1	retained	27993303	57d3c0d15899da95d375a749cfe34dcc6942eb82a45427f197b9244b85ff8e58
mutex_work_queue	7	2	embedded	28195565	57d3c0d15899da95d375a749cfe34dcc6942eb82a45427f197b9244b85ff8e58
mutex_work_queue	8	1	embedded	29252916	57d3c0d15899da95d375a749cfe34dcc6942eb82a45427f197b9244b85ff8e58
mutex_work_queue	8	2	retained	17954723	57d3c0d15899da95d375a749cfe34dcc6942eb82a45427f197b9244b85ff8e58
mutex_work_queue	9	1	retained	21730157	57d3c0d15899da95d375a749cfe34dcc6942eb82a45427f197b9244b85ff8e58
mutex_work_queue	9	2	embedded	23751372	57d3c0d15899da95d375a749cfe34dcc6942eb82a45427f197b9244b85ff8e58
mutex_work_queue	10	1	embedded	26530013	57d3c0d15899da95d375a749cfe34dcc6942eb82a45427f197b9244b85ff8e58
mutex_work_queue	10	2	retained	26872625	57d3c0d15899da95d375a749cfe34dcc6942eb82a45427f197b9244b85ff8e58
mutex_work_queue	11	1	retained	25291018	57d3c0d15899da95d375a749cfe34dcc6942eb82a45427f197b9244b85ff8e58
mutex_work_queue	11	2	embedded	25402733	57d3c0d15899da95d375a749cfe34dcc6942eb82a45427f197b9244b85ff8e58
mutex_work_queue	12	1	embedded	30035750	57d3c0d15899da95d375a749cfe34dcc6942eb82a45427f197b9244b85ff8e58
mutex_work_queue	12	2	retained	26406582	57d3c0d15899da95d375a749cfe34dcc6942eb82a45427f197b9244b85ff8e58
mutex_work_queue	13	1	retained	28363758	57d3c0d15899da95d375a749cfe34dcc6942eb82a45427f197b9244b85ff8e58
mutex_work_queue	13	2	embedded	33780695	57d3c0d15899da95d375a749cfe34dcc6942eb82a45427f197b9244b85ff8e58
mutex_work_queue	14	1	embedded	24291183	57d3c0d15899da95d375a749cfe34dcc6942eb82a45427f197b9244b85ff8e58
mutex_work_queue	14	2	retained	23667257	57d3c0d15899da95d375a749cfe34dcc6942eb82a45427f197b9244b85ff8e58
mutex_work_queue	15	1	retained	25372344	57d3c0d15899da95d375a749cfe34dcc6942eb82a45427f197b9244b85ff8e58
mutex_work_queue	15	2	embedded	23959044	57d3c0d15899da95d375a749cfe34dcc6942eb82a45427f197b9244b85ff8e58
