binary_event_log	18	0	fb075dc8606582c1e6a1d5e520fa8dda237fc7304044b84b3f8f3a2c6b1c36e9
fixed_width_128	18	0	eceabf5869b1abca8d6dd228b64a09f89e4e98ba8cabc4833ffee1218dafa56a
inventory_reconciliation	18	0	37dc8fb8d62ba404bd385852de356d7ccbd468da2b3d20b4f0a535263d6ffcf3
policy_record_dispatch	18	0	f15c66e53e4c89650ae12aff6c2f466f2cf0c7adb6ca3fe5be0127bfba217c05
rational_series	18	0	127f0f44ee4870b57a188a7948f80a0a5d14584a326c345a48d4285594069f0c
regex_suffix_audit	18	0	b5d5ccfabbfd4dc5952406cb1c42d62b807f75828661c4c3774b251abe38380f
unicode_scalar_pipeline	18	0	c9efadb7f22969600334daa4a4eed2edde38c8e86d2c81d354d6f3979c854eb9
validated_job_pipeline	18	0	ee5a3553094de6253bd71daaafd30e1db3eb9a17d11d3411b18ca652feafc40a
wide_integer_records	18	0	f373537521cc6bfb0fb9e1a1eb36eb93a057654b526a4521878bc269261713e5
word_frequency	18	0	7dc1dae393e2c070eb0b9c9e611e154b2e6cce1b4a4268aa1bc73f8ff0e2fd07
