benchmark	status	source_sha256	go_files	source_bytes	raw_diagnostic_lines	selected_locations	normalized_shapes	escape	moved	leak	bounds_index	bounds_slice	compiled_body_escape	compiled_body_moved	compiled_body_bounds_index	compiled_body_bounds_slice	diagnostic_seconds
fib	ok	14b51693e9e8a579cae67df218f01148e75f1eac1aa665fee93651bfbdcc3faf	15	1085852	70056	6541	4953	4344	20	2089	70	18	263	0	0	0	10
binarytrees	ok	299bde0f8587f8591acb867636c3007c4cb0ac043f428676da9cb17a88b0b330	15	1139370	74105	6778	5155	4540	23	2127	70	18	289	1	0	0	11
matrixmultiply	ok	a654d55e6dfd0a3bb05039e41f62ca1d954fb9514029dcc240ac442a21c96257	31	1591386	110532	9777	7195	6851	24	2811	72	19	455	0	0	0	12
quicksort	ok	f885bc5b0f6894165b8958ada651460d7b884bf313bfa784a05a505dd72747be	55	4512884	264603	23906	17237	16550	48	7197	88	23	1787	19	2	2	17
sudoku_masks	ok	ec78c83c9b8439a2e8a334686a7b0cfb8a104b607dc9d794fb279ac1231ccfb1	55	4548865	266315	24044	17310	16663	48	7219	90	24	1804	19	2	2	19
i_before_e	ok	a01ceb675f663bd3c6d6d8184b724fc93bca364110f71038bcea783d5af65789	55	4485010	263631	23817	17206	16473	48	7185	88	23	1775	19	2	2	18
base64	ok	06d0121eabe2e8d9f69eeb3ada26a589971de71a5e1ea17a4d29c9098ee1d8af	27	1223751	83369	7431	5686	5052	21	2267	72	19	305	0	0	0	11
json	ok	2cd4d082b32aed4675588d427c5e1fb07b148d52023b83fc3e5f759950f83c56	59	4686523	276101	24747	18000	17032	51	7512	123	29	1857	19	2	2	18
monte_carlo_pi	ok	7b2baf2c3baf996e8cc8df71167c9020656963d6dcfacc1a11b05e542e30cf2a	15	1097765	70281	6557	4967	4355	20	2094	70	18	266	0	0	0	10
pidigits	ok	a8f84c4b20afff23c0dc44c86f2207b8276854e2d7ea845cf72918c05c055a14	51	4017436	236446	21327	15290	14801	48	6372	86	20	1392	19	2	0	17
mandelbrot	ok	a08bb1233839d95e238d8f1756ea95edf91f14dce455b31d0a1fdb6bb23f6b24	43	3782313	225249	20267	14444	14114	42	6005	86	20	1348	15	2	0	16
reverse_complement	ok	ad61068610d01988b3e5b62c0895caf2fb7aaad17e00aa9e663450c99bd3c98f	55	4535636	265034	23937	17254	16575	48	7203	88	23	1789	19	2	2	18
k_nucleotide	ok	91acc1fe5fbb34d2e9df33171c27ed4814945129dacf99522fba0cc9581e4dac	67	5495061	309971	28296	20319	19471	69	8642	90	24	2424	40	2	2	21
nbody	ok	31307e5d95738d1e1f81d601c6187c7b16fdcff0d9e25bd5c18e8aadd26277dc	47	2672966	162304	14638	10621	10052	50	4448	70	18	1136	24	0	0	14
tapelang_alphabet	ok	c5ac29735b82de72778bde3eebc30febefc02f80bfde01490a3f205078960e4b	55	4585793	265754	24187	17421	16742	48	7285	88	24	1841	19	2	3	19
distance_field	ok	38ed8b031c0872e47895f45d3edd88c1f23bc106a6e6c478dd6795a7d4c99d09	39	2280385	134793	12414	9275	8327	47	3952	70	18	919	24	0	0	13
rms_norm	ok	148b769558084da8f7d9bb71b675eee8afed118873941e7c695567823c075969	39	2282551	134849	12420	9276	8333	47	3952	70	18	922	24	0	0	13
fixed_width_128	ok	f4e027b1e0c1a9f39c5d79d1097c2680c3b542d476fbf87a0072f34114eb4467	35	2617324	166322	15042	10282	10446	50	4458	70	18	895	27	0	0	14
rational_series	ok	8078ea1981c9aca0ca1e9c141e182670c5f6d51c5d0529d030f61c71c041b6a4	35	2670001	167498	15175	10441	10539	56	4492	70	18	913	33	0	0	14
word_frequency	ok	89287bf86282de28c9708e1d1a9eefab38fcd04e67722e83571048609103b1a2	67	4987752	299909	26667	19133	18421	55	8064	103	24	1917	26	15	2	19
document_audit	ok	b491d34e137c3b7215b7b3b7e762f72b11fa11b05cbcf142b0f9d901bcabff06	59	5002459	293432	26159	18939	18098	52	7887	96	26	2003	23	4	2	19
lexical_rollup	ok	b06450f3d817529835ef35237df1acb06e83c9096f1f555e79ac74d0f7f8e391	59	5025411	294112	26219	19002	18120	54	7923	96	26	2028	25	4	2	20
channel_rollup	ok	71dc331bca2d3fc56ecd0a81ccdb072763af0dcbc1a87a92a799a452f10c018b	59	4693511	276110	24691	17827	17059	50	7466	92	24	1848	21	4	2	19
future_pipeline	ok	40c2aa3a6be871ae0c84fd137a17e2007ca6c48afd4b96667a9c889cf682ba1e	15	1155963	73585	6799	5131	4563	25	2123	70	18	296	3	0	0	10
future_await_race	ok	59e83612e3f9e97df913b5fdabbe4d1e18e3d98771cbdf9b9ae5cc193f324328	15	1137621	73262	6725	5110	4498	24	2115	70	18	294	2	0	0	11
await_channel_mux	ok	b487a19c0a9b181bddb19f6d40191992b41e1a86fa8220145474021018fde065	27	1691660	114101	10132	7550	7007	27	3007	72	19	444	2	0	0	12
mutex_ledger	ok	ed9c09ec7f3b605e91c3c8f3ef7d5e537f76ba1f40586c6af7dca132c0fff269	27	1619077	109960	9724	7263	6732	26	2878	70	18	428	1	0	0	12
mutex_await_journal	ok	dbf85e72b8b9fee776c88dfd93947416b18070f9eb8d11862a022875a6ad8cee	15	1150308	74436	6826	5181	4561	23	2151	72	19	279	1	0	0	10
regex_suffix_audit	excluded_generation_timeout_55s_and_59s		0	0	0	0	0	0	0	0	0	0	0	0	0	0	0
regex_set_audit	excluded_generation_timeout_55s_and_59s		0	0	0	0	0	0	0	0	0	0	0	0	0	0	0
regex_stream_audit	excluded_generation_timeout_55s_and_59s		0	0	0	0	0	0	0	0	0	0	0	0	0	0	0
unicode_scalar_pipeline	ok	dc9f2ccb6aa65afc06ccd555720f629a8a14a7b43ae24236d4a2a7dab2993c9f	39	3515049	210547	18952	13427	13232	40	5579	82	19	1271	14	2	0	16
array_slice_window	ok	b9289cea2f67c787588a779f37c8fd2ba9dc5a38b16cfa2fd78cd3c3f88b6d23	31	1622355	111438	9863	7303	6895	24	2856	70	18	450	0	0	0	12
dependency_plan	ok	6d3cf177c570c0cafcfe41afde9996520584d61e95d0c7aac0f07f4d401c63d7	43	2176875	139776	12290	9157	8349	25	3795	100	21	692	1	24	0	12
option_result_config	ok	4a0a27772b2a9fb9428a7d6d0ab9ce6bac1a3bd3a5d7a5776b6768d66d5cf74d	23	1395830	94739	8466	6449	5806	29	2543	70	18	346	6	0	0	11
