array_slice_window	interpreter-free
await_channel_mux	interpreter-free
backup_dedup	interpreter-free
base64	interpreter-free
binary_event_log	interpreter-free
binarytrees	interpreter-free
channel_rollup	interpreter-free
concurrent_audio_voices	interpreter-free
concurrent_document_pipeline	interpreter-free
concurrent_event_routing	interpreter-free
concurrent_graph_visitors	interpreter-free
concurrent_packet_codecs	interpreter-free
concurrent_policy_callbacks	interpreter-free
concurrent_scene_tiles	interpreter-free
concurrent_signal_dispatch	interpreter-free
concurrent_state_machines	interpreter-free
concurrent_stateful_pipeline	interpreter-free
concurrent_stencil_reduction	interpreter-free
concurrent_text_index	interpreter-free
concurrent_transform_chain	interpreter-free
concurrent_tree_folds	interpreter-free
config_validation_extraction	interpreter-free
dependency_plan	interpreter-free
dependency_wave_validation	interpreter-free
discrete_event_simulation	interpreter-free
distance_field	interpreter-free
document_audit	interpreter-free
fasta_generation	interpreter-free
fib	interpreter-free
fixed_width_128	interpreter-free
future_await_race	interpreter-free
future_pipeline	interpreter-free
i_before_e	interpreter-free
inventory_reconciliation	interpreter-free
json	interpreter-free
k_nucleotide	interpreter-free
lexical_rollup	interpreter-free
log_routing_redaction	interpreter-free
mandelbrot	interpreter-free
manifest_normalization	interpreter-free
matrixmultiply	interpreter-free
monte_carlo_pi	interpreter-free
mutex_await_journal	interpreter-free
mutex_ledger	interpreter-free
mutex_work_queue	interpreter-free
nbody	interpreter-free
option_result_config	interpreter-free
pidigits	interpreter-free
policy_record_dispatch	interpreter-free
quicksort	interpreter-free
rational_series	interpreter-free
regex_set_audit	interpreter-free
regex_stream_audit	interpreter-free
regex_suffix_audit	interpreter-free
reverse_complement	interpreter-free
rms_norm	interpreter-free
sensor_calibration	interpreter-free
sudoku_masks	interpreter-free
tapelang_alphabet	interpreter-free
unicode_scalar_pipeline	interpreter-free
validated_job_pipeline	interpreter-free
wide_integer_records	interpreter-free
word_frequency	interpreter-free
