benchmark	cohort	position	lane	duration_ns	status	stdout_sha256	binary_sha256
future_await_race	1	1	baseline	30314096	ok	33297798eeb96d6d471a6afe97ec8a8bf09eda0ce30e13917aed1db40fb930e4	6af5e8e2dd0ed445e8b84ef270e9fb536cc4bc5dcd3653fbfc6e38ea1a8920eb
future_await_race	1	2	candidate	35816191	ok	33297798eeb96d6d471a6afe97ec8a8bf09eda0ce30e13917aed1db40fb930e4	8f51a5a01a87fbccb4e89043353db0683336285070c1c12ff223a1da364f6f84
future_await_race	1	3	go	5017256	ok	33297798eeb96d6d471a6afe97ec8a8bf09eda0ce30e13917aed1db40fb930e4	6e1fa65e745e54e35080b2201fe4b0f944a63d22a365beefe5c85f3bb39612c2
future_await_race	2	1	candidate	32508127	ok	33297798eeb96d6d471a6afe97ec8a8bf09eda0ce30e13917aed1db40fb930e4	8f51a5a01a87fbccb4e89043353db0683336285070c1c12ff223a1da364f6f84
future_await_race	2	2	go	4323746	ok	33297798eeb96d6d471a6afe97ec8a8bf09eda0ce30e13917aed1db40fb930e4	6e1fa65e745e54e35080b2201fe4b0f944a63d22a365beefe5c85f3bb39612c2
future_await_race	2	3	baseline	30535593	ok	33297798eeb96d6d471a6afe97ec8a8bf09eda0ce30e13917aed1db40fb930e4	6af5e8e2dd0ed445e8b84ef270e9fb536cc4bc5dcd3653fbfc6e38ea1a8920eb
future_await_race	3	1	go	4228853	ok	33297798eeb96d6d471a6afe97ec8a8bf09eda0ce30e13917aed1db40fb930e4	6e1fa65e745e54e35080b2201fe4b0f944a63d22a365beefe5c85f3bb39612c2
future_await_race	3	2	baseline	31838106	ok	33297798eeb96d6d471a6afe97ec8a8bf09eda0ce30e13917aed1db40fb930e4	6af5e8e2dd0ed445e8b84ef270e9fb536cc4bc5dcd3653fbfc6e38ea1a8920eb
future_await_race	3	3	candidate	42845542	ok	33297798eeb96d6d471a6afe97ec8a8bf09eda0ce30e13917aed1db40fb930e4	8f51a5a01a87fbccb4e89043353db0683336285070c1c12ff223a1da364f6f84
future_await_race	4	1	baseline	45739310	ok	33297798eeb96d6d471a6afe97ec8a8bf09eda0ce30e13917aed1db40fb930e4	6af5e8e2dd0ed445e8b84ef270e9fb536cc4bc5dcd3653fbfc6e38ea1a8920eb
future_await_race	4	2	candidate	44131088	ok	33297798eeb96d6d471a6afe97ec8a8bf09eda0ce30e13917aed1db40fb930e4	8f51a5a01a87fbccb4e89043353db0683336285070c1c12ff223a1da364f6f84
future_await_race	4	3	go	5373864	ok	33297798eeb96d6d471a6afe97ec8a8bf09eda0ce30e13917aed1db40fb930e4	6e1fa65e745e54e35080b2201fe4b0f944a63d22a365beefe5c85f3bb39612c2
future_await_race	5	1	candidate	39908994	ok	33297798eeb96d6d471a6afe97ec8a8bf09eda0ce30e13917aed1db40fb930e4	8f51a5a01a87fbccb4e89043353db0683336285070c1c12ff223a1da364f6f84
future_await_race	5	2	go	4042317	ok	33297798eeb96d6d471a6afe97ec8a8bf09eda0ce30e13917aed1db40fb930e4	6e1fa65e745e54e35080b2201fe4b0f944a63d22a365beefe5c85f3bb39612c2
future_await_race	5	3	baseline	37943279	ok	33297798eeb96d6d471a6afe97ec8a8bf09eda0ce30e13917aed1db40fb930e4	6af5e8e2dd0ed445e8b84ef270e9fb536cc4bc5dcd3653fbfc6e38ea1a8920eb
future_await_race	6	1	go	4961660	ok	33297798eeb96d6d471a6afe97ec8a8bf09eda0ce30e13917aed1db40fb930e4	6e1fa65e745e54e35080b2201fe4b0f944a63d22a365beefe5c85f3bb39612c2
future_await_race	6	2	baseline	44536337	ok	33297798eeb96d6d471a6afe97ec8a8bf09eda0ce30e13917aed1db40fb930e4	6af5e8e2dd0ed445e8b84ef270e9fb536cc4bc5dcd3653fbfc6e38ea1a8920eb
future_await_race	6	3	candidate	40933736	ok	33297798eeb96d6d471a6afe97ec8a8bf09eda0ce30e13917aed1db40fb930e4	8f51a5a01a87fbccb4e89043353db0683336285070c1c12ff223a1da364f6f84
future_await_race	7	1	baseline	41553718	ok	33297798eeb96d6d471a6afe97ec8a8bf09eda0ce30e13917aed1db40fb930e4	6af5e8e2dd0ed445e8b84ef270e9fb536cc4bc5dcd3653fbfc6e38ea1a8920eb
future_await_race	7	2	candidate	35781699	ok	33297798eeb96d6d471a6afe97ec8a8bf09eda0ce30e13917aed1db40fb930e4	8f51a5a01a87fbccb4e89043353db0683336285070c1c12ff223a1da364f6f84
future_await_race	7	3	go	4291613	ok	33297798eeb96d6d471a6afe97ec8a8bf09eda0ce30e13917aed1db40fb930e4	6e1fa65e745e54e35080b2201fe4b0f944a63d22a365beefe5c85f3bb39612c2
future_await_race	8	1	candidate	33261867	ok	33297798eeb96d6d471a6afe97ec8a8bf09eda0ce30e13917aed1db40fb930e4	8f51a5a01a87fbccb4e89043353db0683336285070c1c12ff223a1da364f6f84
future_await_race	8	2	go	4251145	ok	33297798eeb96d6d471a6afe97ec8a8bf09eda0ce30e13917aed1db40fb930e4	6e1fa65e745e54e35080b2201fe4b0f944a63d22a365beefe5c85f3bb39612c2
future_await_race	8	3	baseline	34614458	ok	33297798eeb96d6d471a6afe97ec8a8bf09eda0ce30e13917aed1db40fb930e4	6af5e8e2dd0ed445e8b84ef270e9fb536cc4bc5dcd3653fbfc6e38ea1a8920eb
future_await_race	9	1	go	3995693	ok	33297798eeb96d6d471a6afe97ec8a8bf09eda0ce30e13917aed1db40fb930e4	6e1fa65e745e54e35080b2201fe4b0f944a63d22a365beefe5c85f3bb39612c2
future_await_race	9	2	baseline	32363371	ok	33297798eeb96d6d471a6afe97ec8a8bf09eda0ce30e13917aed1db40fb930e4	6af5e8e2dd0ed445e8b84ef270e9fb536cc4bc5dcd3653fbfc6e38ea1a8920eb
future_await_race	9	3	candidate	26268515	ok	33297798eeb96d6d471a6afe97ec8a8bf09eda0ce30e13917aed1db40fb930e4	8f51a5a01a87fbccb4e89043353db0683336285070c1c12ff223a1da364f6f84
future_await_race	10	1	baseline	27458629	ok	33297798eeb96d6d471a6afe97ec8a8bf09eda0ce30e13917aed1db40fb930e4	6af5e8e2dd0ed445e8b84ef270e9fb536cc4bc5dcd3653fbfc6e38ea1a8920eb
future_await_race	10	2	candidate	34615852	ok	33297798eeb96d6d471a6afe97ec8a8bf09eda0ce30e13917aed1db40fb930e4	8f51a5a01a87fbccb4e89043353db0683336285070c1c12ff223a1da364f6f84
future_await_race	10	3	go	4911841	ok	33297798eeb96d6d471a6afe97ec8a8bf09eda0ce30e13917aed1db40fb930e4	6e1fa65e745e54e35080b2201fe4b0f944a63d22a365beefe5c85f3bb39612c2
future_await_race	11	1	candidate	44187022	ok	33297798eeb96d6d471a6afe97ec8a8bf09eda0ce30e13917aed1db40fb930e4	8f51a5a01a87fbccb4e89043353db0683336285070c1c12ff223a1da364f6f84
future_await_race	11	2	go	4627593	ok	33297798eeb96d6d471a6afe97ec8a8bf09eda0ce30e13917aed1db40fb930e4	6e1fa65e745e54e35080b2201fe4b0f944a63d22a365beefe5c85f3bb39612c2
future_await_race	11	3	baseline	41865056	ok	33297798eeb96d6d471a6afe97ec8a8bf09eda0ce30e13917aed1db40fb930e4	6af5e8e2dd0ed445e8b84ef270e9fb536cc4bc5dcd3653fbfc6e38ea1a8920eb
future_await_race	12	1	go	4041400	ok	33297798eeb96d6d471a6afe97ec8a8bf09eda0ce30e13917aed1db40fb930e4	6e1fa65e745e54e35080b2201fe4b0f944a63d22a365beefe5c85f3bb39612c2
future_await_race	12	2	baseline	30715787	ok	33297798eeb96d6d471a6afe97ec8a8bf09eda0ce30e13917aed1db40fb930e4	6af5e8e2dd0ed445e8b84ef270e9fb536cc4bc5dcd3653fbfc6e38ea1a8920eb
future_await_race	12	3	candidate	30234663	ok	33297798eeb96d6d471a6afe97ec8a8bf09eda0ce30e13917aed1db40fb930e4	8f51a5a01a87fbccb4e89043353db0683336285070c1c12ff223a1da364f6f84
future_await_race	13	1	baseline	33576676	ok	33297798eeb96d6d471a6afe97ec8a8bf09eda0ce30e13917aed1db40fb930e4	6af5e8e2dd0ed445e8b84ef270e9fb536cc4bc5dcd3653fbfc6e38ea1a8920eb
future_await_race	13	2	candidate	33779383	ok	33297798eeb96d6d471a6afe97ec8a8bf09eda0ce30e13917aed1db40fb930e4	8f51a5a01a87fbccb4e89043353db0683336285070c1c12ff223a1da364f6f84
future_await_race	13	3	go	3769351	ok	33297798eeb96d6d471a6afe97ec8a8bf09eda0ce30e13917aed1db40fb930e4	6e1fa65e745e54e35080b2201fe4b0f944a63d22a365beefe5c85f3bb39612c2
future_await_race	14	1	candidate	29046929	ok	33297798eeb96d6d471a6afe97ec8a8bf09eda0ce30e13917aed1db40fb930e4	8f51a5a01a87fbccb4e89043353db0683336285070c1c12ff223a1da364f6f84
future_await_race	14	2	go	4142550	ok	33297798eeb96d6d471a6afe97ec8a8bf09eda0ce30e13917aed1db40fb930e4	6e1fa65e745e54e35080b2201fe4b0f944a63d22a365beefe5c85f3bb39612c2
future_await_race	14	3	baseline	29925579	ok	33297798eeb96d6d471a6afe97ec8a8bf09eda0ce30e13917aed1db40fb930e4	6af5e8e2dd0ed445e8b84ef270e9fb536cc4bc5dcd3653fbfc6e38ea1a8920eb
future_await_race	15	1	go	4603236	ok	33297798eeb96d6d471a6afe97ec8a8bf09eda0ce30e13917aed1db40fb930e4	6e1fa65e745e54e35080b2201fe4b0f944a63d22a365beefe5c85f3bb39612c2
future_await_race	15	2	baseline	33023073	ok	33297798eeb96d6d471a6afe97ec8a8bf09eda0ce30e13917aed1db40fb930e4	6af5e8e2dd0ed445e8b84ef270e9fb536cc4bc5dcd3653fbfc6e38ea1a8920eb
future_await_race	15	3	candidate	33595462	ok	33297798eeb96d6d471a6afe97ec8a8bf09eda0ce30e13917aed1db40fb930e4	8f51a5a01a87fbccb4e89043353db0683336285070c1c12ff223a1da364f6f84
future_await_race	16	1	baseline	33801631	ok	33297798eeb96d6d471a6afe97ec8a8bf09eda0ce30e13917aed1db40fb930e4	6af5e8e2dd0ed445e8b84ef270e9fb536cc4bc5dcd3653fbfc6e38ea1a8920eb
future_await_race	16	2	candidate	34384273	ok	33297798eeb96d6d471a6afe97ec8a8bf09eda0ce30e13917aed1db40fb930e4	8f51a5a01a87fbccb4e89043353db0683336285070c1c12ff223a1da364f6f84
future_await_race	16	3	go	4017020	ok	33297798eeb96d6d471a6afe97ec8a8bf09eda0ce30e13917aed1db40fb930e4	6e1fa65e745e54e35080b2201fe4b0f944a63d22a365beefe5c85f3bb39612c2
future_await_race	17	1	candidate	33460960	ok	33297798eeb96d6d471a6afe97ec8a8bf09eda0ce30e13917aed1db40fb930e4	8f51a5a01a87fbccb4e89043353db0683336285070c1c12ff223a1da364f6f84
future_await_race	17	2	go	3664896	ok	33297798eeb96d6d471a6afe97ec8a8bf09eda0ce30e13917aed1db40fb930e4	6e1fa65e745e54e35080b2201fe4b0f944a63d22a365beefe5c85f3bb39612c2
future_await_race	17	3	baseline	26964200	ok	33297798eeb96d6d471a6afe97ec8a8bf09eda0ce30e13917aed1db40fb930e4	6af5e8e2dd0ed445e8b84ef270e9fb536cc4bc5dcd3653fbfc6e38ea1a8920eb
future_await_race	18	1	go	3962870	ok	33297798eeb96d6d471a6afe97ec8a8bf09eda0ce30e13917aed1db40fb930e4	6e1fa65e745e54e35080b2201fe4b0f944a63d22a365beefe5c85f3bb39612c2
future_await_race	18	2	baseline	29045916	ok	33297798eeb96d6d471a6afe97ec8a8bf09eda0ce30e13917aed1db40fb930e4	6af5e8e2dd0ed445e8b84ef270e9fb536cc4bc5dcd3653fbfc6e38ea1a8920eb
future_await_race	18	3	candidate	31961962	ok	33297798eeb96d6d471a6afe97ec8a8bf09eda0ce30e13917aed1db40fb930e4	8f51a5a01a87fbccb4e89043353db0683336285070c1c12ff223a1da364f6f84
future_await_race	19	1	baseline	30193017	ok	33297798eeb96d6d471a6afe97ec8a8bf09eda0ce30e13917aed1db40fb930e4	6af5e8e2dd0ed445e8b84ef270e9fb536cc4bc5dcd3653fbfc6e38ea1a8920eb
future_await_race	19	2	candidate	29736306	ok	33297798eeb96d6d471a6afe97ec8a8bf09eda0ce30e13917aed1db40fb930e4	8f51a5a01a87fbccb4e89043353db0683336285070c1c12ff223a1da364f6f84
future_await_race	19	3	go	4759863	ok	33297798eeb96d6d471a6afe97ec8a8bf09eda0ce30e13917aed1db40fb930e4	6e1fa65e745e54e35080b2201fe4b0f944a63d22a365beefe5c85f3bb39612c2
future_await_race	20	1	candidate	36069199	ok	33297798eeb96d6d471a6afe97ec8a8bf09eda0ce30e13917aed1db40fb930e4	8f51a5a01a87fbccb4e89043353db0683336285070c1c12ff223a1da364f6f84
future_await_race	20	2	go	4013480	ok	33297798eeb96d6d471a6afe97ec8a8bf09eda0ce30e13917aed1db40fb930e4	6e1fa65e745e54e35080b2201fe4b0f944a63d22a365beefe5c85f3bb39612c2
future_await_race	20	3	baseline	26888740	ok	33297798eeb96d6d471a6afe97ec8a8bf09eda0ce30e13917aed1db40fb930e4	6af5e8e2dd0ed445e8b84ef270e9fb536cc4bc5dcd3653fbfc6e38ea1a8920eb
future_await_race	21	1	go	4677644	ok	33297798eeb96d6d471a6afe97ec8a8bf09eda0ce30e13917aed1db40fb930e4	6e1fa65e745e54e35080b2201fe4b0f944a63d22a365beefe5c85f3bb39612c2
future_await_race	21	2	baseline	43903867	ok	33297798eeb96d6d471a6afe97ec8a8bf09eda0ce30e13917aed1db40fb930e4	6af5e8e2dd0ed445e8b84ef270e9fb536cc4bc5dcd3653fbfc6e38ea1a8920eb
future_await_race	21	3	candidate	44676153	ok	33297798eeb96d6d471a6afe97ec8a8bf09eda0ce30e13917aed1db40fb930e4	8f51a5a01a87fbccb4e89043353db0683336285070c1c12ff223a1da364f6f84
await_channel_mux	1	1	baseline	330351154	ok	0a32fa2e9481ecb635562079d993288d911326d9f36aeea0d9d3058d1a494693	89d5a7e7dbaab4b3606553b61559ece5efc28c0b3d45d0862c9b83c89a433e10
await_channel_mux	1	2	candidate	319207934	ok	0a32fa2e9481ecb635562079d993288d911326d9f36aeea0d9d3058d1a494693	8087a8b5d3f4a786fb2a7e20e742844d49c857c9b93297025c33c2d693307c42
await_channel_mux	1	3	go	5665560	ok	0a32fa2e9481ecb635562079d993288d911326d9f36aeea0d9d3058d1a494693	c3a39e35b30bc1391312cfdd267b2f01e20f17f1fdd439f7f2661eb36eb044de
await_channel_mux	2	1	candidate	398806494	ok	0a32fa2e9481ecb635562079d993288d911326d9f36aeea0d9d3058d1a494693	8087a8b5d3f4a786fb2a7e20e742844d49c857c9b93297025c33c2d693307c42
await_channel_mux	2	2	go	5658755	ok	0a32fa2e9481ecb635562079d993288d911326d9f36aeea0d9d3058d1a494693	c3a39e35b30bc1391312cfdd267b2f01e20f17f1fdd439f7f2661eb36eb044de
await_channel_mux	2	3	baseline	350881146	ok	0a32fa2e9481ecb635562079d993288d911326d9f36aeea0d9d3058d1a494693	89d5a7e7dbaab4b3606553b61559ece5efc28c0b3d45d0862c9b83c89a433e10
await_channel_mux	3	1	go	5629954	ok	0a32fa2e9481ecb635562079d993288d911326d9f36aeea0d9d3058d1a494693	c3a39e35b30bc1391312cfdd267b2f01e20f17f1fdd439f7f2661eb36eb044de
await_channel_mux	3	2	baseline	301995626	ok	0a32fa2e9481ecb635562079d993288d911326d9f36aeea0d9d3058d1a494693	89d5a7e7dbaab4b3606553b61559ece5efc28c0b3d45d0862c9b83c89a433e10
await_channel_mux	3	3	candidate	282130893	ok	0a32fa2e9481ecb635562079d993288d911326d9f36aeea0d9d3058d1a494693	8087a8b5d3f4a786fb2a7e20e742844d49c857c9b93297025c33c2d693307c42
await_channel_mux	4	1	baseline	287903276	ok	0a32fa2e9481ecb635562079d993288d911326d9f36aeea0d9d3058d1a494693	89d5a7e7dbaab4b3606553b61559ece5efc28c0b3d45d0862c9b83c89a433e10
await_channel_mux	4	2	candidate	242268445	ok	0a32fa2e9481ecb635562079d993288d911326d9f36aeea0d9d3058d1a494693	8087a8b5d3f4a786fb2a7e20e742844d49c857c9b93297025c33c2d693307c42
await_channel_mux	4	3	go	4496185	ok	0a32fa2e9481ecb635562079d993288d911326d9f36aeea0d9d3058d1a494693	c3a39e35b30bc1391312cfdd267b2f01e20f17f1fdd439f7f2661eb36eb044de
await_channel_mux	5	1	candidate	219479858	ok	0a32fa2e9481ecb635562079d993288d911326d9f36aeea0d9d3058d1a494693	8087a8b5d3f4a786fb2a7e20e742844d49c857c9b93297025c33c2d693307c42
await_channel_mux	5	2	go	4690793	ok	0a32fa2e9481ecb635562079d993288d911326d9f36aeea0d9d3058d1a494693	c3a39e35b30bc1391312cfdd267b2f01e20f17f1fdd439f7f2661eb36eb044de
await_channel_mux	5	3	baseline	219314020	ok	0a32fa2e9481ecb635562079d993288d911326d9f36aeea0d9d3058d1a494693	89d5a7e7dbaab4b3606553b61559ece5efc28c0b3d45d0862c9b83c89a433e10
await_channel_mux	6	1	go	4529487	ok	0a32fa2e9481ecb635562079d993288d911326d9f36aeea0d9d3058d1a494693	c3a39e35b30bc1391312cfdd267b2f01e20f17f1fdd439f7f2661eb36eb044de
await_channel_mux	6	2	baseline	222079322	ok	0a32fa2e9481ecb635562079d993288d911326d9f36aeea0d9d3058d1a494693	89d5a7e7dbaab4b3606553b61559ece5efc28c0b3d45d0862c9b83c89a433e10
await_channel_mux	6	3	candidate	221237180	ok	0a32fa2e9481ecb635562079d993288d911326d9f36aeea0d9d3058d1a494693	8087a8b5d3f4a786fb2a7e20e742844d49c857c9b93297025c33c2d693307c42
await_channel_mux	7	1	baseline	214346468	ok	0a32fa2e9481ecb635562079d993288d911326d9f36aeea0d9d3058d1a494693	89d5a7e7dbaab4b3606553b61559ece5efc28c0b3d45d0862c9b83c89a433e10
await_channel_mux	7	2	candidate	213605448	ok	0a32fa2e9481ecb635562079d993288d911326d9f36aeea0d9d3058d1a494693	8087a8b5d3f4a786fb2a7e20e742844d49c857c9b93297025c33c2d693307c42
await_channel_mux	7	3	go	4506508	ok	0a32fa2e9481ecb635562079d993288d911326d9f36aeea0d9d3058d1a494693	c3a39e35b30bc1391312cfdd267b2f01e20f17f1fdd439f7f2661eb36eb044de
await_channel_mux	8	1	candidate	261317571	ok	0a32fa2e9481ecb635562079d993288d911326d9f36aeea0d9d3058d1a494693	8087a8b5d3f4a786fb2a7e20e742844d49c857c9b93297025c33c2d693307c42
await_channel_mux	8	2	go	4712356	ok	0a32fa2e9481ecb635562079d993288d911326d9f36aeea0d9d3058d1a494693	c3a39e35b30bc1391312cfdd267b2f01e20f17f1fdd439f7f2661eb36eb044de
await_channel_mux	8	3	baseline	267641008	ok	0a32fa2e9481ecb635562079d993288d911326d9f36aeea0d9d3058d1a494693	89d5a7e7dbaab4b3606553b61559ece5efc28c0b3d45d0862c9b83c89a433e10
await_channel_mux	9	1	go	4478524	ok	0a32fa2e9481ecb635562079d993288d911326d9f36aeea0d9d3058d1a494693	c3a39e35b30bc1391312cfdd267b2f01e20f17f1fdd439f7f2661eb36eb044de
await_channel_mux	9	2	baseline	238996369	ok	0a32fa2e9481ecb635562079d993288d911326d9f36aeea0d9d3058d1a494693	89d5a7e7dbaab4b3606553b61559ece5efc28c0b3d45d0862c9b83c89a433e10
await_channel_mux	9	3	candidate	218338949	ok	0a32fa2e9481ecb635562079d993288d911326d9f36aeea0d9d3058d1a494693	8087a8b5d3f4a786fb2a7e20e742844d49c857c9b93297025c33c2d693307c42
await_channel_mux	10	1	baseline	220881853	ok	0a32fa2e9481ecb635562079d993288d911326d9f36aeea0d9d3058d1a494693	89d5a7e7dbaab4b3606553b61559ece5efc28c0b3d45d0862c9b83c89a433e10
await_channel_mux	10	2	candidate	224359130	ok	0a32fa2e9481ecb635562079d993288d911326d9f36aeea0d9d3058d1a494693	8087a8b5d3f4a786fb2a7e20e742844d49c857c9b93297025c33c2d693307c42
await_channel_mux	10	3	go	4634229	ok	0a32fa2e9481ecb635562079d993288d911326d9f36aeea0d9d3058d1a494693	c3a39e35b30bc1391312cfdd267b2f01e20f17f1fdd439f7f2661eb36eb044de
await_channel_mux	11	1	candidate	289600944	ok	0a32fa2e9481ecb635562079d993288d911326d9f36aeea0d9d3058d1a494693	8087a8b5d3f4a786fb2a7e20e742844d49c857c9b93297025c33c2d693307c42
await_channel_mux	11	2	go	5237096	ok	0a32fa2e9481ecb635562079d993288d911326d9f36aeea0d9d3058d1a494693	c3a39e35b30bc1391312cfdd267b2f01e20f17f1fdd439f7f2661eb36eb044de
await_channel_mux	11	3	baseline	248181446	ok	0a32fa2e9481ecb635562079d993288d911326d9f36aeea0d9d3058d1a494693	89d5a7e7dbaab4b3606553b61559ece5efc28c0b3d45d0862c9b83c89a433e10
await_channel_mux	12	1	go	5032031	ok	0a32fa2e9481ecb635562079d993288d911326d9f36aeea0d9d3058d1a494693	c3a39e35b30bc1391312cfdd267b2f01e20f17f1fdd439f7f2661eb36eb044de
await_channel_mux	12	2	baseline	247840839	ok	0a32fa2e9481ecb635562079d993288d911326d9f36aeea0d9d3058d1a494693	89d5a7e7dbaab4b3606553b61559ece5efc28c0b3d45d0862c9b83c89a433e10
await_channel_mux	12	3	candidate	235157362	ok	0a32fa2e9481ecb635562079d993288d911326d9f36aeea0d9d3058d1a494693	8087a8b5d3f4a786fb2a7e20e742844d49c857c9b93297025c33c2d693307c42
await_channel_mux	13	1	baseline	248162880	ok	0a32fa2e9481ecb635562079d993288d911326d9f36aeea0d9d3058d1a494693	89d5a7e7dbaab4b3606553b61559ece5efc28c0b3d45d0862c9b83c89a433e10
await_channel_mux	13	2	candidate	239364668	ok	0a32fa2e9481ecb635562079d993288d911326d9f36aeea0d9d3058d1a494693	8087a8b5d3f4a786fb2a7e20e742844d49c857c9b93297025c33c2d693307c42
await_channel_mux	13	3	go	4516453	ok	0a32fa2e9481ecb635562079d993288d911326d9f36aeea0d9d3058d1a494693	c3a39e35b30bc1391312cfdd267b2f01e20f17f1fdd439f7f2661eb36eb044de
await_channel_mux	14	1	candidate	240666196	ok	0a32fa2e9481ecb635562079d993288d911326d9f36aeea0d9d3058d1a494693	8087a8b5d3f4a786fb2a7e20e742844d49c857c9b93297025c33c2d693307c42
await_channel_mux	14	2	go	4608406	ok	0a32fa2e9481ecb635562079d993288d911326d9f36aeea0d9d3058d1a494693	c3a39e35b30bc1391312cfdd267b2f01e20f17f1fdd439f7f2661eb36eb044de
await_channel_mux	14	3	baseline	237297942	ok	0a32fa2e9481ecb635562079d993288d911326d9f36aeea0d9d3058d1a494693	89d5a7e7dbaab4b3606553b61559ece5efc28c0b3d45d0862c9b83c89a433e10
await_channel_mux	15	1	go	4927102	ok	0a32fa2e9481ecb635562079d993288d911326d9f36aeea0d9d3058d1a494693	c3a39e35b30bc1391312cfdd267b2f01e20f17f1fdd439f7f2661eb36eb044de
await_channel_mux	15	2	baseline	237277601	ok	0a32fa2e9481ecb635562079d993288d911326d9f36aeea0d9d3058d1a494693	89d5a7e7dbaab4b3606553b61559ece5efc28c0b3d45d0862c9b83c89a433e10
await_channel_mux	15	3	candidate	241345546	ok	0a32fa2e9481ecb635562079d993288d911326d9f36aeea0d9d3058d1a494693	8087a8b5d3f4a786fb2a7e20e742844d49c857c9b93297025c33c2d693307c42
await_channel_mux	16	1	baseline	239260809	ok	0a32fa2e9481ecb635562079d993288d911326d9f36aeea0d9d3058d1a494693	89d5a7e7dbaab4b3606553b61559ece5efc28c0b3d45d0862c9b83c89a433e10
await_channel_mux	16	2	candidate	242023938	ok	0a32fa2e9481ecb635562079d993288d911326d9f36aeea0d9d3058d1a494693	8087a8b5d3f4a786fb2a7e20e742844d49c857c9b93297025c33c2d693307c42
await_channel_mux	16	3	go	4715389	ok	0a32fa2e9481ecb635562079d993288d911326d9f36aeea0d9d3058d1a494693	c3a39e35b30bc1391312cfdd267b2f01e20f17f1fdd439f7f2661eb36eb044de
await_channel_mux	17	1	candidate	253323731	ok	0a32fa2e9481ecb635562079d993288d911326d9f36aeea0d9d3058d1a494693	8087a8b5d3f4a786fb2a7e20e742844d49c857c9b93297025c33c2d693307c42
await_channel_mux	17	2	go	5088453	ok	0a32fa2e9481ecb635562079d993288d911326d9f36aeea0d9d3058d1a494693	c3a39e35b30bc1391312cfdd267b2f01e20f17f1fdd439f7f2661eb36eb044de
await_channel_mux	17	3	baseline	231664803	ok	0a32fa2e9481ecb635562079d993288d911326d9f36aeea0d9d3058d1a494693	89d5a7e7dbaab4b3606553b61559ece5efc28c0b3d45d0862c9b83c89a433e10
await_channel_mux	18	1	go	4555984	ok	0a32fa2e9481ecb635562079d993288d911326d9f36aeea0d9d3058d1a494693	c3a39e35b30bc1391312cfdd267b2f01e20f17f1fdd439f7f2661eb36eb044de
await_channel_mux	18	2	baseline	225923873	ok	0a32fa2e9481ecb635562079d993288d911326d9f36aeea0d9d3058d1a494693	89d5a7e7dbaab4b3606553b61559ece5efc28c0b3d45d0862c9b83c89a433e10
await_channel_mux	18	3	candidate	243022025	ok	0a32fa2e9481ecb635562079d993288d911326d9f36aeea0d9d3058d1a494693	8087a8b5d3f4a786fb2a7e20e742844d49c857c9b93297025c33c2d693307c42
await_channel_mux	19	1	baseline	222220339	ok	0a32fa2e9481ecb635562079d993288d911326d9f36aeea0d9d3058d1a494693	89d5a7e7dbaab4b3606553b61559ece5efc28c0b3d45d0862c9b83c89a433e10
await_channel_mux	19	2	candidate	229798765	ok	0a32fa2e9481ecb635562079d993288d911326d9f36aeea0d9d3058d1a494693	8087a8b5d3f4a786fb2a7e20e742844d49c857c9b93297025c33c2d693307c42
await_channel_mux	19	3	go	4912294	ok	0a32fa2e9481ecb635562079d993288d911326d9f36aeea0d9d3058d1a494693	c3a39e35b30bc1391312cfdd267b2f01e20f17f1fdd439f7f2661eb36eb044de
await_channel_mux	20	1	candidate	217779079	ok	0a32fa2e9481ecb635562079d993288d911326d9f36aeea0d9d3058d1a494693	8087a8b5d3f4a786fb2a7e20e742844d49c857c9b93297025c33c2d693307c42
await_channel_mux	20	2	go	4774549	ok	0a32fa2e9481ecb635562079d993288d911326d9f36aeea0d9d3058d1a494693	c3a39e35b30bc1391312cfdd267b2f01e20f17f1fdd439f7f2661eb36eb044de
await_channel_mux	20	3	baseline	303413518	ok	0a32fa2e9481ecb635562079d993288d911326d9f36aeea0d9d3058d1a494693	89d5a7e7dbaab4b3606553b61559ece5efc28c0b3d45d0862c9b83c89a433e10
await_channel_mux	21	1	go	5402429	ok	0a32fa2e9481ecb635562079d993288d911326d9f36aeea0d9d3058d1a494693	c3a39e35b30bc1391312cfdd267b2f01e20f17f1fdd439f7f2661eb36eb044de
await_channel_mux	21	2	baseline	243147503	ok	0a32fa2e9481ecb635562079d993288d911326d9f36aeea0d9d3058d1a494693	89d5a7e7dbaab4b3606553b61559ece5efc28c0b3d45d0862c9b83c89a433e10
await_channel_mux	21	3	candidate	227491948	ok	0a32fa2e9481ecb635562079d993288d911326d9f36aeea0d9d3058d1a494693	8087a8b5d3f4a786fb2a7e20e742844d49c857c9b93297025c33c2d693307c42
mutex_await_journal	1	1	baseline	437871393	ok	e6f87830a6a1bb1bf3889a6b77eae053bfd3630055a06dd8fd500201586bf61e	ace262ffb38ab59c84807c1c26411ca00100c99782ca0b40a5e1ee8216e4e991
mutex_await_journal	1	2	candidate	513047958	ok	e6f87830a6a1bb1bf3889a6b77eae053bfd3630055a06dd8fd500201586bf61e	0fb022fa337d3e74e2224886687c70955a2dba449cfb2cf93f929d338b6c6d75
mutex_await_journal	1	3	go	5342512	ok	e6f87830a6a1bb1bf3889a6b77eae053bfd3630055a06dd8fd500201586bf61e	c4af346aef56b4bebd01181d9bafea32dd53c346dfe779a3bceb2b12f2038623
mutex_await_journal	2	1	candidate	359066944	ok	e6f87830a6a1bb1bf3889a6b77eae053bfd3630055a06dd8fd500201586bf61e	0fb022fa337d3e74e2224886687c70955a2dba449cfb2cf93f929d338b6c6d75
mutex_await_journal	2	2	go	4855013	ok	e6f87830a6a1bb1bf3889a6b77eae053bfd3630055a06dd8fd500201586bf61e	c4af346aef56b4bebd01181d9bafea32dd53c346dfe779a3bceb2b12f2038623
mutex_await_journal	2	3	baseline	452270607	ok	e6f87830a6a1bb1bf3889a6b77eae053bfd3630055a06dd8fd500201586bf61e	ace262ffb38ab59c84807c1c26411ca00100c99782ca0b40a5e1ee8216e4e991
mutex_await_journal	3	1	go	3636177	ok	e6f87830a6a1bb1bf3889a6b77eae053bfd3630055a06dd8fd500201586bf61e	c4af346aef56b4bebd01181d9bafea32dd53c346dfe779a3bceb2b12f2038623
mutex_await_journal	3	2	baseline	346032875	ok	e6f87830a6a1bb1bf3889a6b77eae053bfd3630055a06dd8fd500201586bf61e	ace262ffb38ab59c84807c1c26411ca00100c99782ca0b40a5e1ee8216e4e991
mutex_await_journal	3	3	candidate	464517501	ok	e6f87830a6a1bb1bf3889a6b77eae053bfd3630055a06dd8fd500201586bf61e	0fb022fa337d3e74e2224886687c70955a2dba449cfb2cf93f929d338b6c6d75
mutex_await_journal	4	1	baseline	279592547	ok	e6f87830a6a1bb1bf3889a6b77eae053bfd3630055a06dd8fd500201586bf61e	ace262ffb38ab59c84807c1c26411ca00100c99782ca0b40a5e1ee8216e4e991
mutex_await_journal	4	2	candidate	318783767	ok	e6f87830a6a1bb1bf3889a6b77eae053bfd3630055a06dd8fd500201586bf61e	0fb022fa337d3e74e2224886687c70955a2dba449cfb2cf93f929d338b6c6d75
mutex_await_journal	4	3	go	4677708	ok	e6f87830a6a1bb1bf3889a6b77eae053bfd3630055a06dd8fd500201586bf61e	c4af346aef56b4bebd01181d9bafea32dd53c346dfe779a3bceb2b12f2038623
mutex_await_journal	5	1	candidate	417120766	ok	e6f87830a6a1bb1bf3889a6b77eae053bfd3630055a06dd8fd500201586bf61e	0fb022fa337d3e74e2224886687c70955a2dba449cfb2cf93f929d338b6c6d75
mutex_await_journal	5	2	go	4507546	ok	e6f87830a6a1bb1bf3889a6b77eae053bfd3630055a06dd8fd500201586bf61e	c4af346aef56b4bebd01181d9bafea32dd53c346dfe779a3bceb2b12f2038623
mutex_await_journal	5	3	baseline	534121859	ok	e6f87830a6a1bb1bf3889a6b77eae053bfd3630055a06dd8fd500201586bf61e	ace262ffb38ab59c84807c1c26411ca00100c99782ca0b40a5e1ee8216e4e991
mutex_await_journal	6	1	go	3925448	ok	e6f87830a6a1bb1bf3889a6b77eae053bfd3630055a06dd8fd500201586bf61e	c4af346aef56b4bebd01181d9bafea32dd53c346dfe779a3bceb2b12f2038623
mutex_await_journal	6	2	baseline	399487207	ok	e6f87830a6a1bb1bf3889a6b77eae053bfd3630055a06dd8fd500201586bf61e	ace262ffb38ab59c84807c1c26411ca00100c99782ca0b40a5e1ee8216e4e991
mutex_await_journal	6	3	candidate	424429883	ok	e6f87830a6a1bb1bf3889a6b77eae053bfd3630055a06dd8fd500201586bf61e	0fb022fa337d3e74e2224886687c70955a2dba449cfb2cf93f929d338b6c6d75
mutex_await_journal	7	1	baseline	340161857	ok	e6f87830a6a1bb1bf3889a6b77eae053bfd3630055a06dd8fd500201586bf61e	ace262ffb38ab59c84807c1c26411ca00100c99782ca0b40a5e1ee8216e4e991
mutex_await_journal	7	2	candidate	401080479	ok	e6f87830a6a1bb1bf3889a6b77eae053bfd3630055a06dd8fd500201586bf61e	0fb022fa337d3e74e2224886687c70955a2dba449cfb2cf93f929d338b6c6d75
mutex_await_journal	7	3	go	3780689	ok	e6f87830a6a1bb1bf3889a6b77eae053bfd3630055a06dd8fd500201586bf61e	c4af346aef56b4bebd01181d9bafea32dd53c346dfe779a3bceb2b12f2038623
mutex_await_journal	8	1	candidate	405000536	ok	e6f87830a6a1bb1bf3889a6b77eae053bfd3630055a06dd8fd500201586bf61e	0fb022fa337d3e74e2224886687c70955a2dba449cfb2cf93f929d338b6c6d75
mutex_await_journal	8	2	go	4472692	ok	e6f87830a6a1bb1bf3889a6b77eae053bfd3630055a06dd8fd500201586bf61e	c4af346aef56b4bebd01181d9bafea32dd53c346dfe779a3bceb2b12f2038623
mutex_await_journal	8	3	baseline	410886410	ok	e6f87830a6a1bb1bf3889a6b77eae053bfd3630055a06dd8fd500201586bf61e	ace262ffb38ab59c84807c1c26411ca00100c99782ca0b40a5e1ee8216e4e991
mutex_await_journal	9	1	go	4104820	ok	e6f87830a6a1bb1bf3889a6b77eae053bfd3630055a06dd8fd500201586bf61e	c4af346aef56b4bebd01181d9bafea32dd53c346dfe779a3bceb2b12f2038623
mutex_await_journal	9	2	baseline	436271838	ok	e6f87830a6a1bb1bf3889a6b77eae053bfd3630055a06dd8fd500201586bf61e	ace262ffb38ab59c84807c1c26411ca00100c99782ca0b40a5e1ee8216e4e991
mutex_await_journal	9	3	candidate	409181149	ok	e6f87830a6a1bb1bf3889a6b77eae053bfd3630055a06dd8fd500201586bf61e	0fb022fa337d3e74e2224886687c70955a2dba449cfb2cf93f929d338b6c6d75
mutex_await_journal	10	1	baseline	419437333	ok	e6f87830a6a1bb1bf3889a6b77eae053bfd3630055a06dd8fd500201586bf61e	ace262ffb38ab59c84807c1c26411ca00100c99782ca0b40a5e1ee8216e4e991
mutex_await_journal	10	2	candidate	423091175	ok	e6f87830a6a1bb1bf3889a6b77eae053bfd3630055a06dd8fd500201586bf61e	0fb022fa337d3e74e2224886687c70955a2dba449cfb2cf93f929d338b6c6d75
mutex_await_journal	10	3	go	3853456	ok	e6f87830a6a1bb1bf3889a6b77eae053bfd3630055a06dd8fd500201586bf61e	c4af346aef56b4bebd01181d9bafea32dd53c346dfe779a3bceb2b12f2038623
mutex_await_journal	11	1	candidate	423331885	ok	e6f87830a6a1bb1bf3889a6b77eae053bfd3630055a06dd8fd500201586bf61e	0fb022fa337d3e74e2224886687c70955a2dba449cfb2cf93f929d338b6c6d75
mutex_await_journal	11	2	go	4279553	ok	e6f87830a6a1bb1bf3889a6b77eae053bfd3630055a06dd8fd500201586bf61e	c4af346aef56b4bebd01181d9bafea32dd53c346dfe779a3bceb2b12f2038623
mutex_await_journal	11	3	baseline	416608948	ok	e6f87830a6a1bb1bf3889a6b77eae053bfd3630055a06dd8fd500201586bf61e	ace262ffb38ab59c84807c1c26411ca00100c99782ca0b40a5e1ee8216e4e991
mutex_await_journal	12	1	go	3581135	ok	e6f87830a6a1bb1bf3889a6b77eae053bfd3630055a06dd8fd500201586bf61e	c4af346aef56b4bebd01181d9bafea32dd53c346dfe779a3bceb2b12f2038623
mutex_await_journal	12	2	baseline	372512054	ok	e6f87830a6a1bb1bf3889a6b77eae053bfd3630055a06dd8fd500201586bf61e	ace262ffb38ab59c84807c1c26411ca00100c99782ca0b40a5e1ee8216e4e991
mutex_await_journal	12	3	candidate	360046372	ok	e6f87830a6a1bb1bf3889a6b77eae053bfd3630055a06dd8fd500201586bf61e	0fb022fa337d3e74e2224886687c70955a2dba449cfb2cf93f929d338b6c6d75
mutex_await_journal	13	1	baseline	385934779	ok	e6f87830a6a1bb1bf3889a6b77eae053bfd3630055a06dd8fd500201586bf61e	ace262ffb38ab59c84807c1c26411ca00100c99782ca0b40a5e1ee8216e4e991
mutex_await_journal	13	2	candidate	340122529	ok	e6f87830a6a1bb1bf3889a6b77eae053bfd3630055a06dd8fd500201586bf61e	0fb022fa337d3e74e2224886687c70955a2dba449cfb2cf93f929d338b6c6d75
mutex_await_journal	13	3	go	3538736	ok	e6f87830a6a1bb1bf3889a6b77eae053bfd3630055a06dd8fd500201586bf61e	c4af346aef56b4bebd01181d9bafea32dd53c346dfe779a3bceb2b12f2038623
mutex_await_journal	14	1	candidate	355142777	ok	e6f87830a6a1bb1bf3889a6b77eae053bfd3630055a06dd8fd500201586bf61e	0fb022fa337d3e74e2224886687c70955a2dba449cfb2cf93f929d338b6c6d75
mutex_await_journal	14	2	go	4458811	ok	e6f87830a6a1bb1bf3889a6b77eae053bfd3630055a06dd8fd500201586bf61e	c4af346aef56b4bebd01181d9bafea32dd53c346dfe779a3bceb2b12f2038623
mutex_await_journal	14	3	baseline	353550772	ok	e6f87830a6a1bb1bf3889a6b77eae053bfd3630055a06dd8fd500201586bf61e	ace262ffb38ab59c84807c1c26411ca00100c99782ca0b40a5e1ee8216e4e991
mutex_await_journal	15	1	go	4063209	ok	e6f87830a6a1bb1bf3889a6b77eae053bfd3630055a06dd8fd500201586bf61e	c4af346aef56b4bebd01181d9bafea32dd53c346dfe779a3bceb2b12f2038623
mutex_await_journal	15	2	baseline	371472512	ok	e6f87830a6a1bb1bf3889a6b77eae053bfd3630055a06dd8fd500201586bf61e	ace262ffb38ab59c84807c1c26411ca00100c99782ca0b40a5e1ee8216e4e991
mutex_await_journal	15	3	candidate	405601515	ok	e6f87830a6a1bb1bf3889a6b77eae053bfd3630055a06dd8fd500201586bf61e	0fb022fa337d3e74e2224886687c70955a2dba449cfb2cf93f929d338b6c6d75
mutex_await_journal	16	1	baseline	346465339	ok	e6f87830a6a1bb1bf3889a6b77eae053bfd3630055a06dd8fd500201586bf61e	ace262ffb38ab59c84807c1c26411ca00100c99782ca0b40a5e1ee8216e4e991
mutex_await_journal	16	2	candidate	362520996	ok	e6f87830a6a1bb1bf3889a6b77eae053bfd3630055a06dd8fd500201586bf61e	0fb022fa337d3e74e2224886687c70955a2dba449cfb2cf93f929d338b6c6d75
mutex_await_journal	16	3	go	3807685	ok	e6f87830a6a1bb1bf3889a6b77eae053bfd3630055a06dd8fd500201586bf61e	c4af346aef56b4bebd01181d9bafea32dd53c346dfe779a3bceb2b12f2038623
mutex_await_journal	17	1	candidate	366257459	ok	e6f87830a6a1bb1bf3889a6b77eae053bfd3630055a06dd8fd500201586bf61e	0fb022fa337d3e74e2224886687c70955a2dba449cfb2cf93f929d338b6c6d75
mutex_await_journal	17	2	go	3624294	ok	e6f87830a6a1bb1bf3889a6b77eae053bfd3630055a06dd8fd500201586bf61e	c4af346aef56b4bebd01181d9bafea32dd53c346dfe779a3bceb2b12f2038623
mutex_await_journal	17	3	baseline	359160588	ok	e6f87830a6a1bb1bf3889a6b77eae053bfd3630055a06dd8fd500201586bf61e	ace262ffb38ab59c84807c1c26411ca00100c99782ca0b40a5e1ee8216e4e991
mutex_await_journal	18	1	go	3661464	ok	e6f87830a6a1bb1bf3889a6b77eae053bfd3630055a06dd8fd500201586bf61e	c4af346aef56b4bebd01181d9bafea32dd53c346dfe779a3bceb2b12f2038623
mutex_await_journal	18	2	baseline	350890844	ok	e6f87830a6a1bb1bf3889a6b77eae053bfd3630055a06dd8fd500201586bf61e	ace262ffb38ab59c84807c1c26411ca00100c99782ca0b40a5e1ee8216e4e991
mutex_await_journal	18	3	candidate	346391240	ok	e6f87830a6a1bb1bf3889a6b77eae053bfd3630055a06dd8fd500201586bf61e	0fb022fa337d3e74e2224886687c70955a2dba449cfb2cf93f929d338b6c6d75
mutex_await_journal	19	1	baseline	339462446	ok	e6f87830a6a1bb1bf3889a6b77eae053bfd3630055a06dd8fd500201586bf61e	ace262ffb38ab59c84807c1c26411ca00100c99782ca0b40a5e1ee8216e4e991
mutex_await_journal	19	2	candidate	419069153	ok	e6f87830a6a1bb1bf3889a6b77eae053bfd3630055a06dd8fd500201586bf61e	0fb022fa337d3e74e2224886687c70955a2dba449cfb2cf93f929d338b6c6d75
mutex_await_journal	19	3	go	3847294	ok	e6f87830a6a1bb1bf3889a6b77eae053bfd3630055a06dd8fd500201586bf61e	c4af346aef56b4bebd01181d9bafea32dd53c346dfe779a3bceb2b12f2038623
mutex_await_journal	20	1	candidate	487437108	ok	e6f87830a6a1bb1bf3889a6b77eae053bfd3630055a06dd8fd500201586bf61e	0fb022fa337d3e74e2224886687c70955a2dba449cfb2cf93f929d338b6c6d75
mutex_await_journal	20	2	go	3876664	ok	e6f87830a6a1bb1bf3889a6b77eae053bfd3630055a06dd8fd500201586bf61e	c4af346aef56b4bebd01181d9bafea32dd53c346dfe779a3bceb2b12f2038623
mutex_await_journal	20	3	baseline	400351073	ok	e6f87830a6a1bb1bf3889a6b77eae053bfd3630055a06dd8fd500201586bf61e	ace262ffb38ab59c84807c1c26411ca00100c99782ca0b40a5e1ee8216e4e991
mutex_await_journal	21	1	go	4178636	ok	e6f87830a6a1bb1bf3889a6b77eae053bfd3630055a06dd8fd500201586bf61e	c4af346aef56b4bebd01181d9bafea32dd53c346dfe779a3bceb2b12f2038623
mutex_await_journal	21	2	baseline	470789860	ok	e6f87830a6a1bb1bf3889a6b77eae053bfd3630055a06dd8fd500201586bf61e	ace262ffb38ab59c84807c1c26411ca00100c99782ca0b40a5e1ee8216e4e991
mutex_await_journal	21	3	candidate	285500928	ok	e6f87830a6a1bb1bf3889a6b77eae053bfd3630055a06dd8fd500201586bf61e	0fb022fa337d3e74e2224886687c70955a2dba449cfb2cf93f929d338b6c6d75
mutex_work_queue	1	1	baseline	853913963	ok	57d3c0d15899da95d375a749cfe34dcc6942eb82a45427f197b9244b85ff8e58	456abe6bd7f257cad7afb526be5aed2d1f5da762c3c03c437d098c980f60566c
mutex_work_queue	1	2	candidate	997993053	ok	57d3c0d15899da95d375a749cfe34dcc6942eb82a45427f197b9244b85ff8e58	bc9584dab9cf5c020ae1440944fb6f7c60cda4873af80afeb4c27a957cd0f3f1
mutex_work_queue	1	3	go	4534661	ok	57d3c0d15899da95d375a749cfe34dcc6942eb82a45427f197b9244b85ff8e58	7771c036d762d992e3d0897f98172aa7f9b99f6f51a026065a6339cb6ff317be
mutex_work_queue	2	1	candidate	1113343423	ok	57d3c0d15899da95d375a749cfe34dcc6942eb82a45427f197b9244b85ff8e58	bc9584dab9cf5c020ae1440944fb6f7c60cda4873af80afeb4c27a957cd0f3f1
mutex_work_queue	2	2	go	4016473	ok	57d3c0d15899da95d375a749cfe34dcc6942eb82a45427f197b9244b85ff8e58	7771c036d762d992e3d0897f98172aa7f9b99f6f51a026065a6339cb6ff317be
mutex_work_queue	2	3	baseline	1052832915	ok	57d3c0d15899da95d375a749cfe34dcc6942eb82a45427f197b9244b85ff8e58	456abe6bd7f257cad7afb526be5aed2d1f5da762c3c03c437d098c980f60566c
mutex_work_queue	3	1	go	4743569	ok	57d3c0d15899da95d375a749cfe34dcc6942eb82a45427f197b9244b85ff8e58	7771c036d762d992e3d0897f98172aa7f9b99f6f51a026065a6339cb6ff317be
mutex_work_queue	3	2	baseline	987803301	ok	57d3c0d15899da95d375a749cfe34dcc6942eb82a45427f197b9244b85ff8e58	456abe6bd7f257cad7afb526be5aed2d1f5da762c3c03c437d098c980f60566c
mutex_work_queue	3	3	candidate	1176964896	ok	57d3c0d15899da95d375a749cfe34dcc6942eb82a45427f197b9244b85ff8e58	bc9584dab9cf5c020ae1440944fb6f7c60cda4873af80afeb4c27a957cd0f3f1
mutex_work_queue	4	1	baseline	907374306	ok	57d3c0d15899da95d375a749cfe34dcc6942eb82a45427f197b9244b85ff8e58	456abe6bd7f257cad7afb526be5aed2d1f5da762c3c03c437d098c980f60566c
mutex_work_queue	4	2	candidate	637738515	ok	57d3c0d15899da95d375a749cfe34dcc6942eb82a45427f197b9244b85ff8e58	bc9584dab9cf5c020ae1440944fb6f7c60cda4873af80afeb4c27a957cd0f3f1
mutex_work_queue	4	3	go	5200773	ok	57d3c0d15899da95d375a749cfe34dcc6942eb82a45427f197b9244b85ff8e58	7771c036d762d992e3d0897f98172aa7f9b99f6f51a026065a6339cb6ff317be
mutex_work_queue	5	1	candidate	887234945	ok	57d3c0d15899da95d375a749cfe34dcc6942eb82a45427f197b9244b85ff8e58	bc9584dab9cf5c020ae1440944fb6f7c60cda4873af80afeb4c27a957cd0f3f1
mutex_work_queue	5	2	go	4158686	ok	57d3c0d15899da95d375a749cfe34dcc6942eb82a45427f197b9244b85ff8e58	7771c036d762d992e3d0897f98172aa7f9b99f6f51a026065a6339cb6ff317be
mutex_work_queue	5	3	baseline	892103852	ok	57d3c0d15899da95d375a749cfe34dcc6942eb82a45427f197b9244b85ff8e58	456abe6bd7f257cad7afb526be5aed2d1f5da762c3c03c437d098c980f60566c
mutex_work_queue	6	1	go	4135721	ok	57d3c0d15899da95d375a749cfe34dcc6942eb82a45427f197b9244b85ff8e58	7771c036d762d992e3d0897f98172aa7f9b99f6f51a026065a6339cb6ff317be
mutex_work_queue	6	2	baseline	1174183094	ok	57d3c0d15899da95d375a749cfe34dcc6942eb82a45427f197b9244b85ff8e58	456abe6bd7f257cad7afb526be5aed2d1f5da762c3c03c437d098c980f60566c
mutex_work_queue	6	3	candidate	1205661367	ok	57d3c0d15899da95d375a749cfe34dcc6942eb82a45427f197b9244b85ff8e58	bc9584dab9cf5c020ae1440944fb6f7c60cda4873af80afeb4c27a957cd0f3f1
mutex_work_queue	7	1	baseline	1190218011	ok	57d3c0d15899da95d375a749cfe34dcc6942eb82a45427f197b9244b85ff8e58	456abe6bd7f257cad7afb526be5aed2d1f5da762c3c03c437d098c980f60566c
mutex_work_queue	7	2	candidate	1043072354	ok	57d3c0d15899da95d375a749cfe34dcc6942eb82a45427f197b9244b85ff8e58	bc9584dab9cf5c020ae1440944fb6f7c60cda4873af80afeb4c27a957cd0f3f1
mutex_work_queue	7	3	go	4776500	ok	57d3c0d15899da95d375a749cfe34dcc6942eb82a45427f197b9244b85ff8e58	7771c036d762d992e3d0897f98172aa7f9b99f6f51a026065a6339cb6ff317be
mutex_work_queue	8	1	candidate	571864123	ok	57d3c0d15899da95d375a749cfe34dcc6942eb82a45427f197b9244b85ff8e58	bc9584dab9cf5c020ae1440944fb6f7c60cda4873af80afeb4c27a957cd0f3f1
mutex_work_queue	8	2	go	4426118	ok	57d3c0d15899da95d375a749cfe34dcc6942eb82a45427f197b9244b85ff8e58	7771c036d762d992e3d0897f98172aa7f9b99f6f51a026065a6339cb6ff317be
mutex_work_queue	8	3	baseline	597868121	ok	57d3c0d15899da95d375a749cfe34dcc6942eb82a45427f197b9244b85ff8e58	456abe6bd7f257cad7afb526be5aed2d1f5da762c3c03c437d098c980f60566c
mutex_work_queue	9	1	go	4098965	ok	57d3c0d15899da95d375a749cfe34dcc6942eb82a45427f197b9244b85ff8e58	7771c036d762d992e3d0897f98172aa7f9b99f6f51a026065a6339cb6ff317be
mutex_work_queue	9	2	baseline	919373204	ok	57d3c0d15899da95d375a749cfe34dcc6942eb82a45427f197b9244b85ff8e58	456abe6bd7f257cad7afb526be5aed2d1f5da762c3c03c437d098c980f60566c
mutex_work_queue	9	3	candidate	1182020599	ok	57d3c0d15899da95d375a749cfe34dcc6942eb82a45427f197b9244b85ff8e58	bc9584dab9cf5c020ae1440944fb6f7c60cda4873af80afeb4c27a957cd0f3f1
mutex_work_queue	10	1	baseline	1097547939	ok	57d3c0d15899da95d375a749cfe34dcc6942eb82a45427f197b9244b85ff8e58	456abe6bd7f257cad7afb526be5aed2d1f5da762c3c03c437d098c980f60566c
mutex_work_queue	10	2	candidate	1200624779	ok	57d3c0d15899da95d375a749cfe34dcc6942eb82a45427f197b9244b85ff8e58	bc9584dab9cf5c020ae1440944fb6f7c60cda4873af80afeb4c27a957cd0f3f1
mutex_work_queue	10	3	go	4098793	ok	57d3c0d15899da95d375a749cfe34dcc6942eb82a45427f197b9244b85ff8e58	7771c036d762d992e3d0897f98172aa7f9b99f6f51a026065a6339cb6ff317be
mutex_work_queue	11	1	candidate	1159016545	ok	57d3c0d15899da95d375a749cfe34dcc6942eb82a45427f197b9244b85ff8e58	bc9584dab9cf5c020ae1440944fb6f7c60cda4873af80afeb4c27a957cd0f3f1
mutex_work_queue	11	2	go	4629791	ok	57d3c0d15899da95d375a749cfe34dcc6942eb82a45427f197b9244b85ff8e58	7771c036d762d992e3d0897f98172aa7f9b99f6f51a026065a6339cb6ff317be
mutex_work_queue	11	3	baseline	879358418	ok	57d3c0d15899da95d375a749cfe34dcc6942eb82a45427f197b9244b85ff8e58	456abe6bd7f257cad7afb526be5aed2d1f5da762c3c03c437d098c980f60566c
mutex_work_queue	12	1	go	4550448	ok	57d3c0d15899da95d375a749cfe34dcc6942eb82a45427f197b9244b85ff8e58	7771c036d762d992e3d0897f98172aa7f9b99f6f51a026065a6339cb6ff317be
mutex_work_queue	12	2	baseline	974191550	ok	57d3c0d15899da95d375a749cfe34dcc6942eb82a45427f197b9244b85ff8e58	456abe6bd7f257cad7afb526be5aed2d1f5da762c3c03c437d098c980f60566c
mutex_work_queue	12	3	candidate	1040519209	ok	57d3c0d15899da95d375a749cfe34dcc6942eb82a45427f197b9244b85ff8e58	bc9584dab9cf5c020ae1440944fb6f7c60cda4873af80afeb4c27a957cd0f3f1
mutex_work_queue	13	1	baseline	866422109	ok	57d3c0d15899da95d375a749cfe34dcc6942eb82a45427f197b9244b85ff8e58	456abe6bd7f257cad7afb526be5aed2d1f5da762c3c03c437d098c980f60566c
mutex_work_queue	13	2	candidate	1072872670	ok	57d3c0d15899da95d375a749cfe34dcc6942eb82a45427f197b9244b85ff8e58	bc9584dab9cf5c020ae1440944fb6f7c60cda4873af80afeb4c27a957cd0f3f1
mutex_work_queue	13	3	go	4965552	ok	57d3c0d15899da95d375a749cfe34dcc6942eb82a45427f197b9244b85ff8e58	7771c036d762d992e3d0897f98172aa7f9b99f6f51a026065a6339cb6ff317be
mutex_work_queue	14	1	candidate	965293595	ok	57d3c0d15899da95d375a749cfe34dcc6942eb82a45427f197b9244b85ff8e58	bc9584dab9cf5c020ae1440944fb6f7c60cda4873af80afeb4c27a957cd0f3f1
mutex_work_queue	14	2	go	4047716	ok	57d3c0d15899da95d375a749cfe34dcc6942eb82a45427f197b9244b85ff8e58	7771c036d762d992e3d0897f98172aa7f9b99f6f51a026065a6339cb6ff317be
mutex_work_queue	14	3	baseline	1137204702	ok	57d3c0d15899da95d375a749cfe34dcc6942eb82a45427f197b9244b85ff8e58	456abe6bd7f257cad7afb526be5aed2d1f5da762c3c03c437d098c980f60566c
mutex_work_queue	15	1	go	4638293	ok	57d3c0d15899da95d375a749cfe34dcc6942eb82a45427f197b9244b85ff8e58	7771c036d762d992e3d0897f98172aa7f9b99f6f51a026065a6339cb6ff317be
mutex_work_queue	15	2	baseline	711491499	ok	57d3c0d15899da95d375a749cfe34dcc6942eb82a45427f197b9244b85ff8e58	456abe6bd7f257cad7afb526be5aed2d1f5da762c3c03c437d098c980f60566c
mutex_work_queue	15	3	candidate	895823105	ok	57d3c0d15899da95d375a749cfe34dcc6942eb82a45427f197b9244b85ff8e58	bc9584dab9cf5c020ae1440944fb6f7c60cda4873af80afeb4c27a957cd0f3f1
mutex_work_queue	16	1	baseline	1085947778	ok	57d3c0d15899da95d375a749cfe34dcc6942eb82a45427f197b9244b85ff8e58	456abe6bd7f257cad7afb526be5aed2d1f5da762c3c03c437d098c980f60566c
mutex_work_queue	16	2	candidate	924710843	ok	57d3c0d15899da95d375a749cfe34dcc6942eb82a45427f197b9244b85ff8e58	bc9584dab9cf5c020ae1440944fb6f7c60cda4873af80afeb4c27a957cd0f3f1
mutex_work_queue	16	3	go	3968522	ok	57d3c0d15899da95d375a749cfe34dcc6942eb82a45427f197b9244b85ff8e58	7771c036d762d992e3d0897f98172aa7f9b99f6f51a026065a6339cb6ff317be
mutex_work_queue	17	1	candidate	899085529	ok	57d3c0d15899da95d375a749cfe34dcc6942eb82a45427f197b9244b85ff8e58	bc9584dab9cf5c020ae1440944fb6f7c60cda4873af80afeb4c27a957cd0f3f1
mutex_work_queue	17	2	go	4598070	ok	57d3c0d15899da95d375a749cfe34dcc6942eb82a45427f197b9244b85ff8e58	7771c036d762d992e3d0897f98172aa7f9b99f6f51a026065a6339cb6ff317be
mutex_work_queue	17	3	baseline	1024026973	ok	57d3c0d15899da95d375a749cfe34dcc6942eb82a45427f197b9244b85ff8e58	456abe6bd7f257cad7afb526be5aed2d1f5da762c3c03c437d098c980f60566c
mutex_work_queue	18	1	go	4622345	ok	57d3c0d15899da95d375a749cfe34dcc6942eb82a45427f197b9244b85ff8e58	7771c036d762d992e3d0897f98172aa7f9b99f6f51a026065a6339cb6ff317be
mutex_work_queue	18	2	baseline	854956333	ok	57d3c0d15899da95d375a749cfe34dcc6942eb82a45427f197b9244b85ff8e58	456abe6bd7f257cad7afb526be5aed2d1f5da762c3c03c437d098c980f60566c
mutex_work_queue	18	3	candidate	1017522471	ok	57d3c0d15899da95d375a749cfe34dcc6942eb82a45427f197b9244b85ff8e58	bc9584dab9cf5c020ae1440944fb6f7c60cda4873af80afeb4c27a957cd0f3f1
mutex_work_queue	19	1	baseline	988612335	ok	57d3c0d15899da95d375a749cfe34dcc6942eb82a45427f197b9244b85ff8e58	456abe6bd7f257cad7afb526be5aed2d1f5da762c3c03c437d098c980f60566c
mutex_work_queue	19	2	candidate	697859896	ok	57d3c0d15899da95d375a749cfe34dcc6942eb82a45427f197b9244b85ff8e58	bc9584dab9cf5c020ae1440944fb6f7c60cda4873af80afeb4c27a957cd0f3f1
mutex_work_queue	19	3	go	4542108	ok	57d3c0d15899da95d375a749cfe34dcc6942eb82a45427f197b9244b85ff8e58	7771c036d762d992e3d0897f98172aa7f9b99f6f51a026065a6339cb6ff317be
mutex_work_queue	20	1	candidate	1154556050	ok	57d3c0d15899da95d375a749cfe34dcc6942eb82a45427f197b9244b85ff8e58	bc9584dab9cf5c020ae1440944fb6f7c60cda4873af80afeb4c27a957cd0f3f1
mutex_work_queue	20	2	go	4628733	ok	57d3c0d15899da95d375a749cfe34dcc6942eb82a45427f197b9244b85ff8e58	7771c036d762d992e3d0897f98172aa7f9b99f6f51a026065a6339cb6ff317be
mutex_work_queue	20	3	baseline	794089793	ok	57d3c0d15899da95d375a749cfe34dcc6942eb82a45427f197b9244b85ff8e58	456abe6bd7f257cad7afb526be5aed2d1f5da762c3c03c437d098c980f60566c
mutex_work_queue	21	1	go	4013269	ok	57d3c0d15899da95d375a749cfe34dcc6942eb82a45427f197b9244b85ff8e58	7771c036d762d992e3d0897f98172aa7f9b99f6f51a026065a6339cb6ff317be
mutex_work_queue	21	2	baseline	866425041	ok	57d3c0d15899da95d375a749cfe34dcc6942eb82a45427f197b9244b85ff8e58	456abe6bd7f257cad7afb526be5aed2d1f5da762c3c03c437d098c980f60566c
mutex_work_queue	21	3	candidate	885913743	ok	57d3c0d15899da95d375a749cfe34dcc6942eb82a45427f197b9244b85ff8e58	bc9584dab9cf5c020ae1440944fb6f7c60cda4873af80afeb4c27a957cd0f3f1
