benchmark	pair	position	variant	real_seconds	stdout_sha256	verified	status
word_frequency	1	1	baseline	1.427047424	7dc1dae393e2c070eb0b9c9e611e154b2e6cce1b4a4268aa1bc73f8ff0e2fd07	1	ok
word_frequency	1	2	candidate	1.489495808	7dc1dae393e2c070eb0b9c9e611e154b2e6cce1b4a4268aa1bc73f8ff0e2fd07	1	ok
word_frequency	2	1	candidate	1.451802624	7dc1dae393e2c070eb0b9c9e611e154b2e6cce1b4a4268aa1bc73f8ff0e2fd07	1	ok
word_frequency	2	2	baseline	1.436488704	7dc1dae393e2c070eb0b9c9e611e154b2e6cce1b4a4268aa1bc73f8ff0e2fd07	1	ok
word_frequency	3	1	baseline	1.538762240	7dc1dae393e2c070eb0b9c9e611e154b2e6cce1b4a4268aa1bc73f8ff0e2fd07	1	ok
word_frequency	3	2	candidate	1.536994816	7dc1dae393e2c070eb0b9c9e611e154b2e6cce1b4a4268aa1bc73f8ff0e2fd07	1	ok
word_frequency	4	1	candidate	1.454435072	7dc1dae393e2c070eb0b9c9e611e154b2e6cce1b4a4268aa1bc73f8ff0e2fd07	1	ok
word_frequency	4	2	baseline	1.406578176	7dc1dae393e2c070eb0b9c9e611e154b2e6cce1b4a4268aa1bc73f8ff0e2fd07	1	ok
word_frequency	5	1	baseline	1.436163840	7dc1dae393e2c070eb0b9c9e611e154b2e6cce1b4a4268aa1bc73f8ff0e2fd07	1	ok
word_frequency	5	2	candidate	1.480100096	7dc1dae393e2c070eb0b9c9e611e154b2e6cce1b4a4268aa1bc73f8ff0e2fd07	1	ok
array_slice_window	1	1	baseline	0.630471168	155f89122475c7b282637dbf2ecba6d19771d396e801b581cb1d1b0cef64103e	1	ok
array_slice_window	1	2	candidate	0.652240384	155f89122475c7b282637dbf2ecba6d19771d396e801b581cb1d1b0cef64103e	1	ok
array_slice_window	2	1	candidate	0.662604032	155f89122475c7b282637dbf2ecba6d19771d396e801b581cb1d1b0cef64103e	1	ok
array_slice_window	2	2	baseline	0.614372352	155f89122475c7b282637dbf2ecba6d19771d396e801b581cb1d1b0cef64103e	1	ok
array_slice_window	3	1	baseline	0.619880192	155f89122475c7b282637dbf2ecba6d19771d396e801b581cb1d1b0cef64103e	1	ok
array_slice_window	3	2	candidate	0.645361152	155f89122475c7b282637dbf2ecba6d19771d396e801b581cb1d1b0cef64103e	1	ok
array_slice_window	4	1	candidate	0.649048320	155f89122475c7b282637dbf2ecba6d19771d396e801b581cb1d1b0cef64103e	1	ok
array_slice_window	4	2	baseline	0.622882560	155f89122475c7b282637dbf2ecba6d19771d396e801b581cb1d1b0cef64103e	1	ok
array_slice_window	5	1	baseline	0.620135168	155f89122475c7b282637dbf2ecba6d19771d396e801b581cb1d1b0cef64103e	1	ok
array_slice_window	5	2	candidate	0.643474176	155f89122475c7b282637dbf2ecba6d19771d396e801b581cb1d1b0cef64103e	1	ok
mandelbrot	1	1	baseline	6.873846784	d1560cadc49ab9dca30a4cfbe4123c1fcc0240ed80de27ad37d7fcc97159173e	1	ok
mandelbrot	1	2	candidate	6.174738432	d1560cadc49ab9dca30a4cfbe4123c1fcc0240ed80de27ad37d7fcc97159173e	1	ok
mandelbrot	2	1	candidate	6.240680704	d1560cadc49ab9dca30a4cfbe4123c1fcc0240ed80de27ad37d7fcc97159173e	1	ok
mandelbrot	2	2	baseline	6.171891200	d1560cadc49ab9dca30a4cfbe4123c1fcc0240ed80de27ad37d7fcc97159173e	1	ok
mandelbrot	3	1	baseline	6.298932224	d1560cadc49ab9dca30a4cfbe4123c1fcc0240ed80de27ad37d7fcc97159173e	1	ok
mandelbrot	3	2	candidate	6.602828544	d1560cadc49ab9dca30a4cfbe4123c1fcc0240ed80de27ad37d7fcc97159173e	1	ok
mandelbrot	4	1	candidate	6.409219584	d1560cadc49ab9dca30a4cfbe4123c1fcc0240ed80de27ad37d7fcc97159173e	1	ok
mandelbrot	4	2	baseline	6.387153664	d1560cadc49ab9dca30a4cfbe4123c1fcc0240ed80de27ad37d7fcc97159173e	1	ok
mandelbrot	5	1	baseline	6.394645760	d1560cadc49ab9dca30a4cfbe4123c1fcc0240ed80de27ad37d7fcc97159173e	1	ok
mandelbrot	5	2	candidate	6.553542400	d1560cadc49ab9dca30a4cfbe4123c1fcc0240ed80de27ad37d7fcc97159173e	1	ok
option_result_config	1	1	baseline	0.919845376	28e46b27a6dceeaa15968e9db7a6728f4a2b35f87a89ff7bf561db18cad53112	1	ok
option_result_config	1	2	candidate	0.859225088	28e46b27a6dceeaa15968e9db7a6728f4a2b35f87a89ff7bf561db18cad53112	1	ok
option_result_config	2	1	candidate	0.834711040	28e46b27a6dceeaa15968e9db7a6728f4a2b35f87a89ff7bf561db18cad53112	1	ok
option_result_config	2	2	baseline	0.826658048	28e46b27a6dceeaa15968e9db7a6728f4a2b35f87a89ff7bf561db18cad53112	1	ok
option_result_config	3	1	baseline	0.882946560	28e46b27a6dceeaa15968e9db7a6728f4a2b35f87a89ff7bf561db18cad53112	1	ok
option_result_config	3	2	candidate	0.855496960	28e46b27a6dceeaa15968e9db7a6728f4a2b35f87a89ff7bf561db18cad53112	1	ok
option_result_config	4	1	candidate	0.849050368	28e46b27a6dceeaa15968e9db7a6728f4a2b35f87a89ff7bf561db18cad53112	1	ok
option_result_config	4	2	baseline	0.843613440	28e46b27a6dceeaa15968e9db7a6728f4a2b35f87a89ff7bf561db18cad53112	1	ok
option_result_config	5	1	baseline	0.816058112	28e46b27a6dceeaa15968e9db7a6728f4a2b35f87a89ff7bf561db18cad53112	1	ok
option_result_config	5	2	candidate	0.852945664	28e46b27a6dceeaa15968e9db7a6728f4a2b35f87a89ff7bf561db18cad53112	1	ok
mutex_ledger	1	1	baseline	0.339328768	58f2e2fda882a7c1e5032a2f34c4d9d05f40ced51199c0be0672ecc4d4cf14e4	1	ok
mutex_ledger	1	2	candidate	0.337629440	58f2e2fda882a7c1e5032a2f34c4d9d05f40ced51199c0be0672ecc4d4cf14e4	1	ok
mutex_ledger	2	1	candidate	0.346492672	58f2e2fda882a7c1e5032a2f34c4d9d05f40ced51199c0be0672ecc4d4cf14e4	1	ok
mutex_ledger	2	2	baseline	0.354920704	58f2e2fda882a7c1e5032a2f34c4d9d05f40ced51199c0be0672ecc4d4cf14e4	1	ok
mutex_ledger	3	1	baseline	0.346500352	58f2e2fda882a7c1e5032a2f34c4d9d05f40ced51199c0be0672ecc4d4cf14e4	1	ok
mutex_ledger	3	2	candidate	0.348511744	58f2e2fda882a7c1e5032a2f34c4d9d05f40ced51199c0be0672ecc4d4cf14e4	1	ok
mutex_ledger	4	1	candidate	0.337666816	58f2e2fda882a7c1e5032a2f34c4d9d05f40ced51199c0be0672ecc4d4cf14e4	1	ok
mutex_ledger	4	2	baseline	0.347888896	58f2e2fda882a7c1e5032a2f34c4d9d05f40ced51199c0be0672ecc4d4cf14e4	1	ok
mutex_ledger	5	1	baseline	0.348236544	58f2e2fda882a7c1e5032a2f34c4d9d05f40ced51199c0be0672ecc4d4cf14e4	1	ok
mutex_ledger	5	2	candidate	0.323034880	58f2e2fda882a7c1e5032a2f34c4d9d05f40ced51199c0be0672ecc4d4cf14e4	1	ok
unicode_scalar_pipeline	1	1	baseline	3.437266688	c9efadb7f22969600334daa4a4eed2edde38c8e86d2c81d354d6f3979c854eb9	1	ok
unicode_scalar_pipeline	1	2	candidate	3.486956544	c9efadb7f22969600334daa4a4eed2edde38c8e86d2c81d354d6f3979c854eb9	1	ok
unicode_scalar_pipeline	2	1	candidate	3.614286592	c9efadb7f22969600334daa4a4eed2edde38c8e86d2c81d354d6f3979c854eb9	1	ok
unicode_scalar_pipeline	2	2	baseline	3.558471168	c9efadb7f22969600334daa4a4eed2edde38c8e86d2c81d354d6f3979c854eb9	1	ok
unicode_scalar_pipeline	3	1	baseline	3.291085824	c9efadb7f22969600334daa4a4eed2edde38c8e86d2c81d354d6f3979c854eb9	1	ok
unicode_scalar_pipeline	3	2	candidate	3.403588864	c9efadb7f22969600334daa4a4eed2edde38c8e86d2c81d354d6f3979c854eb9	1	ok
unicode_scalar_pipeline	4	1	candidate	3.437090816	c9efadb7f22969600334daa4a4eed2edde38c8e86d2c81d354d6f3979c854eb9	1	ok
unicode_scalar_pipeline	4	2	baseline	3.389118208	c9efadb7f22969600334daa4a4eed2edde38c8e86d2c81d354d6f3979c854eb9	1	ok
unicode_scalar_pipeline	5	1	baseline	3.361415680	c9efadb7f22969600334daa4a4eed2edde38c8e86d2c81d354d6f3979c854eb9	1	ok
unicode_scalar_pipeline	5	2	candidate	3.520314624	c9efadb7f22969600334daa4a4eed2edde38c8e86d2c81d354d6f3979c854eb9	1	ok
reverse_complement	1	1	baseline	6.490181632	db06a593d68950aa91293fb57ffed87ad57040c4ac7ab81ae9dc43d50b400bb7	1	ok
reverse_complement	1	2	candidate	6.483408640	db06a593d68950aa91293fb57ffed87ad57040c4ac7ab81ae9dc43d50b400bb7	1	ok
reverse_complement	2	1	candidate	6.542496512	db06a593d68950aa91293fb57ffed87ad57040c4ac7ab81ae9dc43d50b400bb7	1	ok
reverse_complement	2	2	baseline	6.664943104	db06a593d68950aa91293fb57ffed87ad57040c4ac7ab81ae9dc43d50b400bb7	1	ok
reverse_complement	3	1	baseline	6.772270080	db06a593d68950aa91293fb57ffed87ad57040c4ac7ab81ae9dc43d50b400bb7	1	ok
reverse_complement	3	2	candidate	7.331940096	db06a593d68950aa91293fb57ffed87ad57040c4ac7ab81ae9dc43d50b400bb7	1	ok
reverse_complement	4	1	candidate	6.614947072	db06a593d68950aa91293fb57ffed87ad57040c4ac7ab81ae9dc43d50b400bb7	1	ok
reverse_complement	4	2	baseline	6.762027008	db06a593d68950aa91293fb57ffed87ad57040c4ac7ab81ae9dc43d50b400bb7	1	ok
reverse_complement	5	1	baseline	7.351269888	db06a593d68950aa91293fb57ffed87ad57040c4ac7ab81ae9dc43d50b400bb7	1	ok
reverse_complement	5	2	candidate	7.505419008	db06a593d68950aa91293fb57ffed87ad57040c4ac7ab81ae9dc43d50b400bb7	1	ok
rational_series	1	1	baseline	4.812100608	127f0f44ee4870b57a188a7948f80a0a5d14584a326c345a48d4285594069f0c	1	ok
rational_series	1	2	candidate	4.252817664	127f0f44ee4870b57a188a7948f80a0a5d14584a326c345a48d4285594069f0c	1	ok
rational_series	2	1	candidate	3.943953664	127f0f44ee4870b57a188a7948f80a0a5d14584a326c345a48d4285594069f0c	1	ok
rational_series	2	2	baseline	3.956547584	127f0f44ee4870b57a188a7948f80a0a5d14584a326c345a48d4285594069f0c	1	ok
rational_series	3	1	baseline	3.884971264	127f0f44ee4870b57a188a7948f80a0a5d14584a326c345a48d4285594069f0c	1	ok
rational_series	3	2	candidate	4.125563904	127f0f44ee4870b57a188a7948f80a0a5d14584a326c345a48d4285594069f0c	1	ok
rational_series	4	1	candidate	4.438456576	127f0f44ee4870b57a188a7948f80a0a5d14584a326c345a48d4285594069f0c	1	ok
rational_series	4	2	baseline	3.916996608	127f0f44ee4870b57a188a7948f80a0a5d14584a326c345a48d4285594069f0c	1	ok
rational_series	5	1	baseline	4.161282816	127f0f44ee4870b57a188a7948f80a0a5d14584a326c345a48d4285594069f0c	1	ok
rational_series	5	2	candidate	3.962725888	127f0f44ee4870b57a188a7948f80a0a5d14584a326c345a48d4285594069f0c	1	ok
json	1	1	baseline	0.835810560	7cbf9736119f7683d59646bea566591a2ef278db54286b8e2525aa39e907839e	1	ok
json	1	2	candidate	0.758389504	7cbf9736119f7683d59646bea566591a2ef278db54286b8e2525aa39e907839e	1	ok
json	2	1	candidate	0.914301952	7cbf9736119f7683d59646bea566591a2ef278db54286b8e2525aa39e907839e	1	ok
json	2	2	baseline	0.987516672	7cbf9736119f7683d59646bea566591a2ef278db54286b8e2525aa39e907839e	1	ok
json	3	1	baseline	0.800702208	7cbf9736119f7683d59646bea566591a2ef278db54286b8e2525aa39e907839e	1	ok
json	3	2	candidate	0.922576896	7cbf9736119f7683d59646bea566591a2ef278db54286b8e2525aa39e907839e	1	ok
json	4	1	candidate	0.844079104	7cbf9736119f7683d59646bea566591a2ef278db54286b8e2525aa39e907839e	1	ok
json	4	2	baseline	0.858771456	7cbf9736119f7683d59646bea566591a2ef278db54286b8e2525aa39e907839e	1	ok
json	5	1	baseline	0.807069696	7cbf9736119f7683d59646bea566591a2ef278db54286b8e2525aa39e907839e	1	ok
json	5	2	candidate	1.505205248	7cbf9736119f7683d59646bea566591a2ef278db54286b8e2525aa39e907839e	1	ok
