state	family	disposition	lines	bytes	sha256	path
tracked-modified	handoff-release-tooling	retain	50043	3510078	dbb238148adc0b7c6ec4a076d7ff627b4f5980b31919278624dbc57f7c9f5dcf	LOG.md
tracked-modified	handoff-release-tooling	retain	203	10417	6f3ed67d08339361cfc15f85f7124d7d7aa75f32e52e93a861b34370a1e75d8b	PLAN.md
tracked-modified	benchmark-tools-contracts	retain	269	14995	04c4117d36706b62cd8bdb1ac4a72d10ed3f26522d8babeeb3fee8fb35950601	justfile
tracked-modified	handoff-release-tooling	retain	179	4546	4c9ba37367560ff1a2c47414f19a0cedb578c5fd71ab069b0194ba4936f1e971	run_stdlib_tests.sh
tracked-modified	handoff-release-tooling	retain	5414	363766	2845e4ad4b547bde17a368943d628098737f1193faaae2e1c859fd147ad74b46	v12/LOG.md
tracked-modified	benchmark-tools-contracts	retain	437	21776	508f6b7884e0213b32aa6597059f9aa5bb4aba5391420edc230213e91e1aa390	v12/bench-bytecode-native-hot-tier-design.json
tracked-modified	benchmark-tools-contracts	retain	118	4820	4d099d67fba875d8ecc55e14bb56f7b4f3d87b048e0b9f94e2ff1d277b8b39f6	v12/bench-bytecode-semantic-region-feasibility.json
tracked-modified	benchmark-tools-contracts	retain	166	7087	6286e174c026d315958a8aadaf4121db47020c38c89bd995688b7397ab93ca03	v12/bench-compiled-architecture-budget.json
tracked-modified	benchmark-tools-contracts	retain	25	1691	39cec726218c695013d92fabb512729fd27727f08e06f2940edac3bd9a0cf27b	v12/bench-cross-engine-architecture-budget.json
tracked-modified	benchmark-tools-contracts	retain	130	6241	fe1cf82452279882de0373dcff65752eec03e06e18d16b67855e1d0b159d7d25	v12/bench-cross-engine-structural-strategy.json
tracked-modified	benchmark-tools-contracts	retain	581	21389	1db9fb3a8d07e04a18aed1f8ad328fd9339d35434cb7023b3697a3930743c08a	v12/bench-feature-coverage.json
tracked-modified	benchmark-tools-contracts	retain	379	35463	a9f3995c2a7e6671def55576b48b555d0241357698d33bff1a1388ffaec6b9dc	v12/bench-operation-depth.json
tracked-modified	benchmark-tools-contracts	retain	1	71721	f00e9fafd2ad222c018de0748093957687bfd555f3bceb711825ef23191c3ffc	v12/bench-performance-closure-ledger.json
tracked-modified	benchmark-tools-contracts	retain	555	39121	9579333bba3b73a828c1ac324ba6c64adb0c18c70212a36ed1f42a48e761f48f	v12/bench-performance-frontier-evidence.json
tracked-modified	benchmark-tools-contracts	retain	198	8755	9e7bf0b5443d8e07855860452e8b4a5703cde5f9b6484eaee0d6521146fba90a	v12/bench-performance-stability.json
tracked-modified	benchmark-tools-contracts	retain	195	10346	69b2877a562521842ec1ee4a54de4bcb0378c10e4f6bb6a033c2d854ef8a0e4a	v12/bench-portable-vm-backend-adr.json
tracked-modified	benchmark-tools-contracts	retain	129	3469	dac2450e10f73655271c2e03b236e3d2c0b4dfe83e8bdfcfda9bee4efdba9d23	v12/bench-selection-manifest.json
tracked-modified	benchmark-tools-contracts	retain	208	11048	679da72db9691db953de93912fd8166a48941ebb575899cd3911b5592b3f4541	v12/bench-shared-runtime-semantic-abi.json
tracked-modified	benchmark-tools-contracts	retain	114	4967	d0cf522d9ac65e22eaebd60975136ed1ac8749d319358526b1fbb3339a829abf	v12/bench_bytecode_native_hot_tier_budget_test.py
tracked-modified	benchmark-tools-contracts	retain	408	14302	6b44a45f60ae0fa7911407962a8dbda13e57411213ea0699bf5704a54f599cd3	v12/bench_compiled_boundary_audit
tracked-modified	benchmark-tools-contracts	retain	77	3194	972e20e8410e107fba58fd0c40f896d598535a2a1826fd74174951e58518d5d3	v12/bench_cross_engine_architecture_budget_test.py
tracked-modified	benchmark-tools-contracts	retain	109	4823	21d4ac8b9d8979c5b8fae16513cfd020fb358c0e865f5a766644a0fb8dfe4e6a	v12/bench_cross_engine_structural_strategy_test.py
tracked-modified	benchmark-tools-contracts	retain	939	31446	f5b2415a8a1719a659c77d0cfd9af8d0e60b2e85a67a43bc2c337dbd81309865	v12/bench_external_catalog.sh
tracked-modified	benchmark-tools-contracts	retain	88	3318	7a018bfa03d86bdd42adc67a1a2d7fc5edeb40a73482ee0927457da6f896029d	v12/bench_feature_coverage_check_test.py
tracked-modified	benchmark-tools-contracts	retain	234	10317	ee7eaadf0b0c39f45d933b305878a214867ce8ef7c39a7b7afc02db33be7663d	v12/bench_feature_interaction_matrix_test.py
tracked-modified	benchmark-tools-contracts	retain	469	20587	2de6fb206e6506442ce2b65d51e0ea55b5a19fae5f4e72b429a66ff19234bb06	v12/bench_feature_interaction_triples_test.py
tracked-modified	benchmark-tools-contracts	retain	483	19909	5b1ab85812c1bce6e5ef9d28e88c2754952462010f260e144718ef577576dbb4	v12/bench_refresh_external_scorecard
tracked-modified	benchmark-tools-contracts	retain	81	3216	ade523613c118bd70dfb82ffe8821579c37d4a191139059e549a5487852f34e0	v12/bench_residual_cost_model_test.py
tracked-modified	benchmark-tools-contracts	retain	118	4355	ff8354568349c1ac8355efa46763b159e83874411f77933d039b30ac60105039	v12/bench_scorecard_evidence_check.py
tracked-modified	performance-evidence	retain	7496	455330	83abb85ef63f9c699a2bd712413aaa6ad8d9658d6bfaeb749938738aa0f8e572	v12/docs/perf-baselines/2026-07-20-cross-mode-performance-frontier.json
tracked-modified	performance-evidence	retain	329	72455	c7256f0f0d0b50a4dacdc9aaa1270474ad7e3669767998088e39b352f882a617	v12/docs/perf-baselines/2026-07-20-cross-mode-performance-frontier.md
tracked-modified	performance-evidence	retain	505	17283	499c96e9949a7828bf6dc4df4b257257f6d8fcaa95006c5edb87e23c3e05ee7e	v12/docs/perf-baselines/2026-07-21-cross-mode-residual-cost-model.json
tracked-modified	performance-evidence	retain	91	7064	59b4159dfc9dadfb52881805a706289cc035164c4799750521c8bd45a9a6bcb3	v12/docs/perf-baselines/2026-07-21-cross-mode-residual-cost-model.md
tracked-modified	performance-evidence	retain	9791	308598	9e5afa1529c79daf656d82c58d0d440e4494f1f3e72efdde6a742d2cc739bf8f	v12/docs/perf-baselines/2026-07-21-feature-interaction-triple-frontier.json
tracked-modified	performance-evidence	retain	182	94437	dcf09e234eaabc125f21fcac628181d930af0ed3488532636e62d7bca64c3644	v12/docs/perf-baselines/2026-07-21-feature-interaction-triple-frontier.md
tracked-modified	performance-evidence	retain	1519	67492	7e58450b286d7b45a25383708bfbcfda7f86865e8943a102c11a3acbfdb24167	v12/docs/perf-baselines/2026-07-22-bytecode-native-hot-tier-design-budget.json
tracked-modified	performance-evidence	retain	172	11519	fdf3b25be8ffe4b0de58bb142fb725dc1e12e2160d99cefc44ebaea9f63d529f	v12/docs/perf-baselines/2026-07-22-bytecode-native-hot-tier-design-budget.md
tracked-modified	performance-evidence	retain	178	7693	ec05a39277f57e0a3b4de5931c547967c6ccb2a04c98b1ce90d331eef1adb0db	v12/docs/perf-baselines/2026-07-22-bytecode-semantic-region-tier-feasibility.json
tracked-modified	performance-evidence	retain	349	15265	69679874a7d9666a32411bb126c726349cdfeff692055d6c0d13bf53b5d1f78e	v12/docs/perf-baselines/2026-07-22-cross-engine-structural-strategy-reconciliation.json
tracked-modified	performance-evidence	retain	111	6736	2cc5f59fa7db3f234f643eb304e87f3de82fa3699da90e4ac9345b2333021f18	v12/docs/perf-baselines/2026-07-22-cross-engine-structural-strategy-reconciliation.md
tracked-modified	performance-evidence	retain	449	16563	74ff5bb5e1d4a473ed521e92b6a997fbe229eadbb02cc6cdf697dd28cfb38831	v12/docs/perf-baselines/2026-07-22-current-compiled-architecture-target-budget.json
tracked-modified	performance-evidence	retain	237	8044	c259c7b9988f96d77b9791bdb530672936d34e1af540602d4ae827877d939b08	v12/docs/perf-baselines/2026-07-22-current-cross-engine-architecture-target-budget-reconciliation.json
tracked-modified	performance-evidence	retain	72	3803	a409de0cba6259a14243820d08f3a21e84716c4d07eed06fd5bb128a77db29ee	v12/docs/perf-baselines/2026-07-22-current-cross-engine-architecture-target-budget-reconciliation.md
tracked-modified	performance-evidence	retain	290	14206	af7eb2539bb16be719af1ead3eb276b8f912e788a15de84371b30436c3d57f2e	v12/docs/perf-baselines/2026-07-22-portable-vm-backend-abi-dependency-adr.json
tracked-modified	performance-evidence	retain	309	15035	83e9792145e78d48bd55e53ecae68c51f4965666302db1e2b14217616f00dea5	v12/docs/perf-baselines/2026-07-22-shared-runtime-closed-region-cutover-decision.json
tracked-modified	performance-evidence	retain	281	14066	b7d4ffb2e26f4f88dc317bd456e7f84d7e865d902f661f80ebcd0a867960acfb	v12/docs/perf-baselines/2026-07-22-shared-runtime-semantic-abi-feasibility.json
tracked-modified	performance-evidence	retain	140	209032	9df24ffed73a2ad39060eb2229f7588d617426fa456c3b8df3ff045d5392b53c	v12/docs/perf-baselines/external-scoreboard-current.json
tracked-modified	performance-evidence	retain	181	18781	288892e419ee1906685f37f5e8ddd1d1d00b062b0570ead9baa88f539c19da3a	v12/docs/perf-baselines/external-scoreboard-current.md
tracked-modified	deferred-wasm	hold	163	6216	bb72614c797b28650bce09915e6d3de9e5a94d89918187ad0cc302c5f90e7de7	v12/docs/wasm-host-abi.md
tracked-modified	deferred-wasm	hold	72	1902	552e53c230c2e6cdc906744c2ac3fb948e546e06f4e649ab7520698a956c909c	v12/interpreters/go/cmd/ablewasm/main_js_wasm.go
tracked-modified	compiler-aot-runtime	retain	93	6481	c6018a67c39f02d97c4f648a1c614c4f3e576194dca8a0ebfa46143b868b5881	v12/interpreters/go/pkg/compiler/bridge/bridge_interpreter.go
tracked-modified	compiler-aot-runtime	retain	173	5935	5ac7443172c46d3bfee4571053fbc8ea302ceda92345bd00533b5b7dfb73e272	v12/interpreters/go/pkg/compiler/bridge/bridge_runtime_ops.go
tracked-modified	compiler-aot-runtime	retain	464	12308	77cfffee51ddb2ef1f960ad3f41cd1c363b8eace6f509a573ab3b9f54c6ef032	v12/interpreters/go/pkg/compiler/bridge/bridge_static_types.go
tracked-modified	compiler-aot-runtime	retain	169	5439	2b190f43f526728ca3210acbb786e261408fc61fb60d784ddbdf929b795b7a25	v12/interpreters/go/pkg/compiler/bridge/bridge_static_types_test.go
tracked-modified	compiler-aot-runtime	retain	264	7638	9cc1ea69da8e212dabe97449af38defb341e9ec5a28f227df06ded7a110df5d5	v12/interpreters/go/pkg/compiler/bridge/bridge_struct_definitions.go
tracked-modified	compiler-aot-runtime	retain	249	8461	908a018e2ab5e7363eb941115d4aa1456aa7f84e94fa1a561a9d49c4b3932b8a	v12/interpreters/go/pkg/compiler/compiler_array_value_boundary_test.go
tracked-modified	compiler-aot-runtime	retain	247	9102	aa79aa33b1f634f8d51676cd19d371b892004fe6355262bb811bdca60a738094	v12/interpreters/go/pkg/compiler/compiler_execution_context_parity_test.go
tracked-modified	compiler-aot-runtime	retain	646	19910	11c5442d90506c18e6b5851d72f8309bc2b6902fcaf055886303b718cad86591	v12/interpreters/go/pkg/compiler/compiler_hashmap_native_test.go
tracked-modified	compiler-aot-runtime	retain	63	1785	7fe102f8d9c7479de4166054971ce2b0e82c141c14eb714fe1e4abfdb79d90f3	v12/interpreters/go/pkg/compiler/compiler_mutex_await_lock_exec_test.go
tracked-modified	compiler-aot-runtime	retain	991	37425	858b41766ba5d1226682a762f7d06a26be1404dc0e7781262e0e66b9a35bdd02	v12/interpreters/go/pkg/compiler/generator.go
tracked-modified	compiler-aot-runtime	retain	130	5531	acde407cdc9461f373571c7eb84a65538832233889c297339b36dc0cbfa6acc8	v12/interpreters/go/pkg/compiler/generator_bound_method_values.go
tracked-modified	compiler-aot-runtime	retain	856	36785	a9a1f24c5d6da06e19343f3a395f17c0c21cfe6577928b805fbf3a8c72e1a7fe	v12/interpreters/go/pkg/compiler/generator_collections.go
tracked-modified	compiler-aot-runtime	retain	144	4921	b11ec4df97c81b2ffa00d7d939e96d274b48fd0d780940be3c6e9a4a79e18c6f	v12/interpreters/go/pkg/compiler/generator_concurrency.go
tracked-modified	compiler-aot-runtime	retain	176	5983	12e9874858e612c9a4b18b4bc87676d29ee3a95597795b9197a74794d4d66c7f	v12/interpreters/go/pkg/compiler/generator_execution_context.go
tracked-modified	compiler-aot-runtime	retain	979	38377	1fe645fcc2e885a2f110ad3208e4e7388e97b2549eb119e53a88120adae05d98	v12/interpreters/go/pkg/compiler/generator_exprs.go
tracked-modified	compiler-aot-runtime	retain	777	28070	0f0e8a8ec4856510362b159a21c91c940da67ba78ce8fd56f40bbcea51db26a4	v12/interpreters/go/pkg/compiler/generator_exprs_lambda_cast_range.go
tracked-modified	compiler-aot-runtime	retain	126	5052	ae008a7d99a33b32239a1a4c6b95dd770e4d9b78a4ad5cbd54bc23a7a7192394	v12/interpreters/go/pkg/compiler/generator_iterator_controller_calls.go
tracked-modified	compiler-aot-runtime	retain	96	3759	1842c4ec9899fbbf6f4ab862843bd966023ae542e31718a7ee7ed8645b25e48b	v12/interpreters/go/pkg/compiler/generator_native_callable_calls.go
tracked-modified	compiler-aot-runtime	retain	731	20668	f90aaa95a5aeb4a964e9199cdddff0aa68606faa13328239c8e4a92cfbf305d1	v12/interpreters/go/pkg/compiler/generator_placeholders.go
tracked-modified	compiler-aot-runtime	retain	161	7216	5bd1263e36b89e842bd1421cbd71ba1eb0aebbb80fdf150cd1db0440bf8d23a5	v12/interpreters/go/pkg/compiler/generator_render_callables.go
tracked-modified	compiler-aot-runtime	retain	155	4495	e0f4051000538929fa6415de08467ac16774b518ff3c7d9a8925aff4673ad9fb	v12/interpreters/go/pkg/compiler/generator_render_execution_context.go
tracked-modified	compiler-aot-runtime	retain	816	36076	35a924d9e15539f946332d4e52aec0350a6c51eda5d501f31ce09c74c879b23d	v12/interpreters/go/pkg/compiler/generator_render_functions.go
tracked-modified	compiler-aot-runtime	retain	828	36528	851e5564b4653a1465cd267b719c2a802a61bba9609351da702647f72907b96a	v12/interpreters/go/pkg/compiler/generator_render_interface_boundaries.go
tracked-modified	compiler-aot-runtime	retain	537	30591	d0f57ba49727269e630228a89a745fe5b8a2609202579f8bb5c51609214224f5	v12/interpreters/go/pkg/compiler/generator_render_main.go
tracked-modified	compiler-aot-runtime	retain	999	51587	f2592ad97d5ad8cf9726da81bf728d981df30e70adc8f74efc374814916c3bac	v12/interpreters/go/pkg/compiler/generator_render_runtime.go
tracked-modified	compiler-aot-runtime	retain	394	22217	59e6b1f57bc5f4f0af16f23672c2a5a2812bf88421110b697d290d8b7eb36bf4	v12/interpreters/go/pkg/compiler/generator_render_runtime_arrays.go
tracked-modified	compiler-aot-runtime	retain	775	21598	35fc1def5bae901d9a8d3ad8ccf470dac7966acb887d853c059b7fab5f5488e3	v12/interpreters/go/pkg/compiler/generator_render_runtime_await.go
tracked-modified	compiler-aot-runtime	retain	957	56520	ec219d9b561cd2d66d110ede7c61255916ba11a14963552e6b0772b8700b0e1e	v12/interpreters/go/pkg/compiler/generator_render_runtime_calls.go
tracked-modified	compiler-aot-runtime	retain	903	46319	ee7fc012d54f65add2cf587909599989bda127e83b72f2425a19ed9f3b645b75	v12/interpreters/go/pkg/compiler/generator_render_runtime_concurrency.go
tracked-modified	compiler-aot-runtime	retain	994	26368	3320ba53573442a86e310f4cb4f2a48ad37c795e401335163830b39eb4fe058f	v12/interpreters/go/pkg/compiler/generator_render_runtime_future.go
tracked-modified	compiler-aot-runtime	retain	101	5205	8dbc6c2919ed16ae4f70551a9b749262224af2272b1e0ab5d437be7fdcebae07	v12/interpreters/go/pkg/compiler/generator_render_runtime_mutex_awaitable.go
tracked-modified	compiler-aot-runtime	retain	407	23846	1352464800e3a832f4d990fd90191385320435dfd7739df3ae41d830404e80ba	v12/interpreters/go/pkg/compiler/generator_render_runtime_numeric.go
tracked-modified	compiler-aot-runtime	retain	277	15396	7e9ffc6b9ed1e29022d014784068c4400811ccc27c7eddc90cff71ed2ff256ef	v12/interpreters/go/pkg/compiler/generator_render_runtime_strings.go
tracked-modified	compiler-aot-runtime	retain	965	46371	7f7e8873e15c48f1e917e4e326164bb5591aadd6f49b6985ed3b9afa32457913	v12/interpreters/go/pkg/compiler/generator_render_structs.go
tracked-modified	compiler-aot-runtime	retain	925	35125	2a76fa90eff9e72954d6f25d590cc586f1d6fed2204e922aad60c0b7d7de3e76	v12/interpreters/go/pkg/compiler/ir_codegen.go
tracked-modified	compiler-aot-runtime	retain	254	8757	61ba014ac420ffba78e561febfaa760011f9357c257be4c8ff4959ad6bd66def	v12/interpreters/go/pkg/compiler/ir_codegen_test.go
tracked-modified	deferred-wasm	hold	179	4018	b16863701f4704bf2d7dd0023564e1af60a26ba19389cfcdb1112877f42cdc56	v12/interpreters/go/pkg/interpreter/runtime_diagnostics_wasm.go
tracked-modified	deferred-wasm	hold	231	7462	831356ee08612c313b88859c5d17e715e5c368aa1f7a8f7705e3e15d871529c2	v12/interpreters/go/pkg/wasmhost/evaluator.go
tracked-modified	deferred-wasm	hold	228	7106	2d9416240c88eec84463354bb2fc960c9a62cfb670866a440292373a9ffdf19e	v12/interpreters/go/pkg/wasmhost/evaluator_test.go
tracked-modified	handoff-release-tooling	retain	395	13363	5dd5a603855da1793548458b4148e91d25f0a6167b08e290385a403e4b366dfd	v12/run_all_tests.sh
tracked-modified	deferred-wasm	hold	122	4564	dfecdf43f7d721fd84635c57b1edfbce40e686126e7cf5dad931c41fb905cafd	v12/wasm/README.md
tracked-modified	deferred-wasm	hold	402	10339	5853fe8dce17def1b0994110bf7a23703e462b34f0dd80901b982ffd6e2d6afd	v12/wasm/ast_adapter.mjs
tracked-modified	deferred-wasm	hold	286	8963	97a54b3963cf94b84d7bf0eb80c092e80be69830665f434e74f204e91385636b	v12/wasm/run_prototype.mjs
untracked	generated-local	exclude	230	11964	22110f18d3177518aa0a0903fb9af9fff8c10dc992ce8fee9151f481b6e0244a	v12/__pycache__/bench_compiler_await_signal_instrument.cpython-314.pyc
untracked	generated-local	exclude	50	10519	e49c009c507c00b54c1006e904fded717408ff845a91eef84013001ef9e97f06	v12/__pycache__/bench_cross_engine_structural_strategy_test.cpython-314.pyc
untracked	generated-local	exclude	25	4673	d0f199fc027b757cf850f6194702d5b8ac43e90de7bdacfdb973ce1619f86c6f	v12/__pycache__/bench_execution_contract.cpython-314.pyc
untracked	generated-local	exclude	232	57357	8b6f353fa15d768b43461d51f4a5f3f148ab2dde83be48c9d0a7b4050490a6b2	v12/__pycache__/bench_external_scoreboardcpython-314.pyc
untracked	generated-local	exclude	80	15766	e5bfd750ee5902aefad4714850bfe495e52505da6019d0229e4dba1c2e9dc0fe	v12/__pycache__/bench_performance_evidence_ledger_test.cpython-314.pyc
untracked	generated-local	exclude	164	45926	592bb538029c2341e120c623c89cd0fabd556ecc91017862756dd88f3e49e0af	v12/__pycache__/bench_performance_frontier.cpython-314.pyc
untracked	generated-local	exclude	82	15144	083b5040158ea618122c838280f8e8dedb8463999f0a2443853026200d9af468	v12/__pycache__/bench_preserved_compiled_report.cpython-314.pyc
untracked	generated-local	exclude	136	29948	c2b8d234746cc11f92fa4499bdcbf80aa7132527458c255ae9d9b9b1fcb14870	v12/__pycache__/bench_runtime_contract_reconciliationcpython-314.pyc
untracked	generated-local	exclude	15	1902	70b972814ee7f6532f68227277808e25f0b608aaa9f50de74af071cfe2945941	v12/__pycache__/bench_scoreboard_render.cpython-314.pyc
untracked	generated-local	exclude	21	6866	01b5057868afa6f830cf598023c1471fc24c1a24a5f03514ee8af45805bddce7	v12/__pycache__/bench_scorecard_cohort.cpython-314.pyc
untracked	generated-local	exclude	24	4620	5b916bc0da90278c3d86d14319377197c7821428398228c46f761b59cfb23ab4	v12/__pycache__/bench_scorecard_drift.cpython-314.pyc
untracked	generated-local	exclude	42	7407	8a0f72e26c67998ab5d9ed4aa2af0d424a4f11533fb718b0babacab28f57869f	v12/__pycache__/bench_scorecard_evidence_check.cpython-314.pyc
untracked	generated-local	exclude	36	8451	e6aa014d243a303ba205ef337b565f549f7ee09470358d573a0ac9f6f83c4e51	v12/__pycache__/bench_scorecard_selection.cpython-314.pyc
untracked	generated-local	exclude	52	12289	b9ba54ca1e1f37407031bb217c445731d4018012ecc07556f1442d7739cd8fa2	v12/__pycache__/bench_shared_value_heap_production_pilotcpython-314.pyc
untracked	generated-local	exclude	176	37741	0e6f3368a863ae2e8bbf3a67f0d1d0289694a8972911e7eaa41a820386f15fe0	v12/__pycache__/bench_variance_reportcpython-314.pyc
untracked	benchmark-tools-contracts	retain	332	11425	08de4d08125f0be291990f7b1828589147c6b7d4158304cf02dc5a2e0ce3e0c6	v12/bench_compiler_await_signal_instrument.py
untracked	benchmark-tools-contracts	retain	373	12133	cf6883f5cc3c29309e6d53886fdd26bb693a3918dd6b267a39b9a0bdefb0f620	v12/bench_compiler_awaitable_carrier_instrument.py
untracked	benchmark-tools-contracts	retain	308	9929	26b7853a6bb1383a4b5f1802e5a2f49569ac6364837fa6d1282e3ddea5e82019	v12/bench_compiler_callable_context_reach_census
untracked	benchmark-tools-contracts	retain	91	3087	c8f2891befdcd7c0842a3c067a556c23bfa0c935c8802df26b949bc86a672890	v12/bench_compiler_callable_context_reach_instrument.py
untracked	benchmark-tools-contracts	retain	436	16981	4033186395cc173e267838b2e106e5cddf7de430b0c1b900e4b61f4afb56c010	v12/bench_compiler_callable_dispatch_instrument.py
untracked	benchmark-tools-contracts	retain	75	2180	403b444e6e8b349b80b87925e71d22a74e748df21e044998d6f45aac99a55620	v12/bench_compiler_closure_owned_native_overlay.py
untracked	benchmark-tools-contracts	retain	92	2934	aeb2d440e86871a468f40adcf537594bf3ec05aa7c859defbae79127265febf4	v12/bench_compiler_concurrency_boundary_instrument.py
untracked	benchmark-tools-contracts	retain	191	6330	4a28ab1288caf3db92245d6b2907f4c74748373c7fb37d5469104dbceee3b2b7	v12/bench_compiler_positional_boundary_reach_census
untracked	benchmark-tools-contracts	retain	174	5400	8614683636f9f0af940d0e235465271077f72f52ca12b2e3be719e9c6c9e7f99	v12/bench_compiler_reverse_context_instrument.py
untracked	benchmark-tools-contracts	retain	100	3197	4d4ba4cdd16b360c82541b9a55df2dab8ef768297828cd9372d27fde097908b4	v12/bench_compiler_struct_field_reach_baseline.py
untracked	benchmark-tools-contracts	retain	269	8063	3c0e3051142019441821710238a11c9c10f83bdcd5c921408e96161e9eac8dee	v12/bench_compiler_struct_field_reach_census
untracked	benchmark-tools-contracts	retain	283	9492	4274e799f2b2e22440c66d2e4000854b59014fe5e84d129fecfb48748821ddce	v12/bench_compiler_struct_field_reach_instrument.py
untracked	benchmark-tools-contracts	retain	294	9493	034614810574cdf151241f4f74dd6417b6275f4b9d264bd2f94b73fec58e5844	v12/bench_compiler_struct_field_reach_measure
untracked	benchmark-tools-contracts	retain	133	3212	21f5497d887fcf7a75cfbfb09af71b83d30b9af117fcad96f9c744db7a6d5b8d	v12/bench_go_reference_phase_profile.py
untracked	benchmark-tools-contracts	retain	68	2414	eecc2ae0fbb33dc7deafc9707482c427f116f6ca4b45312c67ac0b4f8435d0b0	v12/bench_scorecard_evidence_check_test.py
untracked	benchmark-tools-contracts	retain	111	3768	dd5986ae77058c7315ca4a6a37ab92e8c7584474637b5614b91ae990d0a28f0f	v12/bench_typed_generic_storage_census
untracked	performance-evidence	retain	118	3331	fc83bb309bec2f4e95677024b1cadd50f6bdf9341d2f280d8ba83e9d0f582b52	v12/docs/perf-baselines/2026-07-27-backup-dedup-application-gate.json
untracked	performance-evidence	retain	169	7431	a5bfda084cb8dcddfd3457ae775c15635e6d567825ae08750b7b4231fa5a58d6	v12/docs/perf-baselines/2026-07-27-backup-dedup-application-gate.md
untracked	performance-evidence	retain	89	8823	ac7d75a9a5d2ff6e7c24a6fd2219d640e7765eeafd0da49b8bc5d1d46ca64e80	v12/docs/perf-baselines/2026-07-27-backup-dedup-bytecode-profile-top.txt
untracked	performance-evidence	retain	254	7578	f6514c8849c857b6f30dc1a8de371ca1fbf5acc8742303cdbd0a7f27de8c6600	v12/docs/perf-baselines/2026-07-27-backup-dedup-bytecode-trace.json
untracked	performance-evidence	retain	241	8138	31e886f8d5a5bf55e3a41faaa52541e3584a8343c25b2a897c68892a8f9f2396	v12/docs/perf-baselines/2026-07-27-backup-dedup-bytecode.json
untracked	performance-evidence	retain	14	810	906a49ec79ea8ba45a49b1971398b1c6124ac5e02aa9f0b33ed55eecf10ecd23	v12/docs/perf-baselines/2026-07-27-backup-dedup-bytecode.md
untracked	performance-evidence	retain	53	4053	992e850e665a2ed7c3494bd3ac7706525a90c514998cb25cab09a69ae162fce7	v12/docs/perf-baselines/2026-07-27-backup-dedup-compiled-allocation-top.txt
untracked	performance-evidence	retain	32	2154	6f52eafa1b3fe570b43aab20c02b27ed17a542864137bd2f76db2e2aa4aaf15a	v12/docs/perf-baselines/2026-07-27-backup-dedup-compiled-profile-top.txt
untracked	performance-evidence	retain	192	6348	a3352e72c4b93fde9fdaa111e562a2fff52970fae67a1430ac71cbb7e73dedaa	v12/docs/perf-baselines/2026-07-27-backup-dedup-compiled.json
untracked	performance-evidence	retain	14	716	e06afb57847d26266eeec686819c5e77cd293cf0c9bfb50423010eda6ebfa738	v12/docs/perf-baselines/2026-07-27-backup-dedup-compiled.md
untracked	performance-evidence	retain	64	1959	110d1614695456b28529fb8ae38613f3115124f0157640f00b0cd333d80b76d9	v12/docs/perf-baselines/2026-07-27-backup-dedup-go-reference.json
untracked	performance-evidence	retain	12	526	45c8a9d100e718fb017f865e01b829798742639be3e89e655cb7ab4ff6160eb3	v12/docs/perf-baselines/2026-07-27-backup-dedup-go-reference.md
untracked	performance-evidence	retain	133	4199	503c355edf824304b21343ef2365e39a7a60c7c46d33156aa267a7241974807b	v12/docs/perf-baselines/2026-07-27-backup-dedup-interpreter-reference.json
untracked	performance-evidence	retain	14	911	3f6fb4f4a8f10da037bbb324918aacb659d1c9f199f9f6f67b298589522d0623	v12/docs/perf-baselines/2026-07-27-backup-dedup-interpreter-reference.md
untracked	performance-evidence	retain	18	865	1acf0a2726c33edc615f93f2760a0da3ce14b399200a986ea224624c54b80e37	v12/docs/perf-baselines/2026-07-27-compiled-await-callable-context-allocation-baseline.tsv
untracked	performance-evidence	retain	9	438	4af64d05aaa4321f8224aac52d3f25fb2fa846712bb5a90478e4ec50b9cec631	v12/docs/perf-baselines/2026-07-27-compiled-await-callable-context-allocation-candidate.tsv
untracked	performance-evidence	retain	1325	45530	80791dcd7682f7e14b4b59e10973a3363ac0672c3518f99b8ffa90c519f8155f	v12/docs/perf-baselines/2026-07-27-compiled-await-callable-context-baseline.json
untracked	performance-evidence	retain	21	2023	35f1affc703574ff6056ee27877482c851d957cd768f7aa7a2847fdad8ba1267	v12/docs/perf-baselines/2026-07-27-compiled-await-callable-context-baseline.md
untracked	performance-evidence	retain	510	17392	2817adb26baa98f562efb36fd39217c4784ffcbc1bff981c3efa5b6cb174a612	v12/docs/perf-baselines/2026-07-27-compiled-await-callable-context-candidate.json
untracked	performance-evidence	retain	17	1189	ea6b6fbe9f466aadbff47905a410b28bcfab18813b851449757e7407d2956680	v12/docs/perf-baselines/2026-07-27-compiled-await-callable-context-candidate.md
untracked	performance-evidence	retain	9	220	1aa95142a995d3758645cafdd1b45eea550503fab68d03328c86fdad22294faf	v12/docs/perf-baselines/2026-07-27-compiled-await-callable-context-current-gid-counts.tsv
untracked	performance-evidence	retain	428	13869	cc80d7653057d54d1d0209881669007cde40355cf1d367c2da4c89c768a285cb	v12/docs/perf-baselines/2026-07-27-compiled-await-callable-context-go-reference.json
untracked	performance-evidence	retain	19	2011	e6c3f1c7d2bba3a458e4666d47ea017c5bb95996a4aa1ec7b750731e543b1b04	v12/docs/perf-baselines/2026-07-27-compiled-await-callable-context-go-reference.md
untracked	performance-evidence	retain	113	5661	fbd0153d7cf6d899d7c09d8ed291c38387de73fb118fba50d2843d4d0f4e37cc	v12/docs/perf-baselines/2026-07-27-compiled-await-callable-context-retained.md
untracked	performance-evidence	retain	64	20670	2658d61a5ab9baf4aea32b40108a1e3f183a697e339a8ca724f79b6622ac535f	v12/docs/perf-baselines/2026-07-27-compiled-callable-context-final-default-census.tsv
untracked	performance-evidence	retain	5	1872	6895c1ef15fc544635f82481cb779df9d0fa2e1313ff0db96ee0166951126910	v12/docs/perf-baselines/2026-07-27-compiled-callable-context-final-experimental-census.tsv
untracked	performance-evidence	retain	184	6169	2bfe1e3885c38bed47964e05041432e0349e2fd6e792d8452af134977d952bac	v12/docs/perf-baselines/2026-07-27-compiled-callable-context-future-baseline.json
untracked	performance-evidence	retain	14	780	c4264c74039e70f2edbad501bbdfb50e3276afc44e491895c1522357bce57365	v12/docs/perf-baselines/2026-07-27-compiled-callable-context-future-baseline.md
untracked	performance-evidence	retain	184	6169	d90a2a281a267cef4c3b0a8ef0e6e14f95bbc28eaba77205ac7b17648793401a	v12/docs/perf-baselines/2026-07-27-compiled-callable-context-future-candidate.json
untracked	performance-evidence	retain	15	841	c7b691b28c38a00b8a4cce101d6cafce8cbc522c5c48f616e11a9699cc90f824	v12/docs/perf-baselines/2026-07-27-compiled-callable-context-future-candidate.md
untracked	performance-evidence	retain	64	1984	c2c917a7ca050f6771b27f7cf413fa929dc9d8b522abde3ce1a09ed11330793b	v12/docs/perf-baselines/2026-07-27-compiled-callable-context-future-go-reference.json
untracked	performance-evidence	retain	12	533	f96e2f5a571421b3713447368d021b5c5827f2ac2a6345e79b3923bc8badd056	v12/docs/perf-baselines/2026-07-27-compiled-callable-context-future-go-reference.md
untracked	performance-evidence	retain	41	1812	01e9dec912018c719d28fdbb4283dd9ebc30785bd6e8ef9c3eed34a990c82e88	v12/docs/perf-baselines/2026-07-27-compiled-callable-context-native-view-allocation.tsv
untracked	performance-evidence	retain	121	12763	bed1bc9032895b8fb5dc3fef7b3857481344bc4b854b60f4e2f480ea0d9e2dca	v12/docs/perf-baselines/2026-07-27-compiled-callable-context-native-view-balanced.tsv
untracked	performance-evidence	retain	673	23014	6824f81faa40a1994fc861bad4ce1071457a7e663e046bdd3a8ec8d160f9f55b	v12/docs/perf-baselines/2026-07-27-compiled-callable-context-native-view-candidate.json
untracked	performance-evidence	retain	18	1365	1356d39e8f573ca5f433e712668314d638622081c92fa86176726e9794cd5377	v12/docs/perf-baselines/2026-07-27-compiled-callable-context-native-view-candidate.md
untracked	performance-evidence	retain	153	7274	c9fdb52b4adc7b80887e1e3817d7431f781ab454e5cead856554297a16794b42	v12/docs/perf-baselines/2026-07-27-compiled-callable-context-reach-and-native-view-retained.md
untracked	performance-evidence	retain	127	41804	89be902d40638dd1d16c94372ef6a22e2aa6972423531692c0f92f389d2e0056	v12/docs/perf-baselines/2026-07-27-compiled-callable-context-reach-census.tsv
untracked	performance-evidence	retain	220	7074	fa7abe51a811128313df67fbeac1294c9b3f0a6908767f782908b5828c4db591	v12/docs/perf-baselines/2026-07-27-compiled-callable-context-reached-go-reference.json
untracked	performance-evidence	retain	15	1161	1e1239b70fdda28920c85f81a1930bfca001388e5572b3c7d9719e449b2aad27	v12/docs/perf-baselines/2026-07-27-compiled-callable-context-reached-go-reference.md
untracked	performance-evidence	retain	13	329	cc659f5363fa2a21e1a208883be4472cfcd0f2a20057c894fbdd19f584c20e1d	v12/docs/perf-baselines/2026-07-27-compiled-callable-context-residual-current-gid.tsv
untracked	performance-evidence	retain	48	3702	e5f5dfa8a4510888a4c02992c76256efb5b1dac2999c29d23e3254ab94d841a5	v12/docs/perf-baselines/2026-07-27-compiled-callable-context-residual-profiles/await_channel_mux-allocation-objects-top.txt
untracked	performance-evidence	retain	38	2428	2487ff6dc6198709238a1d5f363c11d9a2c8ded8701a75bb947a1d2184d84391	v12/docs/perf-baselines/2026-07-27-compiled-callable-context-residual-profiles/await_channel_mux-cpu-top.txt
untracked	performance-evidence	retain	48	3632	cf7500fa599e6fbef2fba204e44172de388832be23573001a56bbef5f856daa8	v12/docs/perf-baselines/2026-07-27-compiled-callable-context-residual-profiles/future_await_race-allocation-objects-top.txt
untracked	performance-evidence	retain	38	2626	3efdca4193b121e0999ad2fac86a6af225b2c7fcdec5941c4cbd94fc74fc4f3d	v12/docs/perf-baselines/2026-07-27-compiled-callable-context-residual-profiles/future_await_race-cpu-top.txt
untracked	performance-evidence	retain	48	3728	f1ca223173d94be766edff0e474a2c7fdbce53dca7690d745106c239c71dd42b	v12/docs/perf-baselines/2026-07-27-compiled-callable-context-residual-profiles/mutex_await_journal-allocation-objects-top.txt
untracked	performance-evidence	retain	38	2715	832387618171fe92498598907ef278b6149d185c7e32472413065c135af64f96	v12/docs/perf-baselines/2026-07-27-compiled-callable-context-residual-profiles/mutex_await_journal-cpu-top.txt
untracked	performance-evidence	retain	48	3729	278e8bcf492b775197c9f3f8f81180182ac3641e8737f99ba6e25da76bd894e1	v12/docs/perf-baselines/2026-07-27-compiled-callable-context-residual-profiles/mutex_work_queue-allocation-objects-top.txt
untracked	performance-evidence	retain	38	2513	4b4b3e65277f2ba1ad6a46497bd3838cc0a114f8fcdf31a3d88f790ce88ec4f7	v12/docs/perf-baselines/2026-07-27-compiled-callable-context-residual-profiles/mutex_work_queue-cpu-top.txt
untracked	performance-evidence	retain	30	56395	b3fbaa8e37e09a8ecc626a539336510d83648ed71ec2b0ee591c983e6703472e	v12/docs/perf-baselines/2026-07-27-compiled-concurrency-boundary-counts.jsonl
untracked	performance-evidence	retain	233	8520	60bce8ac52eb6c80635e334c54951a7bed62b58ee2106347ddf1472838e697db	v12/docs/perf-baselines/2026-07-27-compiled-concurrency-boundary-owner-closure.json
untracked	performance-evidence	retain	154	7663	ffa52a079964df4223fa8f141352c7444fa97dab7455f08a461a8ea8147951de	v12/docs/perf-baselines/2026-07-27-compiled-concurrency-boundary-owner-closure.md
untracked	performance-evidence	retain	78	5867	d8efcaf4cbba7b737499dbc38eeb94bc85e166458e723ce3fb1de3d9faa022e4	v12/docs/perf-baselines/2026-07-27-compiled-concurrency-boundary-owner-profiles/await_channel_mux.alloc-objects-top.txt
untracked	performance-evidence	retain	78	5873	33a55d1ffcd5412266915b26d8db33083b15cf7ce350d0ffb6f8348f20c1c30d	v12/docs/perf-baselines/2026-07-27-compiled-concurrency-boundary-owner-profiles/await_channel_mux.alloc-space-top.txt
untracked	performance-evidence	retain	222	16176	dc5ed3ef0a3b68481e40938e8d90ce3cc71cf10a0c64b75420b2926074b5f656	v12/docs/perf-baselines/2026-07-27-compiled-concurrency-boundary-owner-profiles/await_channel_mux.cpu-cum-top.txt
untracked	performance-evidence	retain	222	16176	0c6c18354930d43d9c2d89fc271afcac766a7b67dc7eca55c0353aadcfdce0d7	v12/docs/perf-baselines/2026-07-27-compiled-concurrency-boundary-owner-profiles/await_channel_mux.cpu-top.txt
untracked	performance-evidence	retain	52	11453	7df9e40024aea24c040d871f32c9591a2c3af3d3fae9bbfd310bf57cc611b4ad	v12/docs/perf-baselines/2026-07-27-compiled-concurrency-boundary-owner-profiles/await_channel_mux.cpu.pb.gz
untracked	performance-evidence	retain	199	14630	aebe6b265e405ff7e40d80e77b47cb3027fdf32800130ee592f2c6f7d7fbaf17	v12/docs/perf-baselines/2026-07-27-compiled-concurrency-boundary-owner-profiles/await_channel_mux.fixed.cpu-cum-top.txt
untracked	performance-evidence	retain	199	14630	6abfb5d1d19b86baa97bfa2a579386aa43bc5d08d83a0c15633954ae1c2b569f	v12/docs/perf-baselines/2026-07-27-compiled-concurrency-boundary-owner-profiles/await_channel_mux.fixed.cpu-top.txt
untracked	performance-evidence	retain	40	10105	03ed8880e8584d2a759261bea3f0e085c882a12577a90dc341fa8980960ff5cc	v12/docs/perf-baselines/2026-07-27-compiled-concurrency-boundary-owner-profiles/await_channel_mux.fixed.cpu.pb.gz
untracked	performance-evidence	retain	114	7368	e5e177050a9c18a0c9592a943f65820252a8522b8023fac8f8826deccffe74cb	v12/docs/perf-baselines/2026-07-27-compiled-concurrency-boundary-owner-profiles/await_channel_mux.go.cpu-top.txt
untracked	performance-evidence	retain	24	4896	c5c15837620672cc0306392a73728a2247653f135f4cf6c49bf55fa412f11c5f	v12/docs/perf-baselines/2026-07-27-compiled-concurrency-boundary-owner-profiles/await_channel_mux.go.cpu.pb.gz
untracked	performance-evidence	retain	60	4319	569f4ebebd8c8f7e118db21c8fa52aadbfe135a189e59aea6249d6712317d536	v12/docs/perf-baselines/2026-07-27-compiled-concurrency-boundary-owner-profiles/mutex_await_journal.alloc-objects-top.txt
untracked	performance-evidence	retain	60	4325	f42847f7eacd55477fdfa5cba96d325d30a7c43b6292d07e2cb5761e0f429215	v12/docs/perf-baselines/2026-07-27-compiled-concurrency-boundary-owner-profiles/mutex_await_journal.alloc-space-top.txt
untracked	performance-evidence	retain	234	16779	198ed69c3bbf065ab566b2ca4f5084e47d771e17f02b3c582e9d5d52cbc7d849	v12/docs/perf-baselines/2026-07-27-compiled-concurrency-boundary-owner-profiles/mutex_await_journal.cpu-cum-top.txt
untracked	performance-evidence	retain	234	16779	83bd70e04e965f5fd44a79ca28de908557a8d8214b1770ff83d3a0eb05a17257	v12/docs/perf-baselines/2026-07-27-compiled-concurrency-boundary-owner-profiles/mutex_await_journal.cpu-top.txt
untracked	performance-evidence	retain	53	14687	c151e7bac20e92e472126b60bf3cd0aae2b04442dfefcd1931d3a3e0673464c9	v12/docs/perf-baselines/2026-07-27-compiled-concurrency-boundary-owner-profiles/mutex_await_journal.cpu.pb.gz
untracked	performance-evidence	retain	175	12708	f583f38fc4c8bd575dd92c885728bb48a1e3eee7a1b43cd38bc464978000bf19	v12/docs/perf-baselines/2026-07-27-compiled-concurrency-boundary-owner-profiles/mutex_await_journal.fixed.cpu-cum-top.txt
untracked	performance-evidence	retain	175	12708	3f0b9ad805c2a5de3f861ee6b7d93fe71550f65e2a1fd7e9f499f1ca46af366a	v12/docs/perf-baselines/2026-07-27-compiled-concurrency-boundary-owner-profiles/mutex_await_journal.fixed.cpu-top.txt
untracked	performance-evidence	retain	38	12000	548e19d149cc736ee872c1c5b60cd50882bd90b75ad0b1d85987443be3447357	v12/docs/perf-baselines/2026-07-27-compiled-concurrency-boundary-owner-profiles/mutex_await_journal.fixed.cpu.pb.gz
untracked	performance-evidence	retain	34	2118	ce73a2e7071948d53e2cd2071f9a6e8d9487d8ff603b517d5c7cc8bacdf86983	v12/docs/perf-baselines/2026-07-27-compiled-concurrency-boundary-owner-profiles/mutex_await_journal.go.cpu-top.txt
untracked	performance-evidence	retain	5	1417	0f8fcffda37d7a9613ccf481e1a49b67ad341ec8be6f5c1d2545400530cc02da	v12/docs/perf-baselines/2026-07-27-compiled-concurrency-boundary-owner-profiles/mutex_await_journal.go.cpu.pb.gz
untracked	performance-evidence	retain	73	5411	ec49f6025c184c376b002342d7c57445daeffa87b3b936e7aa71855b5af1257a	v12/docs/perf-baselines/2026-07-27-compiled-concurrency-boundary-owner-profiles/mutex_work_queue.alloc-objects-top.txt
untracked	performance-evidence	retain	73	5417	e7ef3c85cf1d90199d3288fd380100c7496d01bd514826b63f8ce36e37479873	v12/docs/perf-baselines/2026-07-27-compiled-concurrency-boundary-owner-profiles/mutex_work_queue.alloc-space-top.txt
untracked	performance-evidence	retain	270	19734	4e344a16fe7cce7e1ab2d281ddb9f377b57d481843575f8dfb2629a73335f3d9	v12/docs/perf-baselines/2026-07-27-compiled-concurrency-boundary-owner-profiles/mutex_work_queue.cpu-cum-top.txt
untracked	performance-evidence	retain	270	19734	434801769ae4e1e27e8279f2212b2d7aabb130517b9feda9c3f9871b77c4ee7f	v12/docs/perf-baselines/2026-07-27-compiled-concurrency-boundary-owner-profiles/mutex_work_queue.cpu-top.txt
untracked	performance-evidence	retain	84	20547	f34bc74d6dc566079c229613489b552e566ad625c9bd2071932f70068c1a3580	v12/docs/perf-baselines/2026-07-27-compiled-concurrency-boundary-owner-profiles/mutex_work_queue.cpu.pb.gz
untracked	performance-evidence	retain	317	23184	1313cbae3b507b7a7e771b7d50ae6e18832c71eb2c6205762d30c4983705fa0b	v12/docs/perf-baselines/2026-07-27-compiled-concurrency-boundary-owner-profiles/mutex_work_queue.fixed.cpu-cum-top.txt
untracked	performance-evidence	retain	317	23184	23f44566130a546e2687193d3880340ef5c4a790460186e83e0579147d0c737a	v12/docs/perf-baselines/2026-07-27-compiled-concurrency-boundary-owner-profiles/mutex_work_queue.fixed.cpu-top.txt
untracked	performance-evidence	retain	97	23130	765dc6fce4d1f096dd31577f3af98dc3e536aec0536765f40bb794d21448d970	v12/docs/perf-baselines/2026-07-27-compiled-concurrency-boundary-owner-profiles/mutex_work_queue.fixed.cpu.pb.gz
untracked	performance-evidence	retain	38	2320	59ba7bc34192a8e0647f0cf78cd999f15129a467dbaccc35fd59520b970a1c09	v12/docs/perf-baselines/2026-07-27-compiled-concurrency-boundary-owner-profiles/mutex_work_queue.go.cpu-top.txt
untracked	performance-evidence	retain	5	1790	1f3531c539c2d78b19d0c28756e8986360496856530bf1d5edad177db3a306fa	v12/docs/perf-baselines/2026-07-27-compiled-concurrency-boundary-owner-profiles/mutex_work_queue.go.cpu.pb.gz
untracked	performance-evidence	retain	16	2405	febe86d8e429ab319273aa337cf0bdaaa5b1417c2e534ce4085ef335c727565f	v12/docs/perf-baselines/2026-07-27-compiled-concurrency-current-gid-counts.tsv
untracked	performance-evidence	retain	62	1579	258bed0ff02f7ce0f7b660d4f4f526cf94f9c86516f72a29422cac99c92b83d6	v12/docs/perf-baselines/2026-07-27-compiled-concurrency-dynamic-boundary-audit.json
untracked	performance-evidence	retain	11	717	bc986a55367a3b5cc092651c40f6b4f2883bafa4d92d08c845743c49c8230afa	v12/docs/perf-baselines/2026-07-27-compiled-concurrency-dynamic-boundary-audit.md
untracked	performance-evidence	retain	387	15248	d3d9583d6ebb3e49aacb622a051f6629b5ef6c1d9f1b83d573d8cc90efa30f9e	v12/docs/perf-baselines/2026-07-27-compiled-concurrency-typed-boundary-audit.json
untracked	performance-evidence	retain	11	1172	d13dbebec9ebb4e439b9ae3beb5e1e23fc04cbcbf587f7690558bef43d5b0d84	v12/docs/perf-baselines/2026-07-27-compiled-concurrency-typed-boundary-audit.md
untracked	performance-evidence	retain	52	1813	50b27fc7b26f21ed935b54aa18de861364a0e664c604fbe4ebe1ff257fc86cfc	v12/docs/perf-baselines/2026-07-27-compiler-generated-struct-field-read-audit-retained.json
untracked	performance-evidence	retain	139	6003	f6e0632065f9abfc5037e14c210fdd983141b5c44d088c4c31288d84a0113bb3	v12/docs/perf-baselines/2026-07-27-compiler-generated-struct-field-read-audit-retained.md
untracked	performance-evidence	retain	64	18897	72ee4aa385e6d07d5087bd57f4783ebbd5a2b77231317f7523caa8b2341d66c7	v12/docs/perf-baselines/2026-07-27-compiler-positional-boundary-reach-census.tsv
untracked	performance-evidence	retain	56	2018	711b56208d5384fba1c130961808c37cf25b2dcf937b5e42064ed98febed5fea	v12/docs/perf-baselines/2026-07-27-compiler-positional-boundary-zero-reach-closure.json
untracked	performance-evidence	retain	172	6831	22f4f0ca797e2e47726c3d1f435bd7e0990ce6a99ca1b5ce908094da59c03c24	v12/docs/perf-baselines/2026-07-27-compiler-positional-boundary-zero-reach-closure.md
untracked	performance-evidence	retain	187	7780	ae2aae6fa9d87c2a4144387aa0186d66d70622932c4478cba6d9501e1018e719	v12/docs/perf-baselines/2026-07-27-compiler-release-positional-nominal-boundary-repair.md
untracked	performance-evidence	retain	253	43521	283260be52e982e10c4f943a6cdd1407feca11b7de5bfc8c6bd715114545361f	v12/docs/perf-baselines/2026-07-27-compiler-struct-field-reach-balanced-21-samples.tsv
untracked	performance-evidence	retain	445	12288	fe484f24d67078d91149b58a99786a6a4855970217857f6a107c0b01e5109df3	v12/docs/perf-baselines/2026-07-27-compiler-struct-field-reach-balanced-21.json
untracked	performance-evidence	retain	13	873	67050b3144fb0fe7c893c57aac4b4a2d2939ad2ed2cff4aeae3d833cfc69641f	v12/docs/perf-baselines/2026-07-27-compiler-struct-field-reach-balanced-21.md
untracked	performance-evidence	retain	64	41899	1144bdb1e2190a2095ab21577ac96719db86820f6e4219b9ab062137dc54317c	v12/docs/perf-baselines/2026-07-27-compiler-struct-field-reach-census.tsv
untracked	performance-evidence	retain	99	3835	074bf773330b69428ac76d976b06384864eb951b30070b22039ae11ea3364820	v12/docs/perf-baselines/2026-07-27-compiler-struct-field-reach-closure.json
untracked	performance-evidence	retain	115	5872	09c6b7ab923299b70ad5a38a22942bf345683d0c784bdfcc851f660d8c313715	v12/docs/perf-baselines/2026-07-27-compiler-struct-field-reach-closure.md
untracked	performance-evidence	retain	191	5791	d07e76c6b1de7a5319f827f37c24badb408db1ddc0eb75014afa5162b2d3b277	v12/docs/perf-baselines/2026-07-27-discrete-event-simulation-able-repeat.json
untracked	performance-evidence	retain	191	5790	abc2278396fc4391d9a3d5eed3a7482c64da75139e53ee5cec1b312f3c99b9bc	v12/docs/perf-baselines/2026-07-27-discrete-event-simulation-able.json
untracked	performance-evidence	retain	71	2615	d183ba2586f0ba9e3430115d6291313c32437de9010f82b609cfcd612d00306b	v12/docs/perf-baselines/2026-07-27-discrete-event-simulation-application-gate.json
untracked	performance-evidence	retain	173	7275	3622850fbd27223a7644529fa2a64509def9fbf1762adccbf61a73bcaadbe867	v12/docs/perf-baselines/2026-07-27-discrete-event-simulation-application-gate.md
untracked	performance-evidence	retain	32	1900	77e834ccaf6ca2aaeb74cef3606328c4b14012091ff3aeafd3b585021c8374ad	v12/docs/perf-baselines/2026-07-27-discrete-event-simulation-bytecode-profile-top.txt
untracked	performance-evidence	retain	397	13762	381ae855d08e54917a842247f1d7738ea03c724ddacb79fb26651ab08ffaa73a	v12/docs/perf-baselines/2026-07-27-discrete-event-simulation-comparison.json
untracked	performance-evidence	retain	16	1269	12a15a1dd6397d0426b06b8a198fd0d3ede07170b6951bab828d3c70d739b843	v12/docs/perf-baselines/2026-07-27-discrete-event-simulation-comparison.md
untracked	performance-evidence	retain	32	1443	70e2b34b285ef7ecd160878a683a90cd76d19e9d9187d9c12fa925601e68fe94	v12/docs/perf-baselines/2026-07-27-discrete-event-simulation-compiled-allocation-top.txt
untracked	performance-evidence	retain	24	1407	f6a7c4f6d680ae6ed777ecf3062c7e588f55171189aff9c12808b06dd586741a	v12/docs/perf-baselines/2026-07-27-discrete-event-simulation-compiled-profile-top.txt
untracked	performance-evidence	retain	64	1989	382bff07b2ed99a6dbf2b87d43dab38a07c83093193f0f89c8ed4bd6f3bdabcc	v12/docs/perf-baselines/2026-07-27-discrete-event-simulation-go-reference-repeat.json
untracked	performance-evidence	retain	12	540	c81035ba6ec0415d8d5dbc6ca6b49e78a67a4b87ef0e044eda323e610afee089	v12/docs/perf-baselines/2026-07-27-discrete-event-simulation-go-reference-repeat.md
untracked	performance-evidence	retain	64	1990	84799d1806287d39700102ebc81bc127acdb2af60624b6d55e6733b3993a584e	v12/docs/perf-baselines/2026-07-27-discrete-event-simulation-go-reference.json
untracked	performance-evidence	retain	12	540	fcf5c7f8381e5561797505bade87a9aee1018b47f80e5089f38162741944a872	v12/docs/perf-baselines/2026-07-27-discrete-event-simulation-go-reference.md
untracked	performance-evidence	retain	133	4258	b4df297c37d972ba3563a31949db31c9f522071ebdcb7b741f25559e5ab9978f	v12/docs/perf-baselines/2026-07-27-discrete-event-simulation-interpreter-reference-repeat.json
untracked	performance-evidence	retain	14	938	ddd6c8e065384d8a27793b09aadf7fb578d9be901021d41326a29c2cdfdaae96	v12/docs/perf-baselines/2026-07-27-discrete-event-simulation-interpreter-reference-repeat.md
untracked	performance-evidence	retain	133	4258	6c65bb9ffd7605e8d2bd2481b03b0f590598c120ccc34924f3808bc9cbd9861d	v12/docs/perf-baselines/2026-07-27-discrete-event-simulation-interpreter-reference.json
untracked	performance-evidence	retain	14	938	bfb35614bcc0714f9907c44a0f820d833c25b2bfc3eba0d3314150bde02deb76	v12/docs/perf-baselines/2026-07-27-discrete-event-simulation-interpreter-reference.md
untracked	performance-evidence	retain	140	209032	9df24ffed73a2ad39060eb2229f7588d617426fa456c3b8df3ff045d5392b53c	v12/docs/perf-baselines/2026-07-27-discrete-event-simulation-scoreboard.json
untracked	performance-evidence	retain	181	18781	288892e419ee1906685f37f5e8ddd1d1d00b062b0570ead9baa88f539c19da3a	v12/docs/perf-baselines/2026-07-27-discrete-event-simulation-scoreboard.md
untracked	performance-evidence	retain	111	4855	9627de17370bb170afc4919f837b7cc52212c0d73ba50458cbcd8c5cc9f2a6bf	v12/docs/perf-baselines/2026-07-27-scorecard-evidence-hermeticity-correctness-gate.md
untracked	performance-evidence	retain	63	10832	11734d0f87605ca9fb953fb10fe06eb90512b5cdc1f1d722697231180ef39867	v12/docs/perf-baselines/2026-07-27-typed-generic-nominal-storage-census.tsv
untracked	performance-evidence	retain	183	7997	9e539057a1a5b4bdd660616bfe04d9dcf844b0a8c83e8d2962d37b567a53c1d4	v12/docs/perf-baselines/2026-07-27-typed-generic-nominal-storage-reach-census.json
untracked	performance-evidence	retain	196	9256	fa78c4d4b6af233153ed07c152969f19a14995085c1eb325d645cc72340ef5c6	v12/docs/perf-baselines/2026-07-27-typed-generic-nominal-storage-reach-census.md
untracked	performance-evidence	retain	235	10121	8e739d78a649a552f2a5eda09bed16e88126d5497c10a400f2074ec5e299ed3d	v12/docs/perf-baselines/2026-07-28-compiled-await-post-materialization-owner-closure.json
untracked	performance-evidence	retain	139	6681	305356a0221d6d007b23044980b28d75bf96188a6b8af1597fdee11cd9a34d97	v12/docs/perf-baselines/2026-07-28-compiled-await-post-materialization-owner-closure.md
untracked	performance-evidence	retain	119	10243	42566e68f91eb76b14a06531e6c52c0825644702f8b43405940e0f1a202a120d	v12/docs/perf-baselines/2026-07-28-compiled-await-post-materialization-owner-profiles/await-channel-mux.alloc-objects-top.txt
untracked	performance-evidence	retain	119	10181	93943bb22b3855274735265c3083ecb4cefc5e5c5f1b6fd2370585de4572b660	v12/docs/perf-baselines/2026-07-28-compiled-await-post-materialization-owner-profiles/await-channel-mux.alloc-space-top.txt
untracked	performance-evidence	retain	174	12587	7870b63b75efc6d554cf7f3292a53c3be19e5abbc0e6b7c3904c4ccbfac5335e	v12/docs/perf-baselines/2026-07-28-compiled-await-post-materialization-owner-profiles/await-channel-mux.cpu-cum-top.txt
untracked	performance-evidence	retain	174	12587	80c12c9a40366debf8129a24b3a3023b48e5054a0d48ebd4ec9a98e39090d802	v12/docs/perf-baselines/2026-07-28-compiled-await-post-materialization-owner-profiles/await-channel-mux.cpu-top.txt
untracked	performance-evidence	retain	82	6636	4fd6a5e19426b19ea510f4dd97be17009e388d778b1b744469e1109f902bb9a1	v12/docs/perf-baselines/2026-07-28-compiled-await-post-materialization-owner-profiles/future-await-race.alloc-objects-top.txt
untracked	performance-evidence	retain	72	5692	028fb6e3c65bb343e59f7fb17f193240dcf40c283d3b8378c0d8888b4ba305b9	v12/docs/perf-baselines/2026-07-28-compiled-await-post-materialization-owner-profiles/future-await-race.alloc-space-top.txt
untracked	performance-evidence	retain	126	8762	bc3f8b15d8d23afb2bb8d7ab7b61a14954dfe18d48f613d9f6e7de07910968a9	v12/docs/perf-baselines/2026-07-28-compiled-await-post-materialization-owner-profiles/future-await-race.cpu-cum-top.txt
untracked	performance-evidence	retain	126	8762	44a364bb02855c379c6cf2fca75d7d31f7984caa6defb8aec4eec0c7b7919ce7	v12/docs/perf-baselines/2026-07-28-compiled-await-post-materialization-owner-profiles/future-await-race.cpu-top.txt
untracked	performance-evidence	retain	54	4128	57ee2a1d50bbef1ed6264debad9cfdd364b0092e704241a270797a8c6e6aee19	v12/docs/perf-baselines/2026-07-28-compiled-await-post-materialization-owner-profiles/mutex-await-journal.alloc-objects-top.txt
untracked	performance-evidence	retain	64	4963	9bfa5736fd7536ffa1993b2031112effb4f1a806e51b16e774064b2236a4e864	v12/docs/perf-baselines/2026-07-28-compiled-await-post-materialization-owner-profiles/mutex-await-journal.alloc-space-top.txt
untracked	performance-evidence	retain	63	4416	351926400eb533a85d4ef650a4c9a5ffa8859954645faa1fd0d56feb7f53536d	v12/docs/perf-baselines/2026-07-28-compiled-await-post-materialization-owner-profiles/mutex-await-journal.cpu-cum-top.txt
untracked	performance-evidence	retain	63	4416	518f1a3385459806aa9b8e0e0c5fc4dc3be1a23a8c8efe5f698375db8d7a86ec	v12/docs/perf-baselines/2026-07-28-compiled-await-post-materialization-owner-profiles/mutex-await-journal.cpu-top.txt
untracked	performance-evidence	retain	57	4385	b3c8a18d4506faa1db42d2890d2f0c3b0e28eb0d64499a25722d9f95cc58c6e4	v12/docs/perf-baselines/2026-07-28-compiled-await-post-materialization-owner-profiles/mutex-work-queue.alloc-objects-top.txt
untracked	performance-evidence	retain	67	5216	679226795950b92d6f573b788ba977a605c7a5f7f55599e65f06346ebeb954b6	v12/docs/perf-baselines/2026-07-28-compiled-await-post-materialization-owner-profiles/mutex-work-queue.alloc-space-top.txt
untracked	performance-evidence	retain	118	8942	18842612ec10ef348cd22969ec705141d285453a6662dc92dc8e727dbe94e609	v12/docs/perf-baselines/2026-07-28-compiled-await-post-materialization-owner-profiles/mutex-work-queue.cpu-cum-top.txt
untracked	performance-evidence	retain	118	8942	4498e6fe9546f4f74d15f7ddf92e0dedecde52b6c8d7ceaaf380e1c229d4bab5	v12/docs/perf-baselines/2026-07-28-compiled-await-post-materialization-owner-profiles/mutex-work-queue.cpu-top.txt
untracked	performance-evidence	retain	17	1132	b47c993e78a630c52e631778ab17a99bfe9e3b38785e2cbce81e28f8c524e62e	v12/docs/perf-baselines/2026-07-28-compiled-callable-dispatch-borrow-candidate.tsv
untracked	performance-evidence	retain	66	2471	8a3a30ede59c2fa01efd25114f98256a9e4532a55baf79c52612d5fb77da3b6e	v12/docs/perf-baselines/2026-07-28-compiled-callable-dispatch-branch-closure.json
untracked	performance-evidence	retain	121	5662	20b40d1152b747aa3173b99a8ec87ee274577959741968281fe9d93937816142	v12/docs/perf-baselines/2026-07-28-compiled-callable-dispatch-branch-closure.md
untracked	performance-evidence	retain	103	4774	e4a7f928df914abecf06fd89dc293ab9a742eab04e37e7dd53788996ee6da2fb	v12/docs/perf-baselines/2026-07-28-compiled-closure-owned-kernel-callables-retained.json
untracked	performance-evidence	retain	102	4310	acfe55d333bf154605dad6e591a6dea3e754d75d185624644fe7ecc5db7287cb	v12/docs/perf-baselines/2026-07-28-compiled-closure-owned-kernel-callables-retained.md
untracked	performance-evidence	retain	147	6551	9b69d8c064d996309b1363401b28d5da6ea9891ab465e2f5341939a7af6c99aa	v12/docs/perf-baselines/2026-07-28-compiled-native-await-service-carriers-retained.json
untracked	performance-evidence	retain	117	5526	0a95784c1fdff1dcc6bc4d67ec607c36508a7ca9ada674f93dd2a8d0f5e7fa7d	v12/docs/perf-baselines/2026-07-28-compiled-native-await-service-carriers-retained.md
untracked	performance-evidence	retain	202	9173	447d85274822b056f708ed3bd7bf3764c947dc99c577cb5c07ee8039feeffe33	v12/docs/perf-baselines/2026-07-28-compiled-native-await-service-materialization-cache-retained.json
untracked	performance-evidence	retain	136	6833	fc607699a42774afda9f0550f7c523096ce6699a0f66482df816bc1c0b9646d2	v12/docs/perf-baselines/2026-07-28-compiled-native-await-service-materialization-cache-retained.md
untracked	performance-evidence	retain	142	6481	a81693e428da0f533c15f657febe8fda831d2abd5502fdb722e7595066a911bf	v12/docs/perf-baselines/2026-07-28-compiled-native-awaitable-array-round-trip-rejected.json
untracked	performance-evidence	retain	113	5612	8d3aae3bfc3d4024f86835ba020e9cbf4715b46426bf3751d8920cb07c54733d	v12/docs/perf-baselines/2026-07-28-compiled-native-awaitable-array-round-trip-rejected.md
untracked	performance-evidence	retain	132	5726	304fb9325d5d0d866a6bc74575a3b994bbd5f665e88bb1154388a567e1c63655	v12/docs/perf-baselines/2026-07-28-compiled-native-awaitable-carrier-retained.json
untracked	performance-evidence	retain	114	5307	133484eea05ee44de5c13c0a99efdf770f7b5cb58e550b8eabbda5ddeadecdbd	v12/docs/perf-baselines/2026-07-28-compiled-native-awaitable-carrier-retained.md
untracked	performance-evidence	retain	99	3491	b50027b0b2a2e82f15710d3e24351a9a14b889506456d6f92bfcbb37c774eb56	v12/docs/perf-baselines/2026-07-28-compiled-native-awaitable-protocol-arms-rejected.json
untracked	performance-evidence	retain	117	5849	8697b571e44d8b677552be0da127d2ca93c9feecf1ef449c499904dca78f0937	v12/docs/perf-baselines/2026-07-28-compiled-native-awaitable-protocol-arms-rejected.md
untracked	performance-evidence	retain	105	4994	ed1998c1f66855a6e21e96b57a74318c352792f6b9542dad07725747b6a10ca8	v12/docs/perf-baselines/2026-07-28-compiled-native-interface-runtime-type-metadata-cache-retained.json
untracked	performance-evidence	retain	112	5445	0706c4b0ecdac445f7e654047d2ab2fb8838481deb23ab016580066b66c135ef	v12/docs/perf-baselines/2026-07-28-compiled-native-interface-runtime-type-metadata-cache-retained.md
untracked	performance-evidence	retain	132	5908	8dca90ee952e099b6f9d254ec68ebebe72c8db672fd17a486d8cef315b7b9fdf	v12/docs/perf-baselines/2026-07-28-compiled-native-reverse-context-reuse-retained.json
untracked	performance-evidence	retain	134	6587	ff4834b8a88fe650e2d1b683f654e9b32e36fd4eaf88997ecfef6d14f589edf4	v12/docs/perf-baselines/2026-07-28-compiled-native-reverse-context-reuse-retained.md
untracked	performance-evidence	retain	14	1749	f3f95243e0b00269770f71f765830f6c9f0d842a67485abbbf82d499adf0a5cc	v12/docs/perf-baselines/2026-07-28-compiled-semantic-work-recommendation-reconciliation-assembly-summary.tsv
untracked	performance-evidence	retain	6	366	cc55812f7aec1604fed51146ba2233e81cd8a5adbf542f1d64fdc7f2739fd452	v12/docs/perf-baselines/2026-07-28-compiled-semantic-work-recommendation-reconciliation-control-summary.tsv
untracked	performance-evidence	retain	15	1483	4470c8d3bf2c77ee6bbd790f4e1916285c0c02d520cf34dcf1dcada863aa1a57	v12/docs/perf-baselines/2026-07-28-compiled-semantic-work-recommendation-reconciliation-hot-control-summary.tsv
untracked	performance-evidence	retain	6	2383	8273ef8d24bb8b04f07038278b53621deb8a2aff1cf1fac8c76a5925d876368f	v12/docs/perf-baselines/2026-07-28-compiled-semantic-work-recommendation-reconciliation-source-artifact-summary.tsv
untracked	performance-evidence	retain	158	5238	df88360492c9c5e7ea9fcbd98b0279545dfb7df81a02fdd235eb0899df00dbf0	v12/docs/perf-baselines/2026-07-28-compiled-semantic-work-recommendation-reconciliation.json
untracked	performance-evidence	retain	223	10474	ae32771bd993f5f69c5e950a1a5b3e45fba2b208f97a53c8dede04de4cf6f60c	v12/docs/perf-baselines/2026-07-28-compiled-semantic-work-recommendation-reconciliation.md
untracked	performance-evidence	retain	54	2204	4fc1cb12ad6e34300eb11396a3236121f958c7c8ae54454101bc2fe05650d4af	v12/docs/perf-baselines/2026-07-28-compiled-split-receiver-direct-entry-zero-reach.json
untracked	performance-evidence	retain	89	3923	e712e84f712adb8d24534fdfe3043bdba0d1181873bb7b6929d259f631b9730e	v12/docs/perf-baselines/2026-07-28-compiled-split-receiver-direct-entry-zero-reach.md
untracked	performance-evidence	retain	198	8889	ea4eec0ac98d2ea8d1fe4a1922a78d704a06da0966f9c6efa652cfdf0122f774	v12/docs/perf-baselines/2026-07-28-compiled-task-owned-await-arm-scratch-retained.json
untracked	performance-evidence	retain	135	6812	bae8cb6a25f86ab29a37ac04962a394c77897332c11b3da6e7e54489388c2775	v12/docs/perf-baselines/2026-07-28-compiled-task-owned-await-arm-scratch-retained.md
untracked	performance-evidence	retain	207	9048	fcad4bfac987bce2456de822923da70f778d7500adec2cb13bec1c44eff964dc	v12/docs/perf-baselines/2026-07-28-compiled-task-owned-await-signal-retained.json
untracked	performance-evidence	retain	149	7493	e253ece2117fbfc4a4d0d6ec767f00e244fe2dab11ebf506f6a7f319c4850407	v12/docs/perf-baselines/2026-07-28-compiled-task-owned-await-signal-retained.md
untracked	performance-evidence	retain	188	8560	1ec36a709f7cc482746be89a9b57dc5981e6eb46e6d14ae686fa194c41632364	v12/docs/perf-baselines/2026-07-28-compiled-task-owned-await-state-retained.json
untracked	performance-evidence	retain	151	7789	c6579a9cbba42e2a50e8ee29ead8b93893a1adc85aceadcb3b342b14fc67668a	v12/docs/perf-baselines/2026-07-28-compiled-task-owned-await-state-retained.md
untracked	performance-evidence	retain	11	1133	7224104387ecc52e23c6e0a2cbd7eea57c4a7e464f47dff4feebfa8f5cf168cb	v12/docs/perf-baselines/2026-07-28-current-strict-compiled-scorecard-owner-closure-allocation-summary.tsv
untracked	performance-evidence	retain	63	2238	388bfe8eb7fcd6b4177549ef2dbba80b1c9b2ab16474103a22a26231db1e6474	v12/docs/perf-baselines/2026-07-28-current-strict-compiled-scorecard-owner-closure-dependency-audit.tsv
untracked	performance-evidence	retain	10	899	d5e154b68f427aea757e46d68671fa5fb1f4a96a69a64c84014baf5d6e277a6a	v12/docs/perf-baselines/2026-07-28-current-strict-compiled-scorecard-owner-closure-profile-output-audit.tsv
untracked	performance-evidence	retain	40	4136	3a6ae08c94ef9cb0f3263b720fb37317e04130378b65a765c02f54c9ef2d620e	v12/docs/perf-baselines/2026-07-28-current-strict-compiled-scorecard-owner-closure-profiles/SHA256SUMS
untracked	performance-evidence	retain	46	3575	99fa60a47cf8f73d1d6ad96f14f5dd7a8c091c83a2033177d41dd0451943e6ba	v12/docs/perf-baselines/2026-07-28-current-strict-compiled-scorecard-owner-closure-profiles/binary_event_log.alloc-objects-top.txt
untracked	performance-evidence	retain	50	3893	1d99ac5c22725f517d0258d0f32dc107ab26bf3bf76ab9eaf5581a47c2a8dfba	v12/docs/perf-baselines/2026-07-28-current-strict-compiled-scorecard-owner-closure-profiles/binary_event_log.alloc-space-top.txt
untracked	performance-evidence	retain	128	9741	5f8666f50e4c78f2073564b3da8357bce718644461bc36896b0cbecad0961a40	v12/docs/perf-baselines/2026-07-28-current-strict-compiled-scorecard-owner-closure-profiles/binary_event_log.cpu-cum-top.txt
untracked	performance-evidence	retain	128	9920	2eb8d633046908eb712afaae329f8a264a7da52263b02899d54618ac0f3429a8	v12/docs/perf-baselines/2026-07-28-current-strict-compiled-scorecard-owner-closure-profiles/binary_event_log.cpu-top.txt
untracked	performance-evidence	retain	28	1931	03a559ccf3f4d58d48f46285e58bd523dbc9677deafc0e3971a1f407ca2308af	v12/docs/perf-baselines/2026-07-28-current-strict-compiled-scorecard-owner-closure-profiles/fixed_width_128.alloc-objects-top.txt
untracked	performance-evidence	retain	33	2333	9aa5658557373b6aba204215599e4fccacc5ab90ab76b2f57f21ffba9eaf3fd4	v12/docs/perf-baselines/2026-07-28-current-strict-compiled-scorecard-owner-closure-profiles/fixed_width_128.alloc-space-top.txt
untracked	performance-evidence	retain	75	5234	b932b6710704d6404deee2f7b9a8d61ea183869d36f65f4897b2501319e316f5	v12/docs/perf-baselines/2026-07-28-current-strict-compiled-scorecard-owner-closure-profiles/fixed_width_128.cpu-cum-top.txt
untracked	performance-evidence	retain	75	5234	1d41c18268ee60dfbd831388a7058925e0b18c46952a00c3f28fa2ff99390870	v12/docs/perf-baselines/2026-07-28-current-strict-compiled-scorecard-owner-closure-profiles/fixed_width_128.cpu-top.txt
untracked	performance-evidence	retain	44	3348	16206c8a2c527f95cfc0b7735139b139bb37042116584c51d450771e03f4a8c8	v12/docs/perf-baselines/2026-07-28-current-strict-compiled-scorecard-owner-closure-profiles/inventory_reconciliation.alloc-objects-top.txt
untracked	performance-evidence	retain	54	4250	359311cdeffe263b7fde58d02b2fd922bb591e53b38a9b9a61d6283668c334e5	v12/docs/perf-baselines/2026-07-28-current-strict-compiled-scorecard-owner-closure-profiles/inventory_reconciliation.alloc-space-top.txt
untracked	performance-evidence	retain	126	9756	4e49c6fb980f0d8d4a0999cfdf25e8afd0e11351836ab2904ac91fe766bbc9b5	v12/docs/perf-baselines/2026-07-28-current-strict-compiled-scorecard-owner-closure-profiles/inventory_reconciliation.cpu-cum-top.txt
untracked	performance-evidence	retain	126	9756	9eee8e170936574df4754574cd16a231dcefd488397597677295078dbf8e07bb	v12/docs/perf-baselines/2026-07-28-current-strict-compiled-scorecard-owner-closure-profiles/inventory_reconciliation.cpu-top.txt
untracked	performance-evidence	retain	54	4293	dd2a2ece52f681a2e80171c61d04a382bd8523433ccdfb3428df5cc07ec64489	v12/docs/perf-baselines/2026-07-28-current-strict-compiled-scorecard-owner-closure-profiles/policy_record_dispatch.alloc-objects-top.txt
untracked	performance-evidence	retain	58	4601	264f7a4027f602dddf809e18d43d6280112b523d8ad55f5ff57c8be1a04394d1	v12/docs/perf-baselines/2026-07-28-current-strict-compiled-scorecard-owner-closure-profiles/policy_record_dispatch.alloc-space-top.txt
untracked	performance-evidence	retain	118	9200	b094927c7a02a8018214bfa232af7e5c392907a25b15f0b85aaf460baf7ea294	v12/docs/perf-baselines/2026-07-28-current-strict-compiled-scorecard-owner-closure-profiles/policy_record_dispatch.cpu-cum-top.txt
untracked	performance-evidence	retain	118	9200	4aae7c84a9ed77a169dab7c36d544a7278543bd7cd63de0f0ed2cb54958333f4	v12/docs/perf-baselines/2026-07-28-current-strict-compiled-scorecard-owner-closure-profiles/policy_record_dispatch.cpu-top.txt
untracked	performance-evidence	retain	21	1375	b67ea3f63c412493d8742c223543e683c37bdf2703a1913d28e8879831f20a3b	v12/docs/perf-baselines/2026-07-28-current-strict-compiled-scorecard-owner-closure-profiles/rational_series.alloc-objects-top.txt
untracked	performance-evidence	retain	31	2209	2c466d7934613e938e735cb259123836f1685dc8e43bad6999694cf0b831fb57	v12/docs/perf-baselines/2026-07-28-current-strict-compiled-scorecard-owner-closure-profiles/rational_series.alloc-space-top.txt
untracked	performance-evidence	retain	44	3279	9cfed8aa21181b34280debdaebb77a0be8d037ab761f9660b701b43c3b064c7f	v12/docs/perf-baselines/2026-07-28-current-strict-compiled-scorecard-owner-closure-profiles/rational_series.cpu-cum-top.txt
untracked	performance-evidence	retain	44	3279	aebe08babdb5749bf91e58cdb4cce5111734d9b36d6e2701d5544607c290998b	v12/docs/perf-baselines/2026-07-28-current-strict-compiled-scorecard-owner-closure-profiles/rational_series.cpu-top.txt
untracked	performance-evidence	retain	50	3960	629dde0bf85a675fea0db50513cbf9afad3d962b9fc3be9341494a6d197d97c0	v12/docs/perf-baselines/2026-07-28-current-strict-compiled-scorecard-owner-closure-profiles/regex_suffix_audit.alloc-objects-top.txt
untracked	performance-evidence	retain	54	4287	7acd3080a4b1d515bd0700e9b68aa571437aae27be72bb18bd43818adaf19fba	v12/docs/perf-baselines/2026-07-28-current-strict-compiled-scorecard-owner-closure-profiles/regex_suffix_audit.alloc-space-top.txt
untracked	performance-evidence	retain	75	5745	73861994bce87214c69698a42b6e3cd93064084302bc1694c13e18fb9468165f	v12/docs/perf-baselines/2026-07-28-current-strict-compiled-scorecard-owner-closure-profiles/regex_suffix_audit.cpu-cum-top.txt
untracked	performance-evidence	retain	75	5745	3e1537eb5324855a97a118371c6c9a875ce0ea72983bfd25e4e6c8641161ce23	v12/docs/perf-baselines/2026-07-28-current-strict-compiled-scorecard-owner-closure-profiles/regex_suffix_audit.cpu-top.txt
untracked	performance-evidence	retain	35	2603	c3fdc830e316520b5610b8846476f8b3481f34c8068dd236f45b812f68629820	v12/docs/perf-baselines/2026-07-28-current-strict-compiled-scorecard-owner-closure-profiles/unicode_scalar_pipeline.alloc-objects-top.txt
untracked	performance-evidence	retain	47	3666	580770ceb78545c0ee7358b7c755ba4c9b6939a77691ccbd689ddea7ad05da68	v12/docs/perf-baselines/2026-07-28-current-strict-compiled-scorecard-owner-closure-profiles/unicode_scalar_pipeline.alloc-space-top.txt
untracked	performance-evidence	retain	94	6798	8e3b6e26553e55f52ca4a31508b16b910d6f2bf87f143a8c59273253fce21e85	v12/docs/perf-baselines/2026-07-28-current-strict-compiled-scorecard-owner-closure-profiles/unicode_scalar_pipeline.cpu-cum-top.txt
untracked	performance-evidence	retain	94	6798	a55eb045cab4e790435795ae56b1060c9ac305f4fa80ab7dbae452d25e9137e2	v12/docs/perf-baselines/2026-07-28-current-strict-compiled-scorecard-owner-closure-profiles/unicode_scalar_pipeline.cpu-top.txt
untracked	performance-evidence	retain	68	5645	bd4e28188ba91ec1ec07a3c27b46606319bff1f53dc8141201de59e94eee2f78	v12/docs/perf-baselines/2026-07-28-current-strict-compiled-scorecard-owner-closure-profiles/validated_job_pipeline.alloc-objects-top.txt
untracked	performance-evidence	retain	76	6237	46125860f34ae2aa56386101c81201f23be5e0e8692695e8cae3dd45820c6a76	v12/docs/perf-baselines/2026-07-28-current-strict-compiled-scorecard-owner-closure-profiles/validated_job_pipeline.alloc-space-top.txt
untracked	performance-evidence	retain	128	9273	d639a837684a8fa67326490f644946f9d307a86f78d47fb54fce05fe672a34c9	v12/docs/perf-baselines/2026-07-28-current-strict-compiled-scorecard-owner-closure-profiles/validated_job_pipeline.cpu-cum-top.txt
untracked	performance-evidence	retain	128	9273	9b66ebc9ccb77fa23024d0427248f9770d1c22ccbe6afdf4a3bebd0bc915b7c3	v12/docs/perf-baselines/2026-07-28-current-strict-compiled-scorecard-owner-closure-profiles/validated_job_pipeline.cpu-top.txt
untracked	performance-evidence	retain	31	2177	a615810c60eae08fbef6c534874e47f2588bd4076e1f7e15c3727a6b836b6462	v12/docs/perf-baselines/2026-07-28-current-strict-compiled-scorecard-owner-closure-profiles/wide_integer_records.alloc-objects-top.txt
untracked	performance-evidence	retain	35	2492	826113fa36479df2e88d0f7daff35fce4bc33982737fcd90ee1998a357ba1c29	v12/docs/perf-baselines/2026-07-28-current-strict-compiled-scorecard-owner-closure-profiles/wide_integer_records.alloc-space-top.txt
untracked	performance-evidence	retain	78	5929	cbe8fc7871861ab78d622cba4e5ace53ec28af689969de38e5c76c2f406317d4	v12/docs/perf-baselines/2026-07-28-current-strict-compiled-scorecard-owner-closure-profiles/wide_integer_records.cpu-cum-top.txt
untracked	performance-evidence	retain	78	5929	49c8c7729bed682bb1d272296d5481cf9bc77b4487907ace996af834b20c996f	v12/docs/perf-baselines/2026-07-28-current-strict-compiled-scorecard-owner-closure-profiles/wide_integer_records.cpu-top.txt
untracked	performance-evidence	retain	46	3492	b04a645c0905b4e3a645804b7832060ff30e823c23fb9a77714e2ddb0d5ef5a3	v12/docs/perf-baselines/2026-07-28-current-strict-compiled-scorecard-owner-closure-profiles/word_frequency.alloc-objects-top.txt
untracked	performance-evidence	retain	54	4112	f917fe30a31a84c9b394b5ec899e6b0a47b954283c5b9cfe1d6f02a6e20722a4	v12/docs/perf-baselines/2026-07-28-current-strict-compiled-scorecard-owner-closure-profiles/word_frequency.alloc-space-top.txt
untracked	performance-evidence	retain	73	5299	d7ce14989485d78da199ffa26600c2c85dd67bb0cf392944b2e4ec50c1ea865b	v12/docs/perf-baselines/2026-07-28-current-strict-compiled-scorecard-owner-closure-profiles/word_frequency.cpu-cum-top.txt
untracked	performance-evidence	retain	73	5299	ae32453704027ca13f76b1495a0e497de414ef3fbc79720f973d941eba5d5ef1	v12/docs/perf-baselines/2026-07-28-current-strict-compiled-scorecard-owner-closure-profiles/word_frequency.cpu-top.txt
untracked	performance-evidence	retain	199	6480	0fd7091a22bd863a822fe328ad6964bf9c481d24514a61c1943d28b78a6969b9	v12/docs/perf-baselines/2026-07-28-current-strict-compiled-scorecard-owner-closure.json
untracked	performance-evidence	retain	232	11875	05bc0b34e418375b95f75d5cdb01ea90ef06c5366b3e525b91f59a3e91d3b18b	v12/docs/perf-baselines/2026-07-28-current-strict-compiled-scorecard-owner-closure.md
untracked	performance-evidence	retain	64	27356	77f1f29ee765d960881dfa93404139e873d8afc8fd3488c4d3d8e305d287e552	v12/docs/perf-baselines/2026-07-28-current-strict-compiled-scorecard-owner-closure.tsv
untracked	performance-evidence	retain	140	4714	a12adf157625e83caef5a02f5b99080a62d9b60e506dd7b2e4d73d146f683f47	v12/docs/perf-baselines/2026-07-28-v12-correctness-release-readiness-closure.json
untracked	performance-evidence	retain	144	5836	7a871e6913da971ef0bc6a0c4b012520665ae12efcdf062db96fccab881aba14	v12/docs/perf-baselines/2026-07-28-v12-correctness-release-readiness-closure.md
untracked	deferred-wasm	hold	75	3343	07b56a937feadc1f523115e1ba74b0bd8d6297630ba2eeb3100c78142622d97e	v12/docs/wasm-host-output-bridge.md
untracked	deferred-wasm	hold	101	5261	829729f2b51305660557e827a0c45377e7c3b3ff669951389997dd3a3a9abeee	v12/docs/wasm-prototype-status.md
untracked	deferred-wasm	hold	186	7779	13ffc9b7e3f4270fc73e832dc47ec039a709188d9cb0f434f0ac4082c9beb140	v12/docs/wasm-source-module-loader.md
untracked	benchmark-applications	retain	138	3334	e29c9ccd3c94346397695303b1fb83d4e705aa9ce2d5b7194b8964268822f944	v12/examples/benchmarks/backup_dedup/backup_dedup.able
untracked	benchmark-applications	retain	155	3974	f4229da6b02e7e79c49b81f266a08efb87476edade1255277a55fda77f10f22f	v12/examples/benchmarks/discrete_event_simulation/discrete_event_simulation.able
untracked	compiler-aot-runtime	retain	111	2996	59a23dc3ec914043ba1ef52524546718133a63e4e10cb47b46a2d181371018b9	v12/interpreters/go/pkg/compiler/compiler_closure_owned_native_methods_test.go
untracked	compiler-aot-runtime	retain	92	3625	6f8d4d84e9e0185b392e960f532a704f464cda27c298622beabb8389a514b7f8	v12/interpreters/go/pkg/compiler/compiler_execution_context_callable_test.go
untracked	compiler-aot-runtime	retain	403	12564	fdb8f65d75e90da412cfef1cfc24320d22212024dd24e5709e5f0b54169fc494	v12/interpreters/go/pkg/compiler/compiler_native_awaitable_carrier_test.go
untracked	compiler-aot-runtime	retain	54	1863	113186aeca8bb48d35ed4cb68789cedec6bdcf0dbca9be6c2a0f201c23768a8c	v12/interpreters/go/pkg/compiler/compiler_native_interface_runtime_type_cache_test.go
untracked	compiler-aot-runtime	retain	143	5019	06cdc5c94f04eed9da411f36ecbf9d3530361b5de6307c58a426097d69845e0d	v12/interpreters/go/pkg/compiler/compiler_positional_field_read_audit_test.go
untracked	compiler-aot-runtime	retain	29	605	301bfcd988bdefdc075e8ff599f0d8d5d46ad7ee6859eb2d96a8f02479716c8e	v12/interpreters/go/pkg/compiler/generator_callable_execution_context.go
untracked	compiler-aot-runtime	retain	47	960	bf1df501c680622ce1bc888c27ad46521a4f7f3128e5a8f0dc2db026d3a8064b	v12/interpreters/go/pkg/compiler/generator_closure_owned_native_methods.go
untracked	compiler-aot-runtime	retain	272	5745	c0d38a8e78a837def3c2f108f97476c665f8bae46b18f282513288aec7d62f9c	v12/interpreters/go/pkg/compiler/generator_render_runtime_await_signal.go
untracked	compiler-aot-runtime	retain	222	11381	433639ebc62a5145245026e7f5a7a717682e3310870b03d59eb726e598bad9ca	v12/interpreters/go/pkg/compiler/generator_render_runtime_channel_awaitable.go
untracked	compiler-aot-runtime	retain	505	16099	5831aa5f93458e348bdbfe52a04ec8667fea34b2d28d81524bf4afc4c236307d	v12/interpreters/go/pkg/compiler/generator_render_runtime_context_calls.go
untracked	compiler-aot-runtime	retain	20	490	1086a9255f24b0e0b0646421d78e7f440990cd097de2ec7f7e852146c2369642	v12/interpreters/go/pkg/compiler/generator_render_runtime_future_await.go
untracked	deferred-wasm	hold	19	587	d16d5096bf856d53fed1dbef7e8db8de2040273718f901a490204c3c61407085	v12/interpreters/go/pkg/interpreter/bytecode_i32_frame_proof_wasm.go
untracked	deferred-wasm	hold	9	221	36f8ebbca98f41533c98e188f429fef3d67ec95e6eb0a52b53fd8ea320c1b20b	v12/interpreters/go/pkg/interpreter/bytecode_scalar_proof_wasm.go
untracked	deferred-wasm	hold	38	1067	9a41ed27c7efc991541a1e99fcfe8c94c8d760d3bb7125d20e212d152864ad48	v12/interpreters/go/pkg/interpreter/bytecode_type_proofs_wasm.go
untracked	deferred-wasm	hold	81	2272	a3f31b6772d711468976db190fbef554d2130ed8788e1f043eef2e4e5cea2214	v12/interpreters/go/pkg/interpreter/extern_host_wasm.go
untracked	deferred-wasm	hold	49	1393	39545e11b8fc2be6352be5c58cf0a3bfec95c976e33f81c7e43d7d93a7652468	v12/interpreters/go/pkg/interpreter/interpreter_typecheck_wasm.go
untracked	deferred-wasm	hold	17	489	95ca28d5c570991d509b3c9b7820e1624d46ae1536f0df7ad575ce15c4cfb2fd	v12/interpreters/go/pkg/interpreter/interpreter_typechecker_state_wasm.go
untracked	deferred-wasm	hold	12	250	f091ad15b8bb5b0785a07ed092b38976b89d151a2a6284318e5cf258384bdf5b	v12/interpreters/go/pkg/interpreter/static_receiver_type_hints_wasm.go
untracked	compiler-aot-runtime	retain	19	736	ed55613c095fa568f51ca6a821e3d4f854f07a2cc61f99c6da184e3710620b5b	v12/interpreters/go/pkg/runtime/native_awaitable.go
untracked	deferred-wasm	hold	15	472	d377b7b0c6945aabe1cdcf7f91799d17921895c67052e4e74b22b790c3407fb7	v12/wasm/browser_smoke.html
untracked	deferred-wasm	hold	145	4426	8cd1c6c5de7f16fe131a925de920ae52294399f5aed5ab92540808a5c2ef450d	v12/wasm/browser_smoke.mjs
untracked	deferred-wasm	hold	202	7301	a65d1904a162fe057a4433e560df6b9979f36dbaa05203ba7009ce139634f1f4	v12/wasm/browser_smoke.test.mjs
untracked	deferred-wasm	hold	256	8343	0481cbb4b60de2bc7f643f1f7dc18b87f1cdc1d0e14b91275e5c04304f6cb44a	v12/wasm/module_loader.mjs
untracked	deferred-wasm	hold	123	3571	35faa2aaa839b56421ec4542d80d9bae0c97bc4e4050f5f61737cc16f6391e3e	v12/wasm/module_loader.test.mjs
untracked	deferred-wasm	hold	25	843	24998e92528b9835bb9dbafa09b89180a39b13f2137e16af8b2bb86a70e05b3d	v12/wasm/node_ast_parser.mjs
untracked	deferred-wasm	hold	19	568	4246304e7edbed8ebc9aeb217226cfb3199cd7c2d30825aad06fef6e7f1473a6	v12/wasm/node_source_provider.mjs
untracked	deferred-wasm	hold	24	600	ba25c89c60c9bb8263dd3cc0c5bd028230ce5a4746bca145ce3299889a7746f0	v12/wasm/samples/addition.ast.json
untracked	deferred-wasm	hold	27	666	f1890f577bf36b8ccdb2b9bfaf632b32c308942aaae52b2e8f791cdf767b91b8	v12/wasm/samples/extern-go-unavailable.ast.json
untracked	deferred-wasm	hold	9	97	a031a15309dfcc8e2db062ba1cc15d8e194c09445ccf932222ab2b1218aca02d	v12/wasm/samples/host-error.ast.json
untracked	deferred-wasm	hold	24	397	93781903139b8396b04d431c3a7a7c775baef219ebb8358b135713ac7255ee08	v12/wasm/samples/host-output.ast.json
untracked	deferred-wasm	hold	3	24	91609b9103897c9c2845beac58b0a1034a8953c7771cdb35b23ed6e5f5b05e15	v12/wasm/samples/modules/dep.able
untracked	deferred-wasm	hold	6	56	bf4de94bce498adf6fa49cd7475bc88eae080388cd3060685db89fbe6db5cc7f	v12/wasm/samples/modules/main.able
untracked	deferred-wasm	hold	5	52	72b70be0c839320021300191292c1b9f03296f24e8b8570b25445dc8fbcee0cd	v12/wasm/samples/modules/math.able
untracked	deferred-wasm	hold	26	780	8add2d9f8b812b1c5dce4a82b3b6154a258ddc169861802bc36e24e4f9394070	v12/wasm/source_request.mjs
untracked	deferred-wasm	hold	87	2556	24490912c67183e5484bc7c783f6d416043a36db139a9b5fc59b315a1c9ae520	v12/wasm/source_request.test.mjs
