benchmark	source_sha256	compiled_sha256	binary_sha256	interpreter_free	ratio_source_occurrences	ratio_linked_symbol	ratio_linked_diagnostic	ratio_probe_status	ratio_probe_stdout_sha256	map_spread_source_sites	map_spread_linked_diagnostic
fib	1613bf12ba84db9d59c04eb8a2d9b9912d27f51696b22210743e1e499f52ae02	c182e1a8b325a05f2afdc93178f62b3ef3127653edadf9c77c4941a494624a52	215476fcb9b6cb03f8747a0d29d7d30a4e05a3cb85a1d6dfd5d6df06612cfe23	true	3	false	false	not-linked	n/a		false
binarytrees	d973598c0ca4e88fcbe96dc852fa64a935cd651b3b85be10121222e9694293d8	4915bc79a4d75383aef84627a6b9ba2401063935953a9d047684f96a0cbc213b	454e213c57622c176668f4cf6f7f1d581abbf9b8333255888b2f0b7710253ba6	true	3	false	false	not-linked	n/a		false
matrixmultiply	f4e1ae5575094ab725db5ee0adb81eb6783221844aac9ef99b8f820f56c18246	b3055ec5912d9b525482f6b72d9b3a07451c20e6cdb50dc57f62dcf571631834	b5af53a04c3600c984fd5adede45e941490fef23701291270c3179163427906e	true	3	false	false	not-linked	n/a		false
quicksort	f54986a03bce5d3fa5bb8d1dd342299c1b6a434a682572d353c46d5f66c1af92	7a623fccf9833dcdf55a63f0f76c69a447d36031f7ea8403c86bc6374123a5a5	4f7aa6d2f32b3a16899c41d8eb299376bb84bb396410f7be100ba1ddd186e42b	true	3	true	true	verified-no-hit	d0d07db0afd4266c1b6de5e76438bfa6aa974727e06c74e280aa7b497ca0e8b3		false
sudoku_masks	fd918bf940bf22973fb205b1f1fa1be9de07a8774ad79138c9bc8a95acb43d6b	13ea9f29b9b7312b2a7e8a7b1d6f755bd11a0363799981cbb45bf6d639a15e71	0b69624b39704adf5fe754f3145941079dc5a9b660c85664b17104929ddc7681	true	3	true	true	verified-no-hit	35a81e448daf9986f2a9b7c3a873dc6216bd55c969efec50c9b1de6d866659ec		false
i_before_e	4cabfaeebf777072eb41a2411a7b9467386be7fcb55303ede708d8da50f057d9	52ce68d0c13e988be3e8abcf0383c5d4091633617e0747f1c1924dba5f8a1e8c	4d6b2acf9736c40b7648429e4a9daaa97fe065d69fdde4199f20f237ea1ed300	true	3	true	true	verified-no-hit	981f0d37a277be25f359c097e10df2ef68009fea2d3e322aeed3a65d0fbaca39		false
base64	b4676ab1b4392ed4433d7a2ce57c7388907e4719494e6edce32728b071750108	ffe1df67db4d0acfe0eb965f3f076eec56dbbd3c1383acb63515ffb9bcb93ef6	6a182db6c5ba9c0cac30751306f1ca7df66524c803200a262a16b9a83420e435	true	3	false	false	not-linked	n/a		false
backup_dedup	e29c9ccd3c94346397695303b1fb83d4e705aa9ce2d5b7194b8964268822f944	8d1297b39bc86467439328a4c43a6bb6e3e7d798e5c1a1e8f5d8a7118abdf002	c10df043ab9424cd68d30949161c3756fb6f218c06d7f3761e39ab539572a6a9	true	3	true	true	verified-no-hit	bf4d5c89239bd78c6dcb9d755b8df4e90bc092c2a64bf15e45786e815918504e		false
binary_event_log	658bf062ac063af7302544b1e9d2bc30d21c5c3b535e48634f40c20ba2c8d2ea	7be4f8d2082396de269933c239732dfa22b75de0fdea0f1c774b5529d18d29c6	73bae02c4e69dcc674800639c158fe04527d1eb8e084ff4dcafdc71a77058b72	true	3	true	true	verified-no-hit	fb075dc8606582c1e6a1d5e520fa8dda237fc7304044b84b3f8f3a2c6b1c36e9		false
json	84a895d80fee86e71b65c3614dc71088ef36d5a469b2756162007ee49d45b62a	2485eeff1776bba0360cba0103844e556fa4e95b69f9f017b217c7e880f538ce	84dca19369d9733027baebaf1ed8067b7fa3b692ef018a8833ebe31d7e6706ee	true	3	true	true	verified-no-hit	7cbf9736119f7683d59646bea566591a2ef278db54286b8e2525aa39e907839e		false
monte_carlo_pi	9afb1620c5f41eed0b519e225cf7a7cc32e837ccfccd2e047d56175c1805aa0c	b1ca357cd0345271fdec0e7bd5425a5fc99ae58ae9c778740067b71d56c6fbeb	4b4d44db24ec6f3befe80f64bafac8b00c11c5deb4cd17327bc8b9357e2fa541	true	3	false	false	not-linked	n/a		false
pidigits	236a74ef456b4a5ca3e33a743a0b3b8e8767db9cfa07dd619df870bff876d5cb	c0c1d3d2bbb0a2945b46c5ce70bf88dc529a356d33fecc6a3fbc42858d24e5d0	8e71736b029717a1ca4b6998c9c276c6a58bf10419ab1b007a17a94c176fa4c9	true	3	true	true	verified-no-hit	bdfa7b6c756d96492f472f97aee9cc139bee954d271eacedfd7ace5d2875f06c		false
mandelbrot	663385828c4e7318bac285c4fcce27d3b435f9a3536a1a20b3cfa09af2a32315	10cccc656143ec16f8c6810d5bf161b11e60879b1a1731018593ebbec6e9552c	edfaf47cf78e5d061f412e8ab02baca236eacbb449834aefdc87c1ff9125bbc5	true	3	true	true	verified-no-hit	d1560cadc49ab9dca30a4cfbe4123c1fcc0240ed80de27ad37d7fcc97159173e		false
reverse_complement	4bd16d4b6c65362efc5b2515548f59686144553a91eadcc65a0cde6df537e5f9	a450c418ddb97cd3aa5911e86a2f7a6fd8f7f080e310d1f509a8ae83b9d1b69a	fa677c4dc49a5c15b9f838b1a9d489f0baad768ff902f6976eca14887bd4fc4d	true	3	true	true	verified-no-hit	db06a593d68950aa91293fb57ffed87ad57040c4ac7ab81ae9dc43d50b400bb7		false
k_nucleotide	933749cb33f84a88274e010f7459d027be839a42162f0d559eca8a1920aa8a2a	23c08772398cb48c34af9cfe8ff14726cbd7dc914e6c10244c694e03f0a77a3f	209695c21783078a634f38039f87dbcbdaaa452a8b9221d27480a8c52410d6a3	true	3	true	true	verified-no-hit	d628623daa677c00673df8d4961d14eb271b4112cdcb65b8233f07b69d7b49b8		false
nbody	697e6d589629213c9fcbcaf7b2607fb7f9d98035dce04ef829ce71e2c12acef9	18f7a251d7a63f5a86753a820f24edc3cd05996b2e21f0d7e434e43c52c22d5b	64b5560b3a2b3b36fa797de0fe2499eb8a4657407c266e5f9bc43d9c40df5ac8	true	3	false	false	not-linked	n/a		false
tapelang_alphabet	426a40e33840f3a0e9e62d5f9b9519a6840edd2733b8031df6a280e4b782fdb8	0e848c44a825ca835393d81ab3412e8b727bb5d3e9fff7e9349021153abe7872	330bf74384fb4ce55f88fc64f2831f18c6d1721fcd49ee736f24e8fa4828104b	true	3	true	true	verified-no-hit	a8ac3a1054c1aa7ac25f9b1e652a96a7ac86a1c1130687fc53b90e20c766d149		false
distance_field	80f96ee942dafbf81b7e09edfc3410c3af37ed3190357fcf77c5d9641a30cf88	6291ba6acc67b02e666274c9a24ff1da2ae38ff69b2075922a2d20de29f98613	0631c6d2a80f96c3712089c6f9fbd16878d56ce81f267ed4463e9a6c4dcd8fcf	true	3	false	false	not-linked	n/a		false
rms_norm	b289c78432f7c4077e259810c9e788341824899188821df669af345eed04dc59	c5ec0993aae568adace9fc95b96e9264474c9eef93e47982e5bc6eab4e1d1965	aff08e994f9de9a0ec86e4688f20bd2f0fe673a2e3daaf5cc2d0d6ef6197d51a	true	3	false	false	not-linked	n/a		false
fasta_generation	7b30ce2139b20f4b30495a44e5afc99bb4ab664c2ec9e0817512784adcb06c0e	d4a935ff64c28b92b6b143dc5184caed01b799bdcb0c2cce5813ba3ed405ff05	8cf508f0f36bc432e7958052f8da15305e5b39d56dd514c73e78072b34d99c7b	true	3	true	true	verified-no-hit	2907f3fb66fea247549c0f26b5b5d5cd1940a055574b72dad344283e1eb0fd10		false
fixed_width_128	330ce59771b6dc41a1c147c53d82bb65b43d9a09c018d11ee527c1431a829f0e	3974b4e443cd1528dc2434dbcfeac915340db9483f0b102dd09cca8fb4d123b2	b0e0fde152fa53a5fa2f7f01314b32e60d86eb18eaf5fb3c5f1004c8a6a4603d	true	3	false	false	not-linked	n/a		false
rational_series	20a58261d852834d425de755ed35e7c34b0bda80945caf97a94d4ba9b2e0bf46	dbe6ac0417e25a19ac5e600315ca4ae85b9f7145cc6b4683807ff6c3eefae7bf	c1388c3b1bfeb47f1aad3ffab5bfa0815c2a5a33e0a57462cdc5d399fee53820	true	3	false	false	not-linked	n/a		false
wide_integer_records	8ba1e245f5d169409d2d35ba53c3ba94a554fd6767ec8d9d4602fef064b8405d	4855f1f44b5fcb39f0ef0096488fe46f64ba90aebb9b490fbc2e0eba9ec79db2	aa87966c29793015b66ec94682569890b6bd34ac8d0e1b46f67ca6fb00ae65f8	true	3	true	true	verified-no-hit	f373537521cc6bfb0fb9e1a1eb36eb93a057654b526a4521878bc269261713e5		false
word_frequency	ad6e5d39c1685931dfb7b86fb7ce2afe783a1088ffc646a5482540606cd79a3f	72869e7872fa81c3ac30811f4a4f5743de0e7150982a8f5778cc27948cc9d213	fc70bcb5e02f8f80072959d95693b3b66e9119f7ae76def0b0aefaf569aa3e70	true	3	true	true	verified-no-hit	7dc1dae393e2c070eb0b9c9e611e154b2e6cce1b4a4268aa1bc73f8ff0e2fd07		false
document_audit	4f3fe4b3ce2a782c67e79d1178ba0ef3165ff8917b1970a6c96ccd7e550f27f2	8053d05cb961f014e9a1a594e3a69534461a800c62b87f9d7234378d59603ef6	60bac8b6e4c775fbfa7b257b829f4343089a64f60ea3649d2155925158beab75	true	3	true	true	verified-no-hit	0dad030a80c8a883cbb56fbcfebfd530d521075e15d5d91ba538bc93e66c0aab		false
lexical_rollup	567a239892f4f6b00e5d61e4d262857ff14687c31e16cd1d390d9e9dfb6b3159	1349dc07710e1cfc8936db8cebaa5ab8a9a2a5d73f84b926b46a5a1d6d40494b	3d8a5079817a3239319fbdb6c1dded5ec24d05e2a22551ca8e00c9785bc9c95c	true	3	true	true	verified-no-hit	a6a1f91069e8c95a38fba1a3cb7fb3f582434245605091f200ee90cdb190e604		false
channel_rollup	cc7ddd6dca16348087e17b89f07a30afa536750d088606744f9c22ce0704808a	5c301decc71bdb1d262dc69649dd1623e65900765280e046160d065bdbd4b756	d5e8984a5aa00a9a3ee71b31b6be6f6dc3dc62c4e8aa2c9ee3564d12c8a7a140	true	3	true	true	verified-no-hit	a6a1f91069e8c95a38fba1a3cb7fb3f582434245605091f200ee90cdb190e604		false
future_pipeline	823bcdb46878c9d57ab6438bed3767861974227b96318572dc823f3da69067b7	f14a6381633323fbcaf06659ce888771ddcade8edd84d565c951d8d672a94690	2ff00d1e8cab655e4baf7cd48e8410108df5e738b0a93124881e9ca7a707e3df	true	3	false	false	not-linked	n/a		false
future_await_race	7950a425ac6225a577d7c234395ee4293d5c89c2ddfcb19fd87732e8d4d0335b	ce5b8e9e908be0c5650cf7dd0d3857c9696a8f481f2e0e83e61078c7f79d851c	7592b645ec9da49ea0fbbf7cf8e75cb52127fccf7be6dcb5898b82707129641d	true	3	false	false	not-linked	n/a		false
await_channel_mux	31bd5d760fff06cdd813c5520f961fbaadb5222908608f2630c183c8598f5b0c	f2d4fbc8e04d00bafac1256d634e62c1e38a9f60a96bcb8ca4d51d20e42db959	65a5d0ea2d0598bd760138ebbe7876155906c7ccbbc67b8f836b15e0e17503cc	true	3	false	false	not-linked	n/a		false
mutex_ledger	2975ac5ae318fd528fd353ee8846f4cb86104e8525a43c2aa1c31e05dfdb1a61	bf7ed22f5fcc8de93b977d0b63c406e37a9404ee70d53d50e47f0d6abaf6a79a	b76337a6152dd93637d7bc8a4498be3cadbd6e33fa391a1cf2700c6e5bec6909	true	3	false	false	not-linked	n/a		false
mutex_await_journal	3d17db99f2a06f2d87868dcb00e129d6f0cb18d4209b329e09bac281adaf8696	36ba39f414e97d76e2982b633346766ac57428b702a86a93feb7ca33f9f2fc27	6af0c6e9fbf457860e1e313e76cda5b5f0814c76ea4ce50359a06faf1aa19e65	true	3	false	false	not-linked	n/a		false
mutex_work_queue	8341715e210cd8342a49c32dd2d9ba01331f893b680e8a418f5ee2542a456113	caf1ce9eb40c06a8ee7eb47ed641a84682641a87742b1a3dee43907f84085957	90a1732e6d08fe1372e0fe167d0a54fde553299ac15d0add5f7e9b2a83799ed0	true	3	false	false	not-linked	n/a		false
regex_suffix_audit	7f8a1b031ae20c9af490cd21ac9846ea472b43c62cd082b22cb6e600fea2c5fe	b30cc7022b686ac7c593f44ef46198bd249db457169330abda204c81080ad4af	955426c9880e29f63d6d7179e7a891421e64ab95d39b5d28197a31fee7f3fff5	true	3	true	true	verified-no-hit	b5d5ccfabbfd4dc5952406cb1c42d62b807f75828661c4c3774b251abe38380f		false
regex_set_audit	124fcfb1435ab1160adff38f7d50ba442c22b4d63cce25fa06e7799a26458b9b	fc6fe9dbc45a03b1f8b2a55eb3e7adb05fe661a2b702969d9551755e99f2661c	b2fef46cf3d953de605a651b1e6b29f7c2a16f36853c729d8296624fd1f41977	true	3	true	true	verified-no-hit	3d8f861a312416f95b95d59be62614f0ffc7918e86fb984fe6035ca7b7b28da2		false
regex_stream_audit	ed58e3975b12776a03ace5bd7e066b570e7538f303f631db9c1704d3a1eaa999	d870ba43fa192c108d24b0225b34581760b6d58be8728867c7330c11fe231e8d	f9c9deec8b35d2eda664c27d3c791fad5d856993c59f50fe0a89d9afbab13e08	true	3	true	true	verified-no-hit	dd7801f0b104d8bd47aaef64d685bc65a06263851f12c8df8cf75260d09e717b		false
log_routing_redaction	958ad9cdee6f91694757dbca9748e6f23bff84340e52e0e1375589726be0629b	10741e0d6dff8f643f2574fe99b75195446c9909686a9cefce6976cdffeeb033	a0d2ce9faadfeadeda2a360f7d8e11ed8855ab01e42108e20f020726368cc505	true	3	true	true	verified-no-hit	0d9585b01f83904fdf11d47b2902678c1718c8442ed1d84410d61d5d90f60bf4		false
config_validation_extraction	ffdba7256c645683bd9e53ef5a3422ca332ad51dae98816ef902906691ac8b73	f9d05a2bf4e46920fb61fb8ebc12a2c6e203fd0ec36821160baed891e5700ac6	c62b0ecac0a626fd64096c30373902048d5a2076c59cffdcdcf08bc37e4f6525	true	3	true	true	verified-no-hit	c1aa99b9a13bb6e0c7731cb2aea77e300cd3cecc695df7fd4af90036939341d1		false
unicode_scalar_pipeline	9ff36de9cbdd1e2b1138611fc20453e0803e3f8734769a30929eb52528ab7bdb	b277599ee6828da84cc82e677aad8f421793fd23240e6ae1d0dee68d8a0d8593	163979bf0a3fc8c4a1abba1d11ee909207e45faaaedd4c0aae7a6cb182a1dde4	true	3	true	true	verified-no-hit	c9efadb7f22969600334daa4a4eed2edde38c8e86d2c81d354d6f3979c854eb9		false
array_slice_window	64c65a525023e5fc7000f13b9d36875716b7d8b936060fede904381b58156b4e	e56793f9ea87e4539343afe64062ae361b68a965040f22819c428adb4721ea3c	2180c65b2539befd35c713b440157310f3df0d7a1b37aec52b6acbe4a53bb5b7	true	3	false	false	not-linked	n/a		false
dependency_plan	f2579982dbe25debb2e40f2ec1f2d0187016a3801c5373c82f45258e16210d8e	23826de327d03ddb48f34a542ff7f981d5fbc472c9982a2d771b77070b044a0a	dba591ebf177cc1534e656a01c4048df449cf98fa53e3608ef7c4bddf83ea10b	true	3	false	false	not-linked	n/a		false
discrete_event_simulation	f4229da6b02e7e79c49b81f266a08efb87476edade1255277a55fda77f10f22f	50785f32ce948c14b8026793d3e8c36aea5f84ee8b12547bfb277d8ea5fc5b51	ef07e51f92182f5aa0daea7d9ba2caa1bd9a02cdc58fd8ee8d307960e892a4fe	true	3	false	false	not-linked	n/a		false
inventory_reconciliation	16c408486e1f3fb1003c795b5ed0ee63b310cd2fecba4a85d9b4081c381e8d9f	d38e79917d5feeacbae00015230416b6053f492c789eea0ff24c076ffbbc0c7f	9917a6c053cd05bd0557842c6638f9692bc0a25cfd1844c0b8c9842242d03995	true	3	false	false	not-linked	n/a		false
option_result_config	9a0cd261ba89aad1fe1cea7da9ce78bdf356a350151ba7f17277ed5a125d7c48	02d95b9980057e03129eebb00f1da80abe1980de684b622724f78c000b21cf16	3eedce086be18cf0747bc40b3adcad378b1a55398236bdf6d487e9fb2ce37492	true	3	false	false	not-linked	n/a		false
concurrent_text_index	5a2429f00e30e21af242850073e6e8c24d4022b8cad9bc7aee5e6e7860999eef	561e682357145289282b9693d8fa3fbbd9c6835cdb0a9ca1341d896fe5ecdafd	c54de2fd75aacc6c51c605a2c5fdff3b2607495ca432a0386be6a5f7d82c39f6	true	3	true	true	verified-no-hit	3bdc437d713ad4ddcd2c37e7367ca95879766c927643a80803b3d0eba3c249d8		false
validated_job_pipeline	792dd2fbf2d09643082e523999f768745eb5c08af64f2b747e82901e3fe4bd8e	f6901883df38b4945422c5d64a1497c4cc7c28808a477b0c249c013cc5c24c80	e4065ec153984c60c960ded33e336f7cbb3c49d24bcea407405734930f35b169	true	3	true	true	verified-no-hit	ee5a3553094de6253bd71daaafd30e1db3eb9a17d11d3411b18ca652feafc40a		false
dependency_wave_validation	7d200dbe3ee867e95668ae8c74a2e45893f4d369db6bf00962363348dc632a50	68dd67f37447fb7c8f84c61050dc3542d5945eaebd9f3f3ad316eda657157543	04dac4aba23f167d4c36198b1a351e7e293824d8627e5c9831cdc9c74eb30959	true	3	false	false	not-linked	n/a		false
concurrent_event_routing	23d12e189b92ee44f83917df8a8fa8a84f2ab77242f9785474df345fbe5e274b	3a4fb24daf49a874b9ab4f7f2277b5ba8bb463c16b987908208157c95e978254	473771d1fba54147c6febc3e71dda3e7cb9fa6146b6df4d566cdb8c667b941e0	true	3	true	true	verified-no-hit	672e4542ce0d231428dd910348225e7c8b058824d7b8ceffbfb616d77a939d39		false
concurrent_document_pipeline	5c5d8a577a404fdc73e355a9b8997ff36acd04e8ca974e07bde0729e78a7dc16	fd70f7c6bd105e47bc3c9c4e5e3eaad539fb14eba2bffbfd2880820a0e5b73e5	6e86ced47250445a51c2e590ae8e0d0a7a77f1e383c94710bf87c97afa9ead9a	true	3	true	true	verified-no-hit	60b369f137cf022522072c4abfd911091aa3c77597528906f58b62610f438120		false
concurrent_stencil_reduction	db33fbbe0624cda3958b64f1fb51a07e950a023ca480b3469f1b09215f22501a	a7344d25c44c501fadc54a2db9e2ba2e8593cab283d0736e900d675017c1aa94	686b1065395bc35b65d3ee9216e0d36c975486857250571eac528b61cc5c49f6	true	3	true	true	verified-no-hit	42870ec44f0b8a860e066ec155ce13e2916bbff632d74a5c87704f7f81fa4a3b		false
concurrent_signal_dispatch	79d9f7945ab5278b5725a0c28ee1e1bdf66a81530f95777c6478e9efa01d63d0	aed99627a72968cea21d3af09e8d4127965b881326791a9e7dc239a47ab74b97	3cd1ef3dab09169d95dcf06cd520277217212255b2e35723d6428d011a46f099	true	3	true	true	verified-no-hit	cb24d4b4ebe05455c69d9232b5bee08e27e1f864776c80996a0253ece9d69d94		false
concurrent_transform_chain	378d0a572c0a23d65a80d7681c6309ee0eb1e147cdd2e3442ce628ca04c40027	a735f29743d10bf9f8d82f6a2ac68cce31fc0c4abdc0a8af5880eaadf77f483a	1d6b07a31d7aee096932fe96d3134c9a48e8ed43c32b63241d18f798a746701b	true	3	true	true	verified-no-hit	4695dbb758688b107a6c7917406311bad54f32f2f42310b2e6c2f58702468f57		false
concurrent_policy_callbacks	ae4b730a18e1f64e85b17f3eb2a53c5d7b54bf9d0c99b748e67bb18265451266	0f70980774363d89434ca2c227419557294befbd4c273443e20717c71caf7bf2	325a014bcc257cf6ba4f150965dd61cf0e0d3ac1671813c603505caa389f0b56	true	3	true	true	verified-no-hit	7f1eeebf4548e851a416d06dddf41316bb9ebd4baa5f0e9e6b5265405883f210		false
concurrent_graph_visitors	b445e78cd4c706fc09a3ab008df58fb4a5c90237b2caee4cd52420d04298db56	6dd7774cbfc91a1a843c9c9341edad3a274418c138360e0b795e2109239eac89	2133aaa2bff50ee3a23c900fafb87db2d4391b51559700182b5c0f7936edb1ad	true	3	true	true	verified-no-hit	399e7fd8eae623db1fb6fe83ba5d08b46a747fca2d7e51ec6536aab65b50c9ee		false
concurrent_audio_voices	b6a5d1e0d2901bd3341b02d1f3445601ef05670cb2442c9f706305f4ec8b7cad	9b70567365aeacfd782ef7b9c7185cb89031212e389ba91ad4e957d21b5a4178	1e7b5722080a1560bc076af1a5a3eac5f25ddae5c1a69f9b3493976e17541875	true	3	true	true	verified-no-hit	6ec28390bc9c749cf18e4a6fbd4bc03154345e1acf0a2f6601baab16884a6e28		false
concurrent_packet_codecs	2184c24ec515d57551c57440c9351b58cb4a43c1824e5f1df43e839b3de57481	e0197a21ee6d16affa434f964759b1e3ebef104a72cf6add2bc24bfb5324116f	cde00b817f711acad2d6f93c8d895c592c7414c54535b9f93f908f67dccb41fc	true	3	true	true	verified-no-hit	cf10b00cfd2619f5162ee99687f8e059e9333c4597169846846468fa20c230a5		false
concurrent_scene_tiles	dd1b5c6eb972af1480eb87bca3096672e44280e3c8c473df95942c3f06ada71f	13fe7c282f1b01ba22fd9f2232f73cea85b172f89d7ef6b9c93c8180d93e80ec	4c49cc9616bfa64bc649f96906e7f32355bc0ea3175b2f042d4eff00c9ffa40d	true	3	true	true	verified-no-hit	2c60d0d812049ff61485905f50f92e678610e9708c24849927292dd7566a15fe		false
concurrent_tree_folds	521a80923670cdbf78d12110adb8e7b8fc4aa540ac1aea39133f029aa6b2e321	ff17bfab1383ed6391ae7b23ffd896a7927d543414148e7f2e2c52c366433a0d	b411ebd1288b573ed0300af0769778df4a328f42c0ff7479be538b6a20b74c40	true	3	true	true	verified-no-hit	ea4c3694c769a63e64e13afa98ee33a5a2edcd8d1ec0cd821c01bb257b2166d7		false
concurrent_state_machines	a8270e45edd0da619ec0c49ff1c09bf80a920e37ceff046e1887963059ea221e	ae0640d326a15e072f7e942bf78fed51c3ff6f3cba02c37b7b68919dcb825e72	04eb0306fc0ccc853d79e492f459bb03638e044657b143573fe286a4412f30ea	true	3	true	true	verified-no-hit	96296c1ea028df4cae0d4dde3e2f8a91533b7bb4daf1f19a611ea9b0ec2b0103		false
concurrent_stateful_pipeline	99c6ecfb4eccd2c93925701f8a9845a53de88b9ac042ba6d34517ca073922bf5	4d7bd10407dd1297bba9779c07ecc4c03212893624134f41f736626301e6f84a	8923b54da3a0233f1b1de0c26f805fb2833678f3d76a60c3defc3a1c6d5e85b5	true	3	true	true	verified-no-hit	b76b6e24e86beed9a7fc734ccfdf62266d67dea722d758656456824ecee96b67		false
manifest_normalization	4738af1fb5aabcdafd7581c2b84289824d6bf0a5dae779e70f4db6746f63aec9	e7a42ffa6b0450523d2133784779e46f0588653ebbd8624b073af7673b0b53b3	fed87c5366b337c1f9a3b99b6d5183216a82bc6f4d780820c63057ad221f44fb	true	3	true	true	verified-no-hit	2d6d55d5a76f3e45c6eb4fc3c0b892c2c5d8e02f3e38fa916d4f1c9a1579e9cb		false
policy_record_dispatch	cd6089f205ff542c9c9c07c5526d47b9fc4287f9fd9c7081947d363610ec5263	df479d6b7aa8e95590a80a266c44b4f5bb54485fc21377bead650a362d6a10fa	02372af216dc010680e7769f11aa42e6a88c092870d5dd124edf1d2c579c5ebf	true	3	true	true	verified-no-hit	f15c66e53e4c89650ae12aff6c2f466f2cf0c7adb6ca3fe5be0127bfba217c05		false
sensor_calibration	28a29926e6511185eda8621d69f09109a3f16bcff69de6f41e0d4cdc4c0d480d	17a911cc842c4bab2d03fd93437122eff296c2adb4f16c1e3f72368188a1327c	98aa93cd06d0a3b8917ef83a1c4f455ca2d28bb57c6b1ff4d1dec21b1ff7b199	true	3	true	true	verified-no-hit	e96cf1e366228f34478289660b4478b345bc069ac6e6633900d9805f0340edbb		false
