benchmark	run	status	verified	profile_bytes	stdout_sha256
word_frequency	1	ok	1	3386	7dc1dae393e2c070eb0b9c9e611e154b2e6cce1b4a4268aa1bc73f8ff0e2fd07
word_frequency	2	ok	1	2716	7dc1dae393e2c070eb0b9c9e611e154b2e6cce1b4a4268aa1bc73f8ff0e2fd07
word_frequency	3	ok	1	2962	7dc1dae393e2c070eb0b9c9e611e154b2e6cce1b4a4268aa1bc73f8ff0e2fd07
word_frequency	4	ok	1	2786	7dc1dae393e2c070eb0b9c9e611e154b2e6cce1b4a4268aa1bc73f8ff0e2fd07
word_frequency	5	ok	1	3495	7dc1dae393e2c070eb0b9c9e611e154b2e6cce1b4a4268aa1bc73f8ff0e2fd07
word_frequency	6	ok	1	3206	7dc1dae393e2c070eb0b9c9e611e154b2e6cce1b4a4268aa1bc73f8ff0e2fd07
word_frequency	7	ok	1	3468	7dc1dae393e2c070eb0b9c9e611e154b2e6cce1b4a4268aa1bc73f8ff0e2fd07
word_frequency	8	ok	1	2662	7dc1dae393e2c070eb0b9c9e611e154b2e6cce1b4a4268aa1bc73f8ff0e2fd07
word_frequency	9	ok	1	3062	7dc1dae393e2c070eb0b9c9e611e154b2e6cce1b4a4268aa1bc73f8ff0e2fd07
word_frequency	10	ok	1	2996	7dc1dae393e2c070eb0b9c9e611e154b2e6cce1b4a4268aa1bc73f8ff0e2fd07
word_frequency	11	ok	1	3220	7dc1dae393e2c070eb0b9c9e611e154b2e6cce1b4a4268aa1bc73f8ff0e2fd07
word_frequency	12	ok	1	3059	7dc1dae393e2c070eb0b9c9e611e154b2e6cce1b4a4268aa1bc73f8ff0e2fd07
word_frequency	13	ok	1	3504	7dc1dae393e2c070eb0b9c9e611e154b2e6cce1b4a4268aa1bc73f8ff0e2fd07
word_frequency	14	ok	1	3195	7dc1dae393e2c070eb0b9c9e611e154b2e6cce1b4a4268aa1bc73f8ff0e2fd07
word_frequency	15	ok	1	3202	7dc1dae393e2c070eb0b9c9e611e154b2e6cce1b4a4268aa1bc73f8ff0e2fd07
word_frequency	16	ok	1	3603	7dc1dae393e2c070eb0b9c9e611e154b2e6cce1b4a4268aa1bc73f8ff0e2fd07
word_frequency	17	ok	1	2880	7dc1dae393e2c070eb0b9c9e611e154b2e6cce1b4a4268aa1bc73f8ff0e2fd07
word_frequency	18	ok	1	3581	7dc1dae393e2c070eb0b9c9e611e154b2e6cce1b4a4268aa1bc73f8ff0e2fd07
word_frequency	19	ok	1	3691	7dc1dae393e2c070eb0b9c9e611e154b2e6cce1b4a4268aa1bc73f8ff0e2fd07
word_frequency	20	ok	1	3184	7dc1dae393e2c070eb0b9c9e611e154b2e6cce1b4a4268aa1bc73f8ff0e2fd07
regex_suffix_audit	1	ok	1	7666	48835ea1a1741c659d1b6b215a56e6611e525366596e08e9a10ec985106f598a
regex_suffix_audit	2	ok	1	7631	48835ea1a1741c659d1b6b215a56e6611e525366596e08e9a10ec985106f598a
regex_suffix_audit	3	ok	1	7622	48835ea1a1741c659d1b6b215a56e6611e525366596e08e9a10ec985106f598a
regex_suffix_audit	4	ok	1	7632	48835ea1a1741c659d1b6b215a56e6611e525366596e08e9a10ec985106f598a
regex_suffix_audit	5	ok	1	7629	48835ea1a1741c659d1b6b215a56e6611e525366596e08e9a10ec985106f598a
regex_suffix_audit	6	ok	1	9112	48835ea1a1741c659d1b6b215a56e6611e525366596e08e9a10ec985106f598a
regex_suffix_audit	7	ok	1	7001	48835ea1a1741c659d1b6b215a56e6611e525366596e08e9a10ec985106f598a
regex_suffix_audit	8	ok	1	6907	48835ea1a1741c659d1b6b215a56e6611e525366596e08e9a10ec985106f598a
regex_suffix_audit	9	ok	1	8875	48835ea1a1741c659d1b6b215a56e6611e525366596e08e9a10ec985106f598a
regex_suffix_audit	10	ok	1	7733	48835ea1a1741c659d1b6b215a56e6611e525366596e08e9a10ec985106f598a
regex_suffix_audit	11	ok	1	8170	48835ea1a1741c659d1b6b215a56e6611e525366596e08e9a10ec985106f598a
regex_suffix_audit	12	ok	1	7561	48835ea1a1741c659d1b6b215a56e6611e525366596e08e9a10ec985106f598a
regex_suffix_audit	13	ok	1	7807	48835ea1a1741c659d1b6b215a56e6611e525366596e08e9a10ec985106f598a
regex_suffix_audit	14	ok	1	7419	48835ea1a1741c659d1b6b215a56e6611e525366596e08e9a10ec985106f598a
regex_suffix_audit	15	ok	1	7942	48835ea1a1741c659d1b6b215a56e6611e525366596e08e9a10ec985106f598a
regex_suffix_audit	16	ok	1	7082	48835ea1a1741c659d1b6b215a56e6611e525366596e08e9a10ec985106f598a
regex_suffix_audit	17	ok	1	7894	48835ea1a1741c659d1b6b215a56e6611e525366596e08e9a10ec985106f598a
regex_suffix_audit	18	ok	1	8081	48835ea1a1741c659d1b6b215a56e6611e525366596e08e9a10ec985106f598a
regex_suffix_audit	19	ok	1	8666	48835ea1a1741c659d1b6b215a56e6611e525366596e08e9a10ec985106f598a
regex_suffix_audit	20	ok	1	8011	48835ea1a1741c659d1b6b215a56e6611e525366596e08e9a10ec985106f598a
channel_rollup	1	ok	1	4815	a6a1f91069e8c95a38fba1a3cb7fb3f582434245605091f200ee90cdb190e604
channel_rollup	2	ok	1	5230	a6a1f91069e8c95a38fba1a3cb7fb3f582434245605091f200ee90cdb190e604
channel_rollup	3	ok	1	5040	a6a1f91069e8c95a38fba1a3cb7fb3f582434245605091f200ee90cdb190e604
channel_rollup	4	ok	1	5442	a6a1f91069e8c95a38fba1a3cb7fb3f582434245605091f200ee90cdb190e604
channel_rollup	5	ok	1	5702	a6a1f91069e8c95a38fba1a3cb7fb3f582434245605091f200ee90cdb190e604
channel_rollup	6	ok	1	4980	a6a1f91069e8c95a38fba1a3cb7fb3f582434245605091f200ee90cdb190e604
channel_rollup	7	ok	1	5327	a6a1f91069e8c95a38fba1a3cb7fb3f582434245605091f200ee90cdb190e604
channel_rollup	8	ok	1	4797	a6a1f91069e8c95a38fba1a3cb7fb3f582434245605091f200ee90cdb190e604
channel_rollup	9	ok	1	5363	a6a1f91069e8c95a38fba1a3cb7fb3f582434245605091f200ee90cdb190e604
channel_rollup	10	ok	1	4477	a6a1f91069e8c95a38fba1a3cb7fb3f582434245605091f200ee90cdb190e604
channel_rollup	11	ok	1	4705	a6a1f91069e8c95a38fba1a3cb7fb3f582434245605091f200ee90cdb190e604
channel_rollup	12	ok	1	5153	a6a1f91069e8c95a38fba1a3cb7fb3f582434245605091f200ee90cdb190e604
channel_rollup	13	ok	1	5302	a6a1f91069e8c95a38fba1a3cb7fb3f582434245605091f200ee90cdb190e604
channel_rollup	14	ok	1	4728	a6a1f91069e8c95a38fba1a3cb7fb3f582434245605091f200ee90cdb190e604
channel_rollup	15	ok	1	5464	a6a1f91069e8c95a38fba1a3cb7fb3f582434245605091f200ee90cdb190e604
channel_rollup	16	ok	1	5573	a6a1f91069e8c95a38fba1a3cb7fb3f582434245605091f200ee90cdb190e604
channel_rollup	17	ok	1	4838	a6a1f91069e8c95a38fba1a3cb7fb3f582434245605091f200ee90cdb190e604
channel_rollup	18	ok	1	4528	a6a1f91069e8c95a38fba1a3cb7fb3f582434245605091f200ee90cdb190e604
channel_rollup	19	ok	1	4811	a6a1f91069e8c95a38fba1a3cb7fb3f582434245605091f200ee90cdb190e604
channel_rollup	20	ok	1	4840	a6a1f91069e8c95a38fba1a3cb7fb3f582434245605091f200ee90cdb190e604
future_pipeline	1	ok	1	4117	3db937fdd21b5719ab57c25679a1944e8f30128695c8edbfae4940aba7aa6d98
future_pipeline	2	ok	1	3990	3db937fdd21b5719ab57c25679a1944e8f30128695c8edbfae4940aba7aa6d98
future_pipeline	3	ok	1	3520	3db937fdd21b5719ab57c25679a1944e8f30128695c8edbfae4940aba7aa6d98
future_pipeline	4	ok	1	3875	3db937fdd21b5719ab57c25679a1944e8f30128695c8edbfae4940aba7aa6d98
future_pipeline	5	ok	1	3333	3db937fdd21b5719ab57c25679a1944e8f30128695c8edbfae4940aba7aa6d98
future_pipeline	6	ok	1	3426	3db937fdd21b5719ab57c25679a1944e8f30128695c8edbfae4940aba7aa6d98
future_pipeline	7	ok	1	3832	3db937fdd21b5719ab57c25679a1944e8f30128695c8edbfae4940aba7aa6d98
future_pipeline	8	ok	1	3735	3db937fdd21b5719ab57c25679a1944e8f30128695c8edbfae4940aba7aa6d98
future_pipeline	9	ok	1	4583	3db937fdd21b5719ab57c25679a1944e8f30128695c8edbfae4940aba7aa6d98
future_pipeline	10	ok	1	3605	3db937fdd21b5719ab57c25679a1944e8f30128695c8edbfae4940aba7aa6d98
future_pipeline	11	ok	1	3316	3db937fdd21b5719ab57c25679a1944e8f30128695c8edbfae4940aba7aa6d98
future_pipeline	12	ok	1	3979	3db937fdd21b5719ab57c25679a1944e8f30128695c8edbfae4940aba7aa6d98
future_pipeline	13	ok	1	3830	3db937fdd21b5719ab57c25679a1944e8f30128695c8edbfae4940aba7aa6d98
future_pipeline	14	ok	1	3849	3db937fdd21b5719ab57c25679a1944e8f30128695c8edbfae4940aba7aa6d98
future_pipeline	15	ok	1	3346	3db937fdd21b5719ab57c25679a1944e8f30128695c8edbfae4940aba7aa6d98
future_pipeline	16	ok	1	3530	3db937fdd21b5719ab57c25679a1944e8f30128695c8edbfae4940aba7aa6d98
future_pipeline	17	ok	1	3669	3db937fdd21b5719ab57c25679a1944e8f30128695c8edbfae4940aba7aa6d98
future_pipeline	18	ok	1	3668	3db937fdd21b5719ab57c25679a1944e8f30128695c8edbfae4940aba7aa6d98
future_pipeline	19	ok	1	4218	3db937fdd21b5719ab57c25679a1944e8f30128695c8edbfae4940aba7aa6d98
future_pipeline	20	ok	1	3645	3db937fdd21b5719ab57c25679a1944e8f30128695c8edbfae4940aba7aa6d98
