benchmark	pair	position	variant	real_seconds	user_seconds	sys_seconds	stdout_sha256	verified
mandelbrot	1	1	baseline	6.69	6.61	0.05	d1560cadc49ab9dca30a4cfbe4123c1fcc0240ed80de27ad37d7fcc97159173e	1
mandelbrot	1	2	stabilized	6.50	6.43	0.05	d1560cadc49ab9dca30a4cfbe4123c1fcc0240ed80de27ad37d7fcc97159173e	1
mandelbrot	2	1	stabilized	6.72	6.66	0.03	d1560cadc49ab9dca30a4cfbe4123c1fcc0240ed80de27ad37d7fcc97159173e	1
mandelbrot	2	2	baseline	6.59	6.53	0.04	d1560cadc49ab9dca30a4cfbe4123c1fcc0240ed80de27ad37d7fcc97159173e	1
mandelbrot	3	1	baseline	6.75	6.69	0.03	d1560cadc49ab9dca30a4cfbe4123c1fcc0240ed80de27ad37d7fcc97159173e	1
mandelbrot	3	2	stabilized	6.58	6.52	0.03	d1560cadc49ab9dca30a4cfbe4123c1fcc0240ed80de27ad37d7fcc97159173e	1
mandelbrot	4	1	stabilized	7.00	6.94	0.03	d1560cadc49ab9dca30a4cfbe4123c1fcc0240ed80de27ad37d7fcc97159173e	1
mandelbrot	4	2	baseline	7.38	7.31	0.04	d1560cadc49ab9dca30a4cfbe4123c1fcc0240ed80de27ad37d7fcc97159173e	1
mandelbrot	5	1	baseline	6.79	6.73	0.04	d1560cadc49ab9dca30a4cfbe4123c1fcc0240ed80de27ad37d7fcc97159173e	1
mandelbrot	5	2	stabilized	6.55	6.49	0.04	d1560cadc49ab9dca30a4cfbe4123c1fcc0240ed80de27ad37d7fcc97159173e	1
reverse_complement	1	1	baseline	7.00	6.86	0.11	db06a593d68950aa91293fb57ffed87ad57040c4ac7ab81ae9dc43d50b400bb7	1
reverse_complement	1	2	stabilized	7.76	7.60	0.13	db06a593d68950aa91293fb57ffed87ad57040c4ac7ab81ae9dc43d50b400bb7	1
reverse_complement	2	1	stabilized	7.36	7.20	0.13	db06a593d68950aa91293fb57ffed87ad57040c4ac7ab81ae9dc43d50b400bb7	1
reverse_complement	2	2	baseline	7.58	7.43	0.12	db06a593d68950aa91293fb57ffed87ad57040c4ac7ab81ae9dc43d50b400bb7	1
reverse_complement	3	1	baseline	6.79	6.63	0.13	db06a593d68950aa91293fb57ffed87ad57040c4ac7ab81ae9dc43d50b400bb7	1
reverse_complement	3	2	stabilized	7.29	7.14	0.12	db06a593d68950aa91293fb57ffed87ad57040c4ac7ab81ae9dc43d50b400bb7	1
reverse_complement	4	1	stabilized	7.58	7.44	0.10	db06a593d68950aa91293fb57ffed87ad57040c4ac7ab81ae9dc43d50b400bb7	1
reverse_complement	4	2	baseline	6.94	6.80	0.11	db06a593d68950aa91293fb57ffed87ad57040c4ac7ab81ae9dc43d50b400bb7	1
reverse_complement	5	1	baseline	7.35	7.20	0.12	db06a593d68950aa91293fb57ffed87ad57040c4ac7ab81ae9dc43d50b400bb7	1
reverse_complement	5	2	stabilized	7.47	7.32	0.12	db06a593d68950aa91293fb57ffed87ad57040c4ac7ab81ae9dc43d50b400bb7	1
option_result_config	1	1	baseline	0.91	0.87	0.04	28e46b27a6dceeaa15968e9db7a6728f4a2b35f87a89ff7bf561db18cad53112	1
option_result_config	1	2	stabilized	0.94	0.90	0.03	28e46b27a6dceeaa15968e9db7a6728f4a2b35f87a89ff7bf561db18cad53112	1
option_result_config	2	1	stabilized	0.99	0.94	0.04	28e46b27a6dceeaa15968e9db7a6728f4a2b35f87a89ff7bf561db18cad53112	1
option_result_config	2	2	baseline	0.86	0.82	0.03	28e46b27a6dceeaa15968e9db7a6728f4a2b35f87a89ff7bf561db18cad53112	1
option_result_config	3	1	baseline	0.85	0.82	0.02	28e46b27a6dceeaa15968e9db7a6728f4a2b35f87a89ff7bf561db18cad53112	1
option_result_config	3	2	stabilized	0.90	0.85	0.04	28e46b27a6dceeaa15968e9db7a6728f4a2b35f87a89ff7bf561db18cad53112	1
option_result_config	4	1	stabilized	1.11	1.07	0.03	28e46b27a6dceeaa15968e9db7a6728f4a2b35f87a89ff7bf561db18cad53112	1
option_result_config	4	2	baseline	0.95	0.90	0.03	28e46b27a6dceeaa15968e9db7a6728f4a2b35f87a89ff7bf561db18cad53112	1
option_result_config	5	1	baseline	0.89	0.85	0.03	28e46b27a6dceeaa15968e9db7a6728f4a2b35f87a89ff7bf561db18cad53112	1
option_result_config	5	2	stabilized	0.87	0.83	0.03	28e46b27a6dceeaa15968e9db7a6728f4a2b35f87a89ff7bf561db18cad53112	1
word_frequency	1	1	baseline	1.60	1.56	0.03	7dc1dae393e2c070eb0b9c9e611e154b2e6cce1b4a4268aa1bc73f8ff0e2fd07	1
word_frequency	1	2	stabilized	1.53	1.50	0.02	7dc1dae393e2c070eb0b9c9e611e154b2e6cce1b4a4268aa1bc73f8ff0e2fd07	1
word_frequency	2	1	stabilized	1.48	1.44	0.02	7dc1dae393e2c070eb0b9c9e611e154b2e6cce1b4a4268aa1bc73f8ff0e2fd07	1
word_frequency	2	2	baseline	1.44	1.39	0.03	7dc1dae393e2c070eb0b9c9e611e154b2e6cce1b4a4268aa1bc73f8ff0e2fd07	1
word_frequency	3	1	baseline	1.47	1.42	0.05	7dc1dae393e2c070eb0b9c9e611e154b2e6cce1b4a4268aa1bc73f8ff0e2fd07	1
word_frequency	3	2	stabilized	1.58	1.53	0.04	7dc1dae393e2c070eb0b9c9e611e154b2e6cce1b4a4268aa1bc73f8ff0e2fd07	1
word_frequency	4	1	stabilized	1.53	1.48	0.03	7dc1dae393e2c070eb0b9c9e611e154b2e6cce1b4a4268aa1bc73f8ff0e2fd07	1
word_frequency	4	2	baseline	1.44	1.40	0.03	7dc1dae393e2c070eb0b9c9e611e154b2e6cce1b4a4268aa1bc73f8ff0e2fd07	1
word_frequency	5	1	baseline	1.51	1.47	0.03	7dc1dae393e2c070eb0b9c9e611e154b2e6cce1b4a4268aa1bc73f8ff0e2fd07	1
word_frequency	5	2	stabilized	1.51	1.49	0.02	7dc1dae393e2c070eb0b9c9e611e154b2e6cce1b4a4268aa1bc73f8ff0e2fd07	1
distance_field	1	1	baseline	6.06	6.01	0.03	cdaaf4451b236346af59b6a407f3136da96004e0c7c39c165546b7b9b21eda94	1
distance_field	1	2	stabilized	5.55	5.51	0.03	cdaaf4451b236346af59b6a407f3136da96004e0c7c39c165546b7b9b21eda94	1
distance_field	2	1	stabilized	5.49	5.44	0.03	cdaaf4451b236346af59b6a407f3136da96004e0c7c39c165546b7b9b21eda94	1
distance_field	2	2	baseline	5.70	5.66	0.02	cdaaf4451b236346af59b6a407f3136da96004e0c7c39c165546b7b9b21eda94	1
distance_field	3	1	baseline	5.65	5.61	0.03	cdaaf4451b236346af59b6a407f3136da96004e0c7c39c165546b7b9b21eda94	1
distance_field	3	2	stabilized	5.52	5.46	0.04	cdaaf4451b236346af59b6a407f3136da96004e0c7c39c165546b7b9b21eda94	1
distance_field	4	1	stabilized	5.60	5.55	0.03	cdaaf4451b236346af59b6a407f3136da96004e0c7c39c165546b7b9b21eda94	1
distance_field	4	2	baseline	5.89	5.84	0.03	cdaaf4451b236346af59b6a407f3136da96004e0c7c39c165546b7b9b21eda94	1
distance_field	5	1	baseline	5.81	5.76	0.02	cdaaf4451b236346af59b6a407f3136da96004e0c7c39c165546b7b9b21eda94	1
distance_field	5	2	stabilized	5.54	5.49	0.03	cdaaf4451b236346af59b6a407f3136da96004e0c7c39c165546b7b9b21eda94	1
rms_norm	1	1	baseline	4.67	4.62	0.04	255c3e1c7ae7f523918e96244a6ac395b58699c4d2220549b097702faaa1037b	1
rms_norm	1	2	stabilized	4.26	4.21	0.03	255c3e1c7ae7f523918e96244a6ac395b58699c4d2220549b097702faaa1037b	1
rms_norm	2	1	stabilized	4.48	4.42	0.03	255c3e1c7ae7f523918e96244a6ac395b58699c4d2220549b097702faaa1037b	1
rms_norm	2	2	baseline	4.57	4.53	0.02	255c3e1c7ae7f523918e96244a6ac395b58699c4d2220549b097702faaa1037b	1
rms_norm	3	1	baseline	4.48	4.43	0.03	255c3e1c7ae7f523918e96244a6ac395b58699c4d2220549b097702faaa1037b	1
rms_norm	3	2	stabilized	4.68	4.63	0.03	255c3e1c7ae7f523918e96244a6ac395b58699c4d2220549b097702faaa1037b	1
rms_norm	4	1	stabilized	4.64	4.59	0.03	255c3e1c7ae7f523918e96244a6ac395b58699c4d2220549b097702faaa1037b	1
rms_norm	4	2	baseline	4.64	4.59	0.03	255c3e1c7ae7f523918e96244a6ac395b58699c4d2220549b097702faaa1037b	1
rms_norm	5	1	baseline	4.89	4.83	0.04	255c3e1c7ae7f523918e96244a6ac395b58699c4d2220549b097702faaa1037b	1
rms_norm	5	2	stabilized	4.86	4.80	0.03	255c3e1c7ae7f523918e96244a6ac395b58699c4d2220549b097702faaa1037b	1
reverse_complement	6	1	stabilized	6.80	6.67	0.11	db06a593d68950aa91293fb57ffed87ad57040c4ac7ab81ae9dc43d50b400bb7	1
reverse_complement	6	2	baseline	6.87	6.73	0.11	db06a593d68950aa91293fb57ffed87ad57040c4ac7ab81ae9dc43d50b400bb7	1
reverse_complement	7	1	baseline	6.83	6.71	0.10	db06a593d68950aa91293fb57ffed87ad57040c4ac7ab81ae9dc43d50b400bb7	1
reverse_complement	7	2	stabilized	7.62	7.47	0.13	db06a593d68950aa91293fb57ffed87ad57040c4ac7ab81ae9dc43d50b400bb7	1
reverse_complement	8	1	stabilized	7.11	6.97	0.11	db06a593d68950aa91293fb57ffed87ad57040c4ac7ab81ae9dc43d50b400bb7	1
reverse_complement	8	2	baseline	7.46	7.32	0.11	db06a593d68950aa91293fb57ffed87ad57040c4ac7ab81ae9dc43d50b400bb7	1
reverse_complement	9	1	baseline	7.00	6.85	0.12	db06a593d68950aa91293fb57ffed87ad57040c4ac7ab81ae9dc43d50b400bb7	1
reverse_complement	9	2	stabilized	7.33	7.20	0.10	db06a593d68950aa91293fb57ffed87ad57040c4ac7ab81ae9dc43d50b400bb7	1
reverse_complement	10	1	stabilized	7.13	6.99	0.11	db06a593d68950aa91293fb57ffed87ad57040c4ac7ab81ae9dc43d50b400bb7	1
reverse_complement	10	2	baseline	6.95	6.83	0.09	db06a593d68950aa91293fb57ffed87ad57040c4ac7ab81ae9dc43d50b400bb7	1
option_result_config	6	1	stabilized	0.80	0.77	0.02	28e46b27a6dceeaa15968e9db7a6728f4a2b35f87a89ff7bf561db18cad53112	1
option_result_config	6	2	baseline	0.87	0.84	0.03	28e46b27a6dceeaa15968e9db7a6728f4a2b35f87a89ff7bf561db18cad53112	1
option_result_config	7	1	baseline	0.84	0.80	0.03	28e46b27a6dceeaa15968e9db7a6728f4a2b35f87a89ff7bf561db18cad53112	1
option_result_config	7	2	stabilized	0.84	0.80	0.03	28e46b27a6dceeaa15968e9db7a6728f4a2b35f87a89ff7bf561db18cad53112	1
option_result_config	8	1	stabilized	0.83	0.78	0.03	28e46b27a6dceeaa15968e9db7a6728f4a2b35f87a89ff7bf561db18cad53112	1
option_result_config	8	2	baseline	0.86	0.83	0.02	28e46b27a6dceeaa15968e9db7a6728f4a2b35f87a89ff7bf561db18cad53112	1
option_result_config	9	1	baseline	0.86	0.82	0.03	28e46b27a6dceeaa15968e9db7a6728f4a2b35f87a89ff7bf561db18cad53112	1
option_result_config	9	2	stabilized	0.90	0.86	0.03	28e46b27a6dceeaa15968e9db7a6728f4a2b35f87a89ff7bf561db18cad53112	1
option_result_config	10	1	stabilized	0.94	0.91	0.03	28e46b27a6dceeaa15968e9db7a6728f4a2b35f87a89ff7bf561db18cad53112	1
option_result_config	10	2	baseline	0.88	0.83	0.03	28e46b27a6dceeaa15968e9db7a6728f4a2b35f87a89ff7bf561db18cad53112	1
word_frequency	6	1	stabilized	1.61	1.56	0.04	7dc1dae393e2c070eb0b9c9e611e154b2e6cce1b4a4268aa1bc73f8ff0e2fd07	1
word_frequency	6	2	baseline	1.55	1.50	0.04	7dc1dae393e2c070eb0b9c9e611e154b2e6cce1b4a4268aa1bc73f8ff0e2fd07	1
word_frequency	7	1	baseline	1.59	1.54	0.04	7dc1dae393e2c070eb0b9c9e611e154b2e6cce1b4a4268aa1bc73f8ff0e2fd07	1
word_frequency	7	2	stabilized	1.65	1.59	0.05	7dc1dae393e2c070eb0b9c9e611e154b2e6cce1b4a4268aa1bc73f8ff0e2fd07	1
word_frequency	8	1	stabilized	1.76	1.71	0.04	7dc1dae393e2c070eb0b9c9e611e154b2e6cce1b4a4268aa1bc73f8ff0e2fd07	1
word_frequency	8	2	baseline	1.83	1.78	0.04	7dc1dae393e2c070eb0b9c9e611e154b2e6cce1b4a4268aa1bc73f8ff0e2fd07	1
word_frequency	9	1	baseline	1.60	1.55	0.04	7dc1dae393e2c070eb0b9c9e611e154b2e6cce1b4a4268aa1bc73f8ff0e2fd07	1
word_frequency	9	2	stabilized	1.84	1.79	0.04	7dc1dae393e2c070eb0b9c9e611e154b2e6cce1b4a4268aa1bc73f8ff0e2fd07	1
word_frequency	10	1	stabilized	1.57	1.52	0.04	7dc1dae393e2c070eb0b9c9e611e154b2e6cce1b4a4268aa1bc73f8ff0e2fd07	1
word_frequency	10	2	baseline	1.56	1.51	0.03	7dc1dae393e2c070eb0b9c9e611e154b2e6cce1b4a4268aa1bc73f8ff0e2fd07	1
