benchmark	pair	position	variant	real_seconds	user_seconds	sys_seconds	stdout_sha256	verification
option_result_config	1	1	baseline	0.91	0.87	0.03	28e46b27a6dceeaa15968e9db7a6728f4a2b35f87a89ff7bf561db18cad53112	verified
option_result_config	1	2	candidate	0.72	0.67	0.04	28e46b27a6dceeaa15968e9db7a6728f4a2b35f87a89ff7bf561db18cad53112	verified
option_result_config	2	1	candidate	0.74	0.69	0.04	28e46b27a6dceeaa15968e9db7a6728f4a2b35f87a89ff7bf561db18cad53112	verified
option_result_config	2	2	baseline	0.72	0.70	0.02	28e46b27a6dceeaa15968e9db7a6728f4a2b35f87a89ff7bf561db18cad53112	verified
option_result_config	3	1	baseline	0.78	0.72	0.04	28e46b27a6dceeaa15968e9db7a6728f4a2b35f87a89ff7bf561db18cad53112	verified
option_result_config	3	2	candidate	0.78	0.75	0.02	28e46b27a6dceeaa15968e9db7a6728f4a2b35f87a89ff7bf561db18cad53112	verified
option_result_config	4	1	candidate	0.77	0.72	0.04	28e46b27a6dceeaa15968e9db7a6728f4a2b35f87a89ff7bf561db18cad53112	verified
option_result_config	4	2	baseline	0.74	0.71	0.02	28e46b27a6dceeaa15968e9db7a6728f4a2b35f87a89ff7bf561db18cad53112	verified
option_result_config	5	1	baseline	0.73	0.69	0.03	28e46b27a6dceeaa15968e9db7a6728f4a2b35f87a89ff7bf561db18cad53112	verified
option_result_config	5	2	candidate	0.71	0.67	0.03	28e46b27a6dceeaa15968e9db7a6728f4a2b35f87a89ff7bf561db18cad53112	verified
option_result_config	6	1	candidate	0.73	0.69	0.03	28e46b27a6dceeaa15968e9db7a6728f4a2b35f87a89ff7bf561db18cad53112	verified
option_result_config	6	2	baseline	0.74	0.71	0.02	28e46b27a6dceeaa15968e9db7a6728f4a2b35f87a89ff7bf561db18cad53112	verified
option_result_config	7	1	baseline	0.75	0.71	0.03	28e46b27a6dceeaa15968e9db7a6728f4a2b35f87a89ff7bf561db18cad53112	verified
option_result_config	7	2	candidate	0.73	0.69	0.04	28e46b27a6dceeaa15968e9db7a6728f4a2b35f87a89ff7bf561db18cad53112	verified
option_result_config	8	1	candidate	0.71	0.68	0.03	28e46b27a6dceeaa15968e9db7a6728f4a2b35f87a89ff7bf561db18cad53112	verified
option_result_config	8	2	baseline	0.72	0.67	0.04	28e46b27a6dceeaa15968e9db7a6728f4a2b35f87a89ff7bf561db18cad53112	verified
option_result_config	9	1	baseline	0.73	0.69	0.04	28e46b27a6dceeaa15968e9db7a6728f4a2b35f87a89ff7bf561db18cad53112	verified
option_result_config	9	2	candidate	0.72	0.68	0.03	28e46b27a6dceeaa15968e9db7a6728f4a2b35f87a89ff7bf561db18cad53112	verified
option_result_config	10	1	candidate	0.71	0.68	0.03	28e46b27a6dceeaa15968e9db7a6728f4a2b35f87a89ff7bf561db18cad53112	verified
option_result_config	10	2	baseline	0.73	0.69	0.03	28e46b27a6dceeaa15968e9db7a6728f4a2b35f87a89ff7bf561db18cad53112	verified
word_frequency	1	1	baseline	1.26	1.21	0.04	7dc1dae393e2c070eb0b9c9e611e154b2e6cce1b4a4268aa1bc73f8ff0e2fd07	verified
word_frequency	1	2	candidate	1.27	1.22	0.04	7dc1dae393e2c070eb0b9c9e611e154b2e6cce1b4a4268aa1bc73f8ff0e2fd07	verified
word_frequency	2	1	candidate	1.32	1.28	0.03	7dc1dae393e2c070eb0b9c9e611e154b2e6cce1b4a4268aa1bc73f8ff0e2fd07	verified
word_frequency	2	2	baseline	1.25	1.21	0.04	7dc1dae393e2c070eb0b9c9e611e154b2e6cce1b4a4268aa1bc73f8ff0e2fd07	verified
word_frequency	3	1	baseline	1.28	1.22	0.05	7dc1dae393e2c070eb0b9c9e611e154b2e6cce1b4a4268aa1bc73f8ff0e2fd07	verified
word_frequency	3	2	candidate	1.28	1.24	0.03	7dc1dae393e2c070eb0b9c9e611e154b2e6cce1b4a4268aa1bc73f8ff0e2fd07	verified
word_frequency	4	1	candidate	1.34	1.29	0.03	7dc1dae393e2c070eb0b9c9e611e154b2e6cce1b4a4268aa1bc73f8ff0e2fd07	verified
word_frequency	4	2	baseline	1.44	1.39	0.04	7dc1dae393e2c070eb0b9c9e611e154b2e6cce1b4a4268aa1bc73f8ff0e2fd07	verified
word_frequency	5	1	baseline	1.35	1.29	0.05	7dc1dae393e2c070eb0b9c9e611e154b2e6cce1b4a4268aa1bc73f8ff0e2fd07	verified
word_frequency	5	2	candidate	1.29	1.24	0.03	7dc1dae393e2c070eb0b9c9e611e154b2e6cce1b4a4268aa1bc73f8ff0e2fd07	verified
word_frequency	6	1	candidate	1.38	1.34	0.03	7dc1dae393e2c070eb0b9c9e611e154b2e6cce1b4a4268aa1bc73f8ff0e2fd07	verified
word_frequency	6	2	baseline	1.28	1.24	0.03	7dc1dae393e2c070eb0b9c9e611e154b2e6cce1b4a4268aa1bc73f8ff0e2fd07	verified
word_frequency	7	1	baseline	1.34	1.29	0.04	7dc1dae393e2c070eb0b9c9e611e154b2e6cce1b4a4268aa1bc73f8ff0e2fd07	verified
word_frequency	7	2	candidate	1.35	1.31	0.03	7dc1dae393e2c070eb0b9c9e611e154b2e6cce1b4a4268aa1bc73f8ff0e2fd07	verified
word_frequency	8	1	candidate	1.45	1.41	0.03	7dc1dae393e2c070eb0b9c9e611e154b2e6cce1b4a4268aa1bc73f8ff0e2fd07	verified
word_frequency	8	2	baseline	1.38	1.32	0.04	7dc1dae393e2c070eb0b9c9e611e154b2e6cce1b4a4268aa1bc73f8ff0e2fd07	verified
word_frequency	9	1	baseline	1.29	1.26	0.02	7dc1dae393e2c070eb0b9c9e611e154b2e6cce1b4a4268aa1bc73f8ff0e2fd07	verified
word_frequency	9	2	candidate	1.31	1.27	0.03	7dc1dae393e2c070eb0b9c9e611e154b2e6cce1b4a4268aa1bc73f8ff0e2fd07	verified
word_frequency	10	1	candidate	1.28	1.24	0.03	7dc1dae393e2c070eb0b9c9e611e154b2e6cce1b4a4268aa1bc73f8ff0e2fd07	verified
word_frequency	10	2	baseline	1.32	1.28	0.03	7dc1dae393e2c070eb0b9c9e611e154b2e6cce1b4a4268aa1bc73f8ff0e2fd07	verified
reverse_complement	1	1	baseline	6.70	6.54	0.13	db06a593d68950aa91293fb57ffed87ad57040c4ac7ab81ae9dc43d50b400bb7	verified
reverse_complement	1	2	candidate	6.21	6.08	0.11	db06a593d68950aa91293fb57ffed87ad57040c4ac7ab81ae9dc43d50b400bb7	verified
reverse_complement	2	1	candidate	6.08	5.94	0.11	db06a593d68950aa91293fb57ffed87ad57040c4ac7ab81ae9dc43d50b400bb7	verified
reverse_complement	2	2	baseline	6.08	5.93	0.12	db06a593d68950aa91293fb57ffed87ad57040c4ac7ab81ae9dc43d50b400bb7	verified
reverse_complement	3	1	baseline	6.24	6.11	0.11	db06a593d68950aa91293fb57ffed87ad57040c4ac7ab81ae9dc43d50b400bb7	verified
reverse_complement	3	2	candidate	5.99	5.86	0.11	db06a593d68950aa91293fb57ffed87ad57040c4ac7ab81ae9dc43d50b400bb7	verified
reverse_complement	4	1	candidate	6.00	5.85	0.13	db06a593d68950aa91293fb57ffed87ad57040c4ac7ab81ae9dc43d50b400bb7	verified
reverse_complement	4	2	baseline	6.20	6.05	0.13	db06a593d68950aa91293fb57ffed87ad57040c4ac7ab81ae9dc43d50b400bb7	verified
reverse_complement	5	1	baseline	6.22	6.08	0.12	db06a593d68950aa91293fb57ffed87ad57040c4ac7ab81ae9dc43d50b400bb7	verified
reverse_complement	5	2	candidate	6.09	5.94	0.13	db06a593d68950aa91293fb57ffed87ad57040c4ac7ab81ae9dc43d50b400bb7	verified
array_slice_window	1	1	baseline	0.84	0.81	0.02	155f89122475c7b282637dbf2ecba6d19771d396e801b581cb1d1b0cef64103e	verified
array_slice_window	1	2	candidate	0.57	0.54	0.02	155f89122475c7b282637dbf2ecba6d19771d396e801b581cb1d1b0cef64103e	verified
array_slice_window	2	1	candidate	0.58	0.55	0.02	155f89122475c7b282637dbf2ecba6d19771d396e801b581cb1d1b0cef64103e	verified
array_slice_window	2	2	baseline	0.58	0.55	0.02	155f89122475c7b282637dbf2ecba6d19771d396e801b581cb1d1b0cef64103e	verified
array_slice_window	3	1	baseline	0.60	0.57	0.02	155f89122475c7b282637dbf2ecba6d19771d396e801b581cb1d1b0cef64103e	verified
array_slice_window	3	2	candidate	0.64	0.62	0.02	155f89122475c7b282637dbf2ecba6d19771d396e801b581cb1d1b0cef64103e	verified
array_slice_window	4	1	candidate	0.60	0.57	0.02	155f89122475c7b282637dbf2ecba6d19771d396e801b581cb1d1b0cef64103e	verified
array_slice_window	4	2	baseline	0.65	0.62	0.03	155f89122475c7b282637dbf2ecba6d19771d396e801b581cb1d1b0cef64103e	verified
array_slice_window	5	1	baseline	0.62	0.58	0.03	155f89122475c7b282637dbf2ecba6d19771d396e801b581cb1d1b0cef64103e	verified
array_slice_window	5	2	candidate	0.66	0.63	0.02	155f89122475c7b282637dbf2ecba6d19771d396e801b581cb1d1b0cef64103e	verified
array_slice_window	6	1	candidate	0.61	0.59	0.02	155f89122475c7b282637dbf2ecba6d19771d396e801b581cb1d1b0cef64103e	verified
array_slice_window	6	2	baseline	0.61	0.58	0.02	155f89122475c7b282637dbf2ecba6d19771d396e801b581cb1d1b0cef64103e	verified
array_slice_window	7	1	baseline	0.61	0.59	0.02	155f89122475c7b282637dbf2ecba6d19771d396e801b581cb1d1b0cef64103e	verified
array_slice_window	7	2	candidate	0.61	0.58	0.02	155f89122475c7b282637dbf2ecba6d19771d396e801b581cb1d1b0cef64103e	verified
array_slice_window	8	1	candidate	0.60	0.57	0.02	155f89122475c7b282637dbf2ecba6d19771d396e801b581cb1d1b0cef64103e	verified
array_slice_window	8	2	baseline	0.59	0.55	0.03	155f89122475c7b282637dbf2ecba6d19771d396e801b581cb1d1b0cef64103e	verified
array_slice_window	9	1	baseline	0.63	0.60	0.02	155f89122475c7b282637dbf2ecba6d19771d396e801b581cb1d1b0cef64103e	verified
array_slice_window	9	2	candidate	0.62	0.58	0.03	155f89122475c7b282637dbf2ecba6d19771d396e801b581cb1d1b0cef64103e	verified
array_slice_window	10	1	candidate	0.67	0.64	0.02	155f89122475c7b282637dbf2ecba6d19771d396e801b581cb1d1b0cef64103e	verified
array_slice_window	10	2	baseline	0.58	0.56	0.01	155f89122475c7b282637dbf2ecba6d19771d396e801b581cb1d1b0cef64103e	verified
lexical_rollup	1	1	baseline	0.43	0.39	0.03	a6a1f91069e8c95a38fba1a3cb7fb3f582434245605091f200ee90cdb190e604	verified
lexical_rollup	1	2	candidate	0.41	0.37	0.03	a6a1f91069e8c95a38fba1a3cb7fb3f582434245605091f200ee90cdb190e604	verified
lexical_rollup	2	1	candidate	0.48	0.44	0.03	a6a1f91069e8c95a38fba1a3cb7fb3f582434245605091f200ee90cdb190e604	verified
lexical_rollup	2	2	baseline	0.49	0.45	0.04	a6a1f91069e8c95a38fba1a3cb7fb3f582434245605091f200ee90cdb190e604	verified
lexical_rollup	3	1	baseline	0.50	0.46	0.04	a6a1f91069e8c95a38fba1a3cb7fb3f582434245605091f200ee90cdb190e604	verified
lexical_rollup	3	2	candidate	0.51	0.46	0.05	a6a1f91069e8c95a38fba1a3cb7fb3f582434245605091f200ee90cdb190e604	verified
lexical_rollup	4	1	candidate	0.57	0.51	0.05	a6a1f91069e8c95a38fba1a3cb7fb3f582434245605091f200ee90cdb190e604	verified
lexical_rollup	4	2	baseline	0.40	0.36	0.03	a6a1f91069e8c95a38fba1a3cb7fb3f582434245605091f200ee90cdb190e604	verified
lexical_rollup	5	1	baseline	0.39	0.35	0.03	a6a1f91069e8c95a38fba1a3cb7fb3f582434245605091f200ee90cdb190e604	verified
lexical_rollup	5	2	candidate	0.40	0.36	0.03	a6a1f91069e8c95a38fba1a3cb7fb3f582434245605091f200ee90cdb190e604	verified
lexical_rollup	6	1	candidate	0.41	0.37	0.03	a6a1f91069e8c95a38fba1a3cb7fb3f582434245605091f200ee90cdb190e604	verified
lexical_rollup	6	2	baseline	0.40	0.37	0.03	a6a1f91069e8c95a38fba1a3cb7fb3f582434245605091f200ee90cdb190e604	verified
lexical_rollup	7	1	baseline	0.40	0.36	0.03	a6a1f91069e8c95a38fba1a3cb7fb3f582434245605091f200ee90cdb190e604	verified
lexical_rollup	7	2	candidate	0.39	0.35	0.03	a6a1f91069e8c95a38fba1a3cb7fb3f582434245605091f200ee90cdb190e604	verified
lexical_rollup	8	1	candidate	0.39	0.36	0.02	a6a1f91069e8c95a38fba1a3cb7fb3f582434245605091f200ee90cdb190e604	verified
lexical_rollup	8	2	baseline	0.38	0.35	0.03	a6a1f91069e8c95a38fba1a3cb7fb3f582434245605091f200ee90cdb190e604	verified
lexical_rollup	9	1	baseline	0.39	0.35	0.03	a6a1f91069e8c95a38fba1a3cb7fb3f582434245605091f200ee90cdb190e604	verified
lexical_rollup	9	2	candidate	0.43	0.39	0.03	a6a1f91069e8c95a38fba1a3cb7fb3f582434245605091f200ee90cdb190e604	verified
lexical_rollup	10	1	candidate	0.39	0.36	0.03	a6a1f91069e8c95a38fba1a3cb7fb3f582434245605091f200ee90cdb190e604	verified
lexical_rollup	10	2	baseline	0.39	0.36	0.03	a6a1f91069e8c95a38fba1a3cb7fb3f582434245605091f200ee90cdb190e604	verified
distance_field	1	1	baseline	5.47	5.41	0.03	cdaaf4451b236346af59b6a407f3136da96004e0c7c39c165546b7b9b21eda94	verified
distance_field	1	2	candidate	5.64	5.58	0.04	cdaaf4451b236346af59b6a407f3136da96004e0c7c39c165546b7b9b21eda94	verified
distance_field	2	1	candidate	5.76	5.69	0.04	cdaaf4451b236346af59b6a407f3136da96004e0c7c39c165546b7b9b21eda94	verified
distance_field	2	2	baseline	5.54	5.46	0.05	cdaaf4451b236346af59b6a407f3136da96004e0c7c39c165546b7b9b21eda94	verified
distance_field	3	1	baseline	5.43	5.36	0.04	cdaaf4451b236346af59b6a407f3136da96004e0c7c39c165546b7b9b21eda94	verified
distance_field	3	2	candidate	5.96	5.90	0.04	cdaaf4451b236346af59b6a407f3136da96004e0c7c39c165546b7b9b21eda94	verified
distance_field	4	1	candidate	5.32	5.26	0.04	cdaaf4451b236346af59b6a407f3136da96004e0c7c39c165546b7b9b21eda94	verified
distance_field	4	2	baseline	5.35	5.28	0.04	cdaaf4451b236346af59b6a407f3136da96004e0c7c39c165546b7b9b21eda94	verified
distance_field	5	1	baseline	5.55	5.50	0.04	cdaaf4451b236346af59b6a407f3136da96004e0c7c39c165546b7b9b21eda94	verified
distance_field	5	2	candidate	5.42	5.36	0.04	cdaaf4451b236346af59b6a407f3136da96004e0c7c39c165546b7b9b21eda94	verified
fixed_width_128	1	1	baseline	7.98	7.85	0.10	eceabf5869b1abca8d6dd228b64a09f89e4e98ba8cabc4833ffee1218dafa56a	verified
fixed_width_128	1	2	candidate	7.06	6.95	0.08	eceabf5869b1abca8d6dd228b64a09f89e4e98ba8cabc4833ffee1218dafa56a	verified
fixed_width_128	2	1	candidate	6.93	6.82	0.08	eceabf5869b1abca8d6dd228b64a09f89e4e98ba8cabc4833ffee1218dafa56a	verified
fixed_width_128	2	2	baseline	7.02	6.90	0.09	eceabf5869b1abca8d6dd228b64a09f89e4e98ba8cabc4833ffee1218dafa56a	verified
fixed_width_128	3	1	baseline	7.09	6.96	0.09	eceabf5869b1abca8d6dd228b64a09f89e4e98ba8cabc4833ffee1218dafa56a	verified
fixed_width_128	3	2	candidate	6.99	6.88	0.09	eceabf5869b1abca8d6dd228b64a09f89e4e98ba8cabc4833ffee1218dafa56a	verified
fixed_width_128	4	1	candidate	6.66	6.53	0.11	eceabf5869b1abca8d6dd228b64a09f89e4e98ba8cabc4833ffee1218dafa56a	verified
fixed_width_128	4	2	baseline	6.89	6.78	0.08	eceabf5869b1abca8d6dd228b64a09f89e4e98ba8cabc4833ffee1218dafa56a	verified
fixed_width_128	5	1	baseline	7.15	7.03	0.09	eceabf5869b1abca8d6dd228b64a09f89e4e98ba8cabc4833ffee1218dafa56a	verified
fixed_width_128	5	2	candidate	7.33	7.20	0.10	eceabf5869b1abca8d6dd228b64a09f89e4e98ba8cabc4833ffee1218dafa56a	verified
lexical_rollup	1	1	baseline	0.38	0.34	0.03	a6a1f91069e8c95a38fba1a3cb7fb3f582434245605091f200ee90cdb190e604	verified
lexical_rollup	1	2	candidate	0.38	0.34	0.03	a6a1f91069e8c95a38fba1a3cb7fb3f582434245605091f200ee90cdb190e604	verified
lexical_rollup	2	1	candidate	0.40	0.36	0.03	a6a1f91069e8c95a38fba1a3cb7fb3f582434245605091f200ee90cdb190e604	verified
lexical_rollup	2	2	baseline	0.39	0.36	0.03	a6a1f91069e8c95a38fba1a3cb7fb3f582434245605091f200ee90cdb190e604	verified
lexical_rollup	3	1	baseline	0.40	0.37	0.03	a6a1f91069e8c95a38fba1a3cb7fb3f582434245605091f200ee90cdb190e604	verified
lexical_rollup	3	2	candidate	0.44	0.39	0.04	a6a1f91069e8c95a38fba1a3cb7fb3f582434245605091f200ee90cdb190e604	verified
lexical_rollup	4	1	candidate	0.50	0.46	0.03	a6a1f91069e8c95a38fba1a3cb7fb3f582434245605091f200ee90cdb190e604	verified
lexical_rollup	4	2	baseline	0.43	0.39	0.03	a6a1f91069e8c95a38fba1a3cb7fb3f582434245605091f200ee90cdb190e604	verified
lexical_rollup	5	1	baseline	0.44	0.39	0.04	a6a1f91069e8c95a38fba1a3cb7fb3f582434245605091f200ee90cdb190e604	verified
lexical_rollup	5	2	candidate	0.49	0.44	0.05	a6a1f91069e8c95a38fba1a3cb7fb3f582434245605091f200ee90cdb190e604	verified
lexical_rollup	6	1	candidate	0.44	0.40	0.03	a6a1f91069e8c95a38fba1a3cb7fb3f582434245605091f200ee90cdb190e604	verified
lexical_rollup	6	2	baseline	0.42	0.37	0.03	a6a1f91069e8c95a38fba1a3cb7fb3f582434245605091f200ee90cdb190e604	verified
lexical_rollup	7	1	baseline	0.41	0.37	0.03	a6a1f91069e8c95a38fba1a3cb7fb3f582434245605091f200ee90cdb190e604	verified
lexical_rollup	7	2	candidate	0.40	0.36	0.03	a6a1f91069e8c95a38fba1a3cb7fb3f582434245605091f200ee90cdb190e604	verified
lexical_rollup	8	1	candidate	0.39	0.35	0.03	a6a1f91069e8c95a38fba1a3cb7fb3f582434245605091f200ee90cdb190e604	verified
lexical_rollup	8	2	baseline	0.41	0.37	0.03	a6a1f91069e8c95a38fba1a3cb7fb3f582434245605091f200ee90cdb190e604	verified
lexical_rollup	9	1	baseline	0.41	0.37	0.04	a6a1f91069e8c95a38fba1a3cb7fb3f582434245605091f200ee90cdb190e604	verified
lexical_rollup	9	2	candidate	0.39	0.35	0.03	a6a1f91069e8c95a38fba1a3cb7fb3f582434245605091f200ee90cdb190e604	verified
lexical_rollup	10	1	candidate	0.41	0.37	0.03	a6a1f91069e8c95a38fba1a3cb7fb3f582434245605091f200ee90cdb190e604	verified
lexical_rollup	10	2	baseline	0.40	0.36	0.04	a6a1f91069e8c95a38fba1a3cb7fb3f582434245605091f200ee90cdb190e604	verified
word_frequency	1	1	baseline	1.71	1.65	0.05	7dc1dae393e2c070eb0b9c9e611e154b2e6cce1b4a4268aa1bc73f8ff0e2fd07	verified
word_frequency	1	2	candidate	1.50	1.44	0.05	7dc1dae393e2c070eb0b9c9e611e154b2e6cce1b4a4268aa1bc73f8ff0e2fd07	verified
word_frequency	2	1	candidate	1.45	1.40	0.04	7dc1dae393e2c070eb0b9c9e611e154b2e6cce1b4a4268aa1bc73f8ff0e2fd07	verified
word_frequency	2	2	baseline	1.45	1.40	0.04	7dc1dae393e2c070eb0b9c9e611e154b2e6cce1b4a4268aa1bc73f8ff0e2fd07	verified
word_frequency	3	1	baseline	1.51	1.46	0.04	7dc1dae393e2c070eb0b9c9e611e154b2e6cce1b4a4268aa1bc73f8ff0e2fd07	verified
word_frequency	3	2	candidate	1.48	1.42	0.04	7dc1dae393e2c070eb0b9c9e611e154b2e6cce1b4a4268aa1bc73f8ff0e2fd07	verified
word_frequency	4	1	candidate	1.49	1.44	0.04	7dc1dae393e2c070eb0b9c9e611e154b2e6cce1b4a4268aa1bc73f8ff0e2fd07	verified
word_frequency	4	2	baseline	1.39	1.35	0.03	7dc1dae393e2c070eb0b9c9e611e154b2e6cce1b4a4268aa1bc73f8ff0e2fd07	verified
word_frequency	5	1	baseline	1.43	1.39	0.04	7dc1dae393e2c070eb0b9c9e611e154b2e6cce1b4a4268aa1bc73f8ff0e2fd07	verified
word_frequency	5	2	candidate	1.33	1.28	0.04	7dc1dae393e2c070eb0b9c9e611e154b2e6cce1b4a4268aa1bc73f8ff0e2fd07	verified
word_frequency	6	1	candidate	1.45	1.39	0.04	7dc1dae393e2c070eb0b9c9e611e154b2e6cce1b4a4268aa1bc73f8ff0e2fd07	verified
word_frequency	6	2	baseline	1.38	1.33	0.04	7dc1dae393e2c070eb0b9c9e611e154b2e6cce1b4a4268aa1bc73f8ff0e2fd07	verified
word_frequency	7	1	baseline	1.43	1.37	0.05	7dc1dae393e2c070eb0b9c9e611e154b2e6cce1b4a4268aa1bc73f8ff0e2fd07	verified
word_frequency	7	2	candidate	1.48	1.43	0.04	7dc1dae393e2c070eb0b9c9e611e154b2e6cce1b4a4268aa1bc73f8ff0e2fd07	verified
word_frequency	8	1	candidate	1.45	1.40	0.04	7dc1dae393e2c070eb0b9c9e611e154b2e6cce1b4a4268aa1bc73f8ff0e2fd07	verified
word_frequency	8	2	baseline	1.52	1.47	0.04	7dc1dae393e2c070eb0b9c9e611e154b2e6cce1b4a4268aa1bc73f8ff0e2fd07	verified
word_frequency	9	1	baseline	1.44	1.39	0.04	7dc1dae393e2c070eb0b9c9e611e154b2e6cce1b4a4268aa1bc73f8ff0e2fd07	verified
word_frequency	9	2	candidate	1.45	1.41	0.03	7dc1dae393e2c070eb0b9c9e611e154b2e6cce1b4a4268aa1bc73f8ff0e2fd07	verified
word_frequency	10	1	candidate	1.35	1.31	0.04	7dc1dae393e2c070eb0b9c9e611e154b2e6cce1b4a4268aa1bc73f8ff0e2fd07	verified
word_frequency	10	2	baseline	1.39	1.34	0.04	7dc1dae393e2c070eb0b9c9e611e154b2e6cce1b4a4268aa1bc73f8ff0e2fd07	verified
distance_field	1	1	baseline	5.17	5.12	0.04	cdaaf4451b236346af59b6a407f3136da96004e0c7c39c165546b7b9b21eda94	verified
distance_field	1	2	candidate	5.22	5.17	0.03	cdaaf4451b236346af59b6a407f3136da96004e0c7c39c165546b7b9b21eda94	verified
distance_field	2	1	candidate	5.32	5.26	0.03	cdaaf4451b236346af59b6a407f3136da96004e0c7c39c165546b7b9b21eda94	verified
distance_field	2	2	baseline	5.24	5.19	0.03	cdaaf4451b236346af59b6a407f3136da96004e0c7c39c165546b7b9b21eda94	verified
distance_field	3	1	baseline	5.22	5.17	0.03	cdaaf4451b236346af59b6a407f3136da96004e0c7c39c165546b7b9b21eda94	verified
distance_field	3	2	candidate	5.15	5.09	0.04	cdaaf4451b236346af59b6a407f3136da96004e0c7c39c165546b7b9b21eda94	verified
distance_field	4	1	candidate	5.39	5.33	0.04	cdaaf4451b236346af59b6a407f3136da96004e0c7c39c165546b7b9b21eda94	verified
distance_field	4	2	baseline	5.36	5.30	0.03	cdaaf4451b236346af59b6a407f3136da96004e0c7c39c165546b7b9b21eda94	verified
distance_field	5	1	baseline	5.50	5.44	0.04	cdaaf4451b236346af59b6a407f3136da96004e0c7c39c165546b7b9b21eda94	verified
distance_field	5	2	candidate	5.55	5.48	0.05	cdaaf4451b236346af59b6a407f3136da96004e0c7c39c165546b7b9b21eda94	verified
