benchmark	able_real_samples_seconds	able_mean_seconds	go_real_samples_seconds	go_mean_seconds	able_go_ratio	target_excess_seconds	target	able_source_sha256	go_source_sha256	verifier_sha256	stdout_sha256	logical_cpu_budget	cpu_affinity	executor_policy
array_slice_window	0.11,0.04,0.04,0.04,0.04	0.054	0.004515054,0.004531924,0.004163599,0.004257612,0.004051458	0.0043	12.55813953488372	0.049473684210526316	miss	64c65a525023e5fc7000f13b9d36875716b7d8b936060fede904381b58156b4e	b05ef51494077012bf4dd3822d8b36edaf10331d7de66ea6532a02f86e5d0402	3bd0cb89082e7eb924bb18eb1194378d42cdcc920366fbe26138a63e88f059e0	155f89122475c7b282637dbf2ecba6d19771d396e801b581cb1d1b0cef64103e	1	4	serial
await_channel_mux	0.1,0.14,0.13,0.14,0.13	0.128	0.005383243,0.004247935,0.005071107,0.004720035,0.004671403	0.0048	26.666666666666668	0.12294736842105264	miss	31bd5d760fff06cdd813c5520f961fbaadb5222908608f2630c183c8598f5b0c	cbbe5f94b6c169e778c687ac010d9683ec1d49d17597a4a876b9d5ec4ab59745	e8f3665223aaab95c5680522d2198aafada1a53c327515a1ab7424921ad7c945	0a32fa2e9481ecb635562079d993288d911326d9f36aeea0d9d3058d1a494693	4	4,6,5,11	goroutine
backup_dedup	0.06,0.05,0.05,0.05,0.05	0.052	0.00927048,0.00908898,0.009441055,0.009098484,0.0090358	0.0092	5.6521739130434785	0.04231578947368421	miss	e29c9ccd3c94346397695303b1fb83d4e705aa9ce2d5b7194b8964268822f944	6df8f4b980b668c9e5a01926ff3ce1b50eaad803296f55728328a5e69a803c5e	7f2a9e3cf21d98c42dd322b90ac06e8a5a5cb409039b2cd615ff5596443ece56	bf4d5c89239bd78c6dcb9d755b8df4e90bc092c2a64bf15e45786e815918504e	1	4	serial
base64	2.39,2.88,2.57,2.34,2.34	2.504	2.455881589,2.49951295,2.518293473,2.514505369,2.595307412	2.5167	0.9949537092223943	0	pass	b4676ab1b4392ed4433d7a2ce57c7388907e4719494e6edce32728b071750108	61a41a0ec45d3b3a8c890853d0a7839ce371b758ded8d8b8d0129a5b28390af6	9733a844e0ff888b9abd2fd5eddbd6f5b32cf6b5920ba631c12c4c61301e66ef	5f4c00cd811078942fc98cd5dbca3b47fac2f8d8210f07ea116c1a7c0d6ac316	1	4	serial
binary_event_log	0.24,0.15,0.15,0.14,0.13	0.162	0.007682146,0.00754079,0.008753259,0.007572892,0.007871074	0.0079	20.50632911392405	0.15368421052631578	miss	658bf062ac063af7302544b1e9d2bc30d21c5c3b535e48634f40c20ba2c8d2ea	f9d5afe5d21a6bd2f73cb9c8ca9dd003fcd0b1993f695846ea82343f5c2bd2bf	aa1146cc5702cdc8fc0695960c84883a91d2c42fcdd6790f1115e4408366cfe6	fb075dc8606582c1e6a1d5e520fa8dda237fc7304044b84b3f8f3a2c6b1c36e9	1	4	serial
binarytrees	10.55,10.61,11.01,11.2,11.48	10.97	10.965947129,11.109093843,11.751350438,12.017199041,10.760059211	11.3207	0.9690213502698597	0	pass	d973598c0ca4e88fcbe96dc852fa64a935cd651b3b85be10121222e9694293d8	27d067b4bfe5f501f1fe2d6a3e0254d699759c750296d9414161c2b5d3623b9f	7d0f8379c38438b28d4684cf85eaba3c43a8a6d502f0fa0c2d2e58cd667a4bec	341de11a51feab3d8122b4b5d6a68b038a2d14434aa9bc2372f39300bf5f48e1	4	4,6,5,11	goroutine
channel_rollup	0.11,0.04,0.04,0.03,0.04	0.052	0.005276687,0.006329013,0.005384613,0.006778297,0.006219057	0.006	8.666666666666666	0.045684210526315785	miss	cc7ddd6dca16348087e17b89f07a30afa536750d088606744f9c22ce0704808a	ce97e496db8d6e776af7e6714d2ff51c0c55c3e7fcf098fa0db48c616f060ef7	335276c8e58c7de93afb270385953dbda5218a8389d3cc5c3c0be4bb4953d89d	a6a1f91069e8c95a38fba1a3cb7fb3f582434245605091f200ee90cdb190e604	4	4,6,5,11	goroutine
concurrent_audio_voices	0.03,0.03,0.03,0.03,0.03	0.03	0.00531943,0.005433813,0.004226344,0.00437026,0.004201605	0.0047	6.382978723404255	0.025052631578947368	miss	b6a5d1e0d2901bd3341b02d1f3445601ef05670cb2442c9f706305f4ec8b7cad	e96bcffed4da40c14d70eff8a672acecaa03c232feb3f4a1735788a4613abd5c	b03c00f7c71ef951a9f384f694a71a409fae28cf11323faa1e20eb3e8e33809f	6ec28390bc9c749cf18e4a6fbd4bc03154345e1acf0a2f6601baab16884a6e28	4	4,6,5,11	goroutine
concurrent_document_pipeline	0.03,0.03,0.03,0.03,0.03	0.03	0.004539838,0.004465415,0.004785682,0.004722139,0.004182705	0.0045	6.666666666666667	0.02526315789473684	miss	5c5d8a577a404fdc73e355a9b8997ff36acd04e8ca974e07bde0729e78a7dc16	bfdfcfe86bf39725d48357a348aded4a167aa0853a3a229998a6aebba18b6976	e3d21369cd5e2bd9ff65b0f77f38762ec8a95d0b532e47cf15a8201d422e61a9	60b369f137cf022522072c4abfd911091aa3c77597528906f58b62610f438120	4	4,6,5,11	goroutine
concurrent_event_routing	0.04,0.04,0.04,0.04,0.03	0.038	0.005875159,0.006422419,0.005102643,0.005245745,0.004628652	0.0055	6.909090909090909	0.032210526315789474	miss	23d12e189b92ee44f83917df8a8fa8a84f2ab77242f9785474df345fbe5e274b	b6707e2193637e4a257a84f8ef9cf9208671e0d1bf9ed71b978ce5ef71659e1c	9002ac45510f4c7962475abc25d2507103f3a319a8db11a12554ad6551def6e1	672e4542ce0d231428dd910348225e7c8b058824d7b8ceffbfb616d77a939d39	4	4,6,5,11	goroutine
concurrent_graph_visitors	0.03,0.03,0.03,0.03,0.03	0.03	0.003820029,0.003894441,0.003829525,0.003820829,0.004086505	0.0039	7.6923076923076925	0.025894736842105262	miss	b445e78cd4c706fc09a3ab008df58fb4a5c90237b2caee4cd52420d04298db56	43bd8daf0556f88913cb7e883d7afbaf51247523ffe25152bf239c80761630d4	d461c48ee8cb03c93c249174afe59c8a02637c69976698e8fb6a0abbd9d38e5a	399e7fd8eae623db1fb6fe83ba5d08b46a747fca2d7e51ec6536aab65b50c9ee	4	4,6,5,11	goroutine
concurrent_packet_codecs	0.03,0.03,0.03,0.03,0.03	0.03	0.004576739,0.004218055,0.003839723,0.003962095,0.004115541	0.0041	7.317073170731707	0.02568421052631579	miss	2184c24ec515d57551c57440c9351b58cb4a43c1824e5f1df43e839b3de57481	2f39269e10153deb8b9777298344d4f5f6750d682b14fb01583921e4da045323	f058e0e0b0534b5a43e88b6c6d3dd2c3f5613512e090d0fe71f3374f1808113a	cf10b00cfd2619f5162ee99687f8e059e9333c4597169846846468fa20c230a5	4	4,6,5,11	goroutine
concurrent_policy_callbacks	0.03,0.03,0.03,0.04,0.03	0.032	0.004006747,0.004012653,0.005509731,0.004303101,0.004844722	0.0045	7.111111111111112	0.027263157894736843	miss	ae4b730a18e1f64e85b17f3eb2a53c5d7b54bf9d0c99b748e67bb18265451266	6a5074e704e2c8b0c33f7d85505ba27942e4e8c5754892f51fd7f21367fe457b	b6d1170975dae9733331498321f621e0182120ce690ef2eb75a54893815849e3	7f1eeebf4548e851a416d06dddf41316bb9ebd4baa5f0e9e6b5265405883f210	4	4,6,5,11	goroutine
concurrent_scene_tiles	0.03,0.03,0.03,0.04,0.03	0.032	0.004029104,0.003988392,0.003970603,0.003862952,0.004185081	0.004	8.0	0.027789473684210527	miss	dd1b5c6eb972af1480eb87bca3096672e44280e3c8c473df95942c3f06ada71f	ed49208100202d9390b5f7dad3d895cf475dcb444c8e60c137411f0c12828eff	04f36ba8736d947ef13d5541100aff1d2fa2eca4e696962f41331085ae2e2138	2c60d0d812049ff61485905f50f92e678610e9708c24849927292dd7566a15fe	4	4,6,5,11	goroutine
concurrent_signal_dispatch	0.03,0.03,0.03,0.03,0.04	0.032	0.004441449,0.004296208,0.004256563,0.004678128,0.00507964	0.0046	6.9565217391304355	0.027157894736842107	miss	79d9f7945ab5278b5725a0c28ee1e1bdf66a81530f95777c6478e9efa01d63d0	fa2d920afaf8cc1fc02a8dd9182eace3a9d84797de5caec72dbd9c816d05bf50	0aef6a952c067f2726ef1fdbdf969edf85e38364aae25a11424c8c11b87a6c30	cb24d4b4ebe05455c69d9232b5bee08e27e1f864776c80996a0253ece9d69d94	4	4,6,5,11	goroutine
concurrent_state_machines	0.03,0.02,0.03,0.02,0.03	0.026	0.003717264,0.003502592,0.004201947,0.004199187,0.003690716	0.0039	6.666666666666667	0.021894736842105262	miss	a8270e45edd0da619ec0c49ff1c09bf80a920e37ceff046e1887963059ea221e	1d4548675ab3465bdc7acc64fccd236dd7b130aa0d7561180ddc027cbd02ce98	fcbd0a0d4e7e39bcec3e8cced4158871fff2aa0e33b68fea8db68dcd965f2382	96296c1ea028df4cae0d4dde3e2f8a91533b7bb4daf1f19a611ea9b0ec2b0103	4	4,6,5,11	goroutine
concurrent_stateful_pipeline	0.05,0.04,0.04,0.04,0.04	0.042	0.00492518,0.004625848,0.004859879,0.004656479,0.00501721	0.0048	8.750000000000002	0.03694736842105263	miss	99c6ecfb4eccd2c93925701f8a9845a53de88b9ac042ba6d34517ca073922bf5	ffed025d01fa740bbe3c656a1a85514bea3316698138b8919be3dd53c2390047	5adc1ff63b7f8a04be0d965190403ff1e1141007da6bdc58a785ea7f09977713	b76b6e24e86beed9a7fc734ccfdf62266d67dea722d758656456824ecee96b67	4	4,6,5,11	goroutine
concurrent_stencil_reduction	0.04,0.03,0.04,0.03,0.04	0.036	0.005105483,0.005131151,0.004380429,0.006015498,0.005159028	0.0052	6.9230769230769225	0.030526315789473683	miss	db33fbbe0624cda3958b64f1fb51a07e950a023ca480b3469f1b09215f22501a	ac0b3b8210a6c956b2fd4b97bdd0e477a6063dfc451e62d05efc72b82107cc20	0c32e339994eaa93eec1ac74d1af754a08aced1d36047bac38aa558cdd42427d	42870ec44f0b8a860e066ec155ce13e2916bbff632d74a5c87704f7f81fa4a3b	4	4,6,5,11	goroutine
concurrent_text_index	0.04,0.04,0.04,0.06,0.04	0.044	0.007757335,0.006970722,0.007548273,0.007276352,0.006958019	0.0073	6.027397260273972	0.036315789473684204	miss	5a2429f00e30e21af242850073e6e8c24d4022b8cad9bc7aee5e6e7860999eef	8600a1c50b2dd113912d501c320b86dbffcb83cbeda9b73d96b089831d07db59	c8cc043c8118c0028683c545c6b5f3a97fc38304ad5b6537eef012fb2d7def50	3bdc437d713ad4ddcd2c37e7367ca95879766c927643a80803b3d0eba3c249d8	4	4,6,5,11	goroutine
concurrent_transform_chain	0.04,0.03,0.03,0.04,0.05	0.038	0.007899909,0.005238994,0.006455868,0.005853809,0.005527421	0.0062	6.129032258064516	0.03147368421052631	miss	378d0a572c0a23d65a80d7681c6309ee0eb1e147cdd2e3442ce628ca04c40027	5c5a2a2dba692a072f34bdc07a1ffdb69dbaa549b10b784dafc624dfca206995	f4cc03147d1ae1157b9e6f1bb849d4e57850f251e319db75af4a75e43fc68625	4695dbb758688b107a6c7917406311bad54f32f2f42310b2e6c2f58702468f57	4	4,6,5,11	goroutine
concurrent_tree_folds	0.02,0.03,0.04,0.03,0.03	0.03	0.004132311,0.004138466,0.004623504,0.004809764,0.004669981	0.0045	6.666666666666667	0.02526315789473684	miss	521a80923670cdbf78d12110adb8e7b8fc4aa540ac1aea39133f029aa6b2e321	d3529a8d32b897661b0246b2d3a4c200efea2a4b9938e958e6cf3761d1b07cbe	7bcb01598b7f5a563584c23e58bf1171cedc89e376fd324424bb825708398ae7	ea4c3694c769a63e64e13afa98ee33a5a2edcd8d1ec0cd821c01bb257b2166d7	4	4,6,5,11	goroutine
config_validation_extraction	0.12,0.03,0.03,0.05,0.05	0.056	0.003908238,0.004447473,0.004529001,0.004269738,0.004396637	0.0043	13.023255813953488	0.05147368421052632	miss	ffdba7256c645683bd9e53ef5a3422ca332ad51dae98816ef902906691ac8b73	dd0a7582e9ac0b83d571d57000fa30cf2c09fbed5f9bd0988283755aeef74f3e	0a478c990ee4956e40d4924e9d2e7525c6e93baf9df16c3a5635cbf824f5f292	c1aa99b9a13bb6e0c7731cb2aea77e300cd3cecc695df7fd4af90036939341d1	1	4	serial
dependency_plan	0.02,0.02,0.02,0.02,0.03	0.022	0.003841502,0.004280543,0.003782978,0.004476765,0.004423236	0.0042	5.238095238095238	0.01757894736842105	miss	f2579982dbe25debb2e40f2ec1f2d0187016a3801c5373c82f45258e16210d8e	c0f1e22de8cdbb92823d70897d9fd87f52df8a2b814789d8831ffd655618c8d3	76b852dd784e87341b8dce18ff966ea127e39f3fc8843d579ac0e69b204a87ca	96dc74508d9b7a476bafdef453b11e11f2f70279c58ccaa5dcb6d85c529c4a38	1	4	serial
dependency_wave_validation	0.04,0.04,0.03,0.04,0.04	0.038	0.004838577,0.004303938,0.00426326,0.004215146,0.004134083	0.0044	8.636363636363635	0.033368421052631575	miss	7d200dbe3ee867e95668ae8c74a2e45893f4d369db6bf00962363348dc632a50	a1f24cf7900327dfb259cda9086ae131d6528e6eda53bdae1c925009362ea2ef	506b3783cffa728c86763d10192f005992e68eef26ecdb23aa83d203aafacf87	de00786abc00ecdc5be17fb12025be79aa7405a31b73c6c08ab7dbad9b555dc6	4	4,6,5,11	goroutine
discrete_event_simulation	0.04,0.04,0.04,0.04,0.04	0.04	0.01267336,0.012173371,0.012523421,0.012978081,0.012293386	0.0125	3.1999999999999997	0.026842105263157896	miss	f4229da6b02e7e79c49b81f266a08efb87476edade1255277a55fda77f10f22f	48504c9fbf21421f3738007ccfa3cac00c0e1abba0156c3133578fcaa121250f	3e843d90aaa20a557eb580b4f6b54e0642d5506ea8b1bc6653c54e705044f7c6	6aebca9b31a78441438d2321290a7b66dc831ddbc7671d783e4a725aed6e7405	1	4	serial
distance_field	0.03,0.03,0.03,0.03,0.03	0.03	0.011971306,0.011796348,0.012257205,0.0132973,0.01355058	0.0126	2.380952380952381	0.016736842105263154	miss	80f96ee942dafbf81b7e09edfc3410c3af37ed3190357fcf77c5d9641a30cf88	418832deca45aa420b724aeca415542cc5d3eac0ce5b9ad1c6305654e52a03b8	8cdbaf2eb170bf37b05b6018dbca55f58dafce6c715b79d21291b80be991bed3	cdaaf4451b236346af59b6a407f3136da96004e0c7c39c165546b7b9b21eda94	1	4	serial
document_audit	0.09,0.03,0.03,0.03,0.03	0.042	0.00452559,0.004614109,0.004518298,0.004652857,0.004268699	0.0045	9.333333333333334	0.037263157894736845	miss	4f3fe4b3ce2a782c67e79d1178ba0ef3165ff8917b1970a6c96ccd7e550f27f2	efca73563a21cd01ff3d844acc1f666176d810b92de4ad61db362a93781cf39c	100ee6faded446f62c4d2acd668c02d61ca3a3d03167039ca33bc2053bd5553b	0dad030a80c8a883cbb56fbcfebfd530d521075e15d5d91ba538bc93e66c0aab	1	4	serial
fasta_generation	0.09,0.06,0.06,0.04,0.04	0.058	0.015678907,0.014954627,0.014206902,0.015475028,0.015003605	0.0151	3.8410596026490067	0.04210526315789474	miss	7b30ce2139b20f4b30495a44e5afc99bb4ab664c2ec9e0817512784adcb06c0e	116e80452758cc68483d2a8da625204794ff1260878a84b1907c2703c82ae029	747f63b5d07215af0e4b6061c5a356895b604c542fd7687c329fdd62ae37c770	2907f3fb66fea247549c0f26b5b5d5cd1940a055574b72dad344283e1eb0fd10	1	4	serial
fib	3.31,3.34,3.42,3.41,3.33	3.362	3.214660873,3.256597809,3.340554619,3.194500335,3.246166875	3.2505	1.0343024150130748	0	pass	1613bf12ba84db9d59c04eb8a2d9b9912d27f51696b22210743e1e499f52ae02	79a2f518ad5cefdb74f7fe7fffd343031b162fbc790cf1ed2ab98dbfc1bd088e	4648fe08c652f878bb58e8ac7b30d3dcd2b512e942420f707c149e7cc6e01fbf	231e154363ef69683f6dca862f5a448e786ccc90485636bc20a86e2e470a2188	1	4	serial
fixed_width_128	0.13,0.11,0.12,0.08,0.08	0.104	0.008460422,0.005498887,0.005690969,0.005949299,0.005386785	0.0062	16.774193548387096	0.09747368421052631	miss	330ce59771b6dc41a1c147c53d82bb65b43d9a09c018d11ee527c1431a829f0e	4125d090eb3cb657b79c2fc02d3170d7aaa62588f92a1e504f0140d1dbd65094	a0956c291c06ef45935869a4fa5580512d29ecbc86e369e9dd1b7919695b7749	eceabf5869b1abca8d6dd228b64a09f89e4e98ba8cabc4833ffee1218dafa56a	1	4	serial
future_await_race	0.03,0.03,0.03,0.03,0.03	0.03	0.003770601,0.003647757,0.003817955,0.003785924,0.004711744	0.0039	7.6923076923076925	0.025894736842105262	miss	7950a425ac6225a577d7c234395ee4293d5c89c2ddfcb19fd87732e8d4d0335b	04d296c4183b7e00c93369218788cac51325c8ba3a3a2cb97b64c81a5c2ac94b	9e7c2c1e24f458ec6a1a8569c2cbfc386767e4ada14b55582d9410a796e47508	33297798eeb96d6d471a6afe97ec8a8bf09eda0ce30e13917aed1db40fb930e4	4	4,6,5,11	goroutine
future_pipeline	0.04,0.04,0.03,0.05,0.04	0.04	0.005521063,0.005232726,0.005554607,0.006118784,0.007315519	0.0059	6.779661016949153	0.03378947368421053	miss	823bcdb46878c9d57ab6438bed3767861974227b96318572dc823f3da69067b7	6b8d6b83a6086d48e1c62ec05f192bb2bc7a488f8e3ac6143cbb4a6b5c3df73c	efb90d72a9dfae57912df4bcb25cf5d69cd8033c8a0079cae5ea8429babbfd75	3db937fdd21b5719ab57c25679a1944e8f30128695c8edbfae4940aba7aa6d98	4	4,6,5,11	goroutine
i_before_e	0.1,0.04,0.05,0.05,0.05	0.058	0.060363993,0.061196458,0.059518763,0.061079751,0.05876379	0.0602	0.9634551495016612	0	pass	4cabfaeebf777072eb41a2411a7b9467386be7fcb55303ede708d8da50f057d9	63386a111f2fd35ff949092a419c99ce7dcf21e81b24575ece330f7729df65c0	1bf066caeed31e9715c2084461b144176990cfa29a2742a32c1a25942898eaec	981f0d37a277be25f359c097e10df2ef68009fea2d3e322aeed3a65d0fbaca39	1	4	serial
inventory_reconciliation	0.13,0.13,0.13,0.13,0.14	0.132	0.00878159,0.008460777,0.008056,0.008117004,0.009185276	0.0085	15.529411764705882	0.12305263157894737	miss	16c408486e1f3fb1003c795b5ed0ee63b310cd2fecba4a85d9b4081c381e8d9f	958b1a85bff5e471739a502ff0af5eaf886fade65c6601aeee74b69d8ae76b44	6c14774ccb84c6541ecd0d1ff4963630230a46b95db1eef76acc9523ffcfd4eb	37dc8fb8d62ba404bd385852de356d7ccbd468da2b3d20b4f0a535263d6ffcf3	1	4	serial
json	0.69,0.61,0.67,0.64,0.64	0.65	1.53218423,1.537033574,1.478467659,1.501343694,1.728044189	1.5554	0.41789893275041795	0	pass	84a895d80fee86e71b65c3614dc71088ef36d5a469b2756162007ee49d45b62a	6ea05b659c17322d9fd009c1b6f7ca3862e4621d2d854bbae25cd2eaccbc91c1	184816f9854b731a6315dbb62d458c47e5830f38b4ad96546ab0d67d25a56fac	7cbf9736119f7683d59646bea566591a2ef278db54286b8e2525aa39e907839e	1	4	serial
k_nucleotide	1.8,1.66,1.51,1.52,1.52	1.602	0.062085385,0.052417989,0.053727048,0.054558501,0.060455474	0.0566	28.303886925795055	1.5424210526315791	miss	933749cb33f84a88274e010f7459d027be839a42162f0d559eca8a1920aa8a2a	8f1ec0923f819b16a7a63adbb1f3d7165c526e7df73462e8edf865d6a39c9a29	5992ceafc2e064cc7f7e486adc8a0edf7066567383dd8b7c049088ec2c81d086	d628623daa677c00673df8d4961d14eb271b4112cdcb65b8233f07b69d7b49b8	1	4	serial
lexical_rollup	0.08,0.03,0.03,0.03,0.03	0.04	0.004658701,0.00441355,0.004132099,0.004226734,0.004372258	0.0044	9.09090909090909	0.03536842105263158	miss	567a239892f4f6b00e5d61e4d262857ff14687c31e16cd1d390d9e9dfb6b3159	e1ce0907e22b60082acbc836da6b66b9629895ce44fefd441e451d4744936c99	335276c8e58c7de93afb270385953dbda5218a8389d3cc5c3c0be4bb4953d89d	a6a1f91069e8c95a38fba1a3cb7fb3f582434245605091f200ee90cdb190e604	1	4	serial
log_routing_redaction	0.11,0.04,0.04,0.05,0.04	0.056	0.004616223,0.004540401,0.004617742,0.004803073,0.004560791	0.0046	12.173913043478262	0.051157894736842104	miss	958ad9cdee6f91694757dbca9748e6f23bff84340e52e0e1375589726be0629b	4b9ee58bfba7e36b5c2bd530cc0b3977eb5a8ce22e14c1d5efaa656e224ce855	7db23767cf5f35f08d208a3b4e7ecfbf119c541c50b60871aa1b967fccc2f6a2	0d9585b01f83904fdf11d47b2902678c1718c8442ed1d84410d61d5d90f60bf4	1	4	serial
mandelbrot	0.07,0.07,0.08,0.07,0.07	0.072	0.054054497,0.052446724,0.052180213,0.052795041,0.05329484	0.053	1.3584905660377358	0.016210526315789467	miss	663385828c4e7318bac285c4fcce27d3b435f9a3536a1a20b3cfa09af2a32315	c0a81d428de3e5b86ec9980b514441c8388dadfc550ed345a1f6271dcd8f0b4c	85990429fafcff01ae0fe0b272aab43102571248ce7e8fa52a53cc044d992af1	d1560cadc49ab9dca30a4cfbe4123c1fcc0240ed80de27ad37d7fcc97159173e	1	4	serial
manifest_normalization	0.09,0.03,0.03,0.03,0.03	0.042	0.004279988,0.004795382,0.004820954,0.00456877,0.004188058	0.0045	9.333333333333334	0.037263157894736845	miss	4738af1fb5aabcdafd7581c2b84289824d6bf0a5dae779e70f4db6746f63aec9	6bbbec6c228c0d5c525bac71bee099af423e6af69f02e5e4d0e9d394352919b6	9aa52ef7fd9d6750a99d6ba4b1546ea8edf87f3be15c0e1bdd62776c62cdef39	2d6d55d5a76f3e45c6eb4fc3c0b892c2c5d8e02f3e38fa916d4f1c9a1579e9cb	1	4	serial
matrixmultiply	1.04,1.0,1.06,1.0,1.07	1.034	0.988366888,0.998103182,0.98092819,0.972825793,0.994671657	0.987	1.0476190476190477	0	pass	f4e1ae5575094ab725db5ee0adb81eb6783221844aac9ef99b8f820f56c18246	4b77c1e4f0add1763c830c9da22a9d92c43d14e48432bab021e2146e3ccb1e42	f57a6ee5eb62abeda1a99a9ede38851aca39cb1ff2d7eec5dfcbfc97e1173b00	bce2053ea5fdc1351bf8d28398b346b894f8cf35c0e047effdca9dbb47e81d0c	1	4	serial
monte_carlo_pi	0.22,0.22,0.16,0.16,0.17	0.186	0.197260582,0.195620171,0.195791275,0.196168206,0.207322101	0.1984	0.9375	0	pass	9afb1620c5f41eed0b519e225cf7a7cc32e837ccfccd2e047d56175c1805aa0c	34b6ad655126f97e453b17350d49552144c2bcd332fb3b3ca7192382554e3877	65ce19fdadac31f45d62db73083c9c4be441b2e607698d7043d68e517798ccaa	dab6ddc0a42f6644dd620c574b8b552697477be92433e886b7116ec8723123d2	1	4	serial
mutex_await_journal	0.03,0.03,0.02,0.03,0.02	0.026	0.004256032,0.003950797,0.004593157,0.004466219,0.003935631	0.0042	6.190476190476191	0.02157894736842105	miss	3d17db99f2a06f2d87868dcb00e129d6f0cb18d4209b329e09bac281adaf8696	e81b9ab6eae0badebaa7bce0797cd551702e55f064baa12313992933a525449b	fdcdde27c877301475341de6158ff0e2bfdecdd17437ea769c4018c2b7cb900b	e6f87830a6a1bb1bf3889a6b77eae053bfd3630055a06dd8fd500201586bf61e	4	4,6,5,11	goroutine
mutex_ledger	0.04,0.03,0.03,0.03,0.04	0.034	0.004469311,0.004250393,0.004955069,0.004542229,0.004828457	0.0046	7.391304347826088	0.02915789473684211	miss	2975ac5ae318fd528fd353ee8846f4cb86104e8525a43c2aa1c31e05dfdb1a61	59d9c8fc20ccbf5807fa06c407ffcad1824b497d9d56fbf99d4106520aef5bef	05d3bc4a80a9ae6b12c4afd3eb982f31097f2509cbf6fbc0b82b46f2e1ddc5ee	58f2e2fda882a7c1e5032a2f34c4d9d05f40ced51199c0be0672ecc4d4cf14e4	4	4,6,5,11	goroutine
mutex_work_queue	0.04,0.04,0.03,0.03,0.04	0.036	0.004331244,0.004372481,0.004470972,0.004134679,0.004451931	0.0044	8.18181818181818	0.03136842105263157	miss	8341715e210cd8342a49c32dd2d9ba01331f893b680e8a418f5ee2542a456113	c346c087fb68c8db955a88902c4c14c28531228465764bad82014008d5f1f736	364de001c5c56ee2f4066fd799add37aeab064afdf846e7d655a701e483c2416	57d3c0d15899da95d375a749cfe34dcc6942eb82a45427f197b9244b85ff8e58	4	4,6,5,11	goroutine
nbody	0.08,0.08,0.08,0.09,0.08	0.082	0.033943051,0.039171842,0.032874411,0.032727972,0.036091595	0.035	2.3428571428571425	0.045157894736842105	miss	697e6d589629213c9fcbcaf7b2607fb7f9d98035dce04ef829ce71e2c12acef9	ecbfb6dbba972da47cd6b2a4e377d053eb47b1fe1427236c625574aec82d294d	6eee2164d361669652467e8115dbd61c11fbb60fc446e912c67957553e4a7e60	40799ff8af9b84a416e8bf940921658787c57be38f638fb4d98c735c8d39e820	1	4	serial
option_result_config	0.03,0.03,0.03,0.04,0.04	0.034	0.003725437,0.003525754,0.004111716,0.004012621,0.003549155	0.0038	8.947368421052632	0.030000000000000002	miss	9a0cd261ba89aad1fe1cea7da9ce78bdf356a350151ba7f17277ed5a125d7c48	3ced806f4f42b53e457f102494807d04b0bab5a93f76c9a4a1338efedcd2d68a	c56f941d16d0dacf1a284184a7a5f9ed4a31537487ed057908f241bc5a284e62	28e46b27a6dceeaa15968e9db7a6728f4a2b35f87a89ff7bf561db18cad53112	1	4	serial
pidigits	1.24,1.3,1.1,1.27,1.19	1.22	1.227921101,1.171485931,1.179740557,1.169559212,1.183320768	1.1864	1.0283209710047203	0	pass	236a74ef456b4a5ca3e33a743a0b3b8e8767db9cfa07dd619df870bff876d5cb	c8669a71e52ce32ed4e6852547efec42f67e8b8f5656e88653720d74b37da58c	38747ad7072704ef27ca6cc78cdfd9ce5b4d8c7ef40537933b4333323ad78329	bdfa7b6c756d96492f472f97aee9cc139bee954d271eacedfd7ace5d2875f06c	1	4	serial
policy_record_dispatch	0.13,0.07,0.08,0.08,0.07	0.086	0.007659786,0.00642177,0.006304772,0.006360455,0.00634291	0.0066	13.03030303030303	0.07905263157894736	miss	cd6089f205ff542c9c9c07c5526d47b9fc4287f9fd9c7081947d363610ec5263	a31c758f4f52941e200b527621253bf7559e55b3da8561671aab5dab0c813ed5	bdadd6235ab65152d46da27ca9d005456cf36835463505e0ac65c527f890f002	f15c66e53e4c89650ae12aff6c2f466f2cf0c7adb6ca3fe5be0127bfba217c05	1	4	serial
quicksort	1.9,1.92,1.86,1.8,1.91	1.878	2.713002136,2.709499285,2.522048131,2.737640302,2.637434945	2.6639	0.7049814182214047	0	pass	f54986a03bce5d3fa5bb8d1dd342299c1b6a434a682572d353c46d5f66c1af92	f0bc08270a8f666cb9df5fc21fbbebba5fabd6375e7dc7b1313a5949e7ad485a	1bf066caeed31e9715c2084461b144176990cfa29a2742a32c1a25942898eaec	d0d07db0afd4266c1b6de5e76438bfa6aa974727e06c74e280aa7b497ca0e8b3	1	4	serial
rational_series	0.11,0.07,0.07,0.07,0.06	0.076	0.015267981,0.014018693,0.0141081,0.015366319,0.015634004	0.0149	5.100671140939597	0.06031578947368421	miss	20a58261d852834d425de755ed35e7c34b0bda80945caf97a94d4ba9b2e0bf46	118406800ba92ccce86446d5a61b837f9f75e7edcc771e7b04ddd33f260bd652	0a19cc1abf1a7052bcaed1e4df43ab79cc588c2206bc0f955e632154b180dc34	127f0f44ee4870b57a188a7948f80a0a5d14584a326c345a48d4285594069f0c	1	4	serial
regex_set_audit	0.11,0.05,0.04,0.04,0.04	0.056	0.005812509,0.005310783,0.005464772,0.005714304,0.005612183	0.0056	10.0	0.050105263157894736	miss	124fcfb1435ab1160adff38f7d50ba442c22b4d63cce25fa06e7799a26458b9b	ce6d01f4d9331f3ee52ff73bcca39637e226c14f3c045942f5a4765e0c3995ed	c24a2c3bd02bc94e2d73700da3ad6119da92377b520748ebd8afc1d9105a757d	3d8f861a312416f95b95d59be62614f0ffc7918e86fb984fe6035ca7b7b28da2	1	4	serial
regex_stream_audit	0.1,0.04,0.04,0.04,0.04	0.052	0.006666422,0.006029291,0.006534122,0.006459385,0.006241473	0.0064	8.125	0.04526315789473684	miss	ed58e3975b12776a03ace5bd7e066b570e7538f303f631db9c1704d3a1eaa999	1f45fe2a76d146be18659ac9dd6eeab88548c5afe22e2a3ccc5ac3c8c0d82be9	bed5e488f2c5e374362aa9b4ecfd7efe097e73ef3e299912fd734ed3c47af88d	dd7801f0b104d8bd47aaef64d685bc65a06263851f12c8df8cf75260d09e717b	1	4	serial
regex_suffix_audit	0.21,0.05,0.04,0.04,0.05	0.078	0.005123817,0.005438961,0.00458643,0.004437993,0.005427228	0.005	15.6	0.07273684210526316	miss	7f8a1b031ae20c9af490cd21ac9846ea472b43c62cd082b22cb6e600fea2c5fe	4424b20eadfabba04dc90132f1606bdcd33be424fbe37b99041a2d10b356ca98	9116861e3fe939070d2002cf6d6f7f99906e9b7d2ffbe93ba4474be5040138bb	b5d5ccfabbfd4dc5952406cb1c42d62b807f75828661c4c3774b251abe38380f	1	4	serial
reverse_complement	0.1,0.04,0.04,0.05,0.04	0.054	0.018050804,0.019190917,0.016786169,0.016041204,0.015838842	0.0172	3.13953488372093	0.03589473684210526	miss	4bd16d4b6c65362efc5b2515548f59686144553a91eadcc65a0cde6df537e5f9	d6ab5b73111cf5dbc06e1f3879ccc8548d082d88b778cfcba731a2fa3aaacd74	a0776ac30e6be807c35edb1179967bf145711770e3b88ac6666a460c93546a91	db06a593d68950aa91293fb57ffed87ad57040c4ac7ab81ae9dc43d50b400bb7	1	4	serial
rms_norm	0.04,0.04,0.04,0.04,0.04	0.04	0.012426121,0.013943888,0.013363761,0.012299537,0.012110037	0.0128	3.125	0.026526315789473683	miss	b289c78432f7c4077e259810c9e788341824899188821df669af345eed04dc59	70f4c52128ffdffef690939025f0bf4bbf56ef11a72ca69f669a1aa31fd0dd83	6b5dcc689725e902d8bf9d0f98dc9515ea3c29a6c290e80e0d757d6374293776	255c3e1c7ae7f523918e96244a6ac395b58699c4d2220549b097702faaa1037b	1	4	serial
sensor_calibration	0.1,0.03,0.03,0.03,0.03	0.044	0.005121562,0.004893536,0.005399929,0.005389909,0.004883766	0.0051	8.627450980392156	0.03863157894736842	miss	28a29926e6511185eda8621d69f09109a3f16bcff69de6f41e0d4cdc4c0d480d	89c3de53add27fe7b865a16fe379bb264c4681ae4d2e5d8802c5b83489f5e0d6	b1f77a04897780b5599795b4f1e827fb9ab433d2df3aed662b913d0bf98fc0bd	e96cf1e366228f34478289660b4478b345bc069ac6e6633900d9805f0340edbb	1	4	serial
sudoku_masks	1.77,1.53,1.63,1.46,1.42	1.562	0.681455128,0.70771167,0.66555679,0.642201345,0.673137882	0.674	2.317507418397626	0.8525263157894737	miss	fd918bf940bf22973fb205b1f1fa1be9de07a8774ad79138c9bc8a95acb43d6b	0731d83377fde41add93bd6f503a7b42b9f612b8c1a07a2d3ec440e301b7ee99	9965f0368b5808682d964f945946bb0fa8ebf1062bc938038d3a92849ca682c8	35a81e448daf9986f2a9b7c3a873dc6216bd55c969efec50c9b1de6d866659ec	1	4	serial
tapelang_alphabet	4.59,3.72,3.75,3.92,3.85	3.966	2.997485388,3.15586847,2.997442397,3.16598968,3.008656325	3.0651	1.2939218948810804	0.7395789473684209	miss	426a40e33840f3a0e9e62d5f9b9519a6840edd2733b8031df6a280e4b782fdb8	e53f36775b30177debe262c6693c40ff0c3db9a552fcf2dd8cb6c5a37174f775	e3cbee1ac374d917b396a334c9b4ebe1d7474e5e9428de722c2d36b3f1bbb193	a8ac3a1054c1aa7ac25f9b1e652a96a7ac86a1c1130687fc53b90e20c766d149	1	4	serial
unicode_scalar_pipeline	0.16,0.1,0.1,0.1,0.1	0.112	0.011058042,0.011198746,0.011144802,0.016463626,0.011901499	0.0124	9.03225806451613	0.09894736842105263	miss	9ff36de9cbdd1e2b1138611fc20453e0803e3f8734769a30929eb52528ab7bdb	f90b820814de944d7e8ed3e139dc16f8637e2fc12e31e347db8a933765bc64c5	8852ff2f991a5a7763745d42226746bdb2cec62e03b6aeac335d6a939ea497da	c9efadb7f22969600334daa4a4eed2edde38c8e86d2c81d354d6f3979c854eb9	1	4	serial
validated_job_pipeline	0.09,0.07,0.07,0.09,0.07	0.078	0.005525039,0.007030225,0.004821039,0.004587468,0.004648596	0.0053	14.716981132075471	0.07242105263157894	miss	792dd2fbf2d09643082e523999f768745eb5c08af64f2b747e82901e3fe4bd8e	503d3dbbbf6767c1e0717ab659109a0adc4ef24557276f97e90ce770780157a3	8be4467857b8ecb517954b3f142bd2b478f428485f478a5efc8d7291982965f4	ee5a3553094de6253bd71daaafd30e1db3eb9a17d11d3411b18ca652feafc40a	4	4,6,5,11	goroutine
wide_integer_records	0.14,0.08,0.09,0.08,0.08	0.094	0.029180404,0.02645675,0.045879921,0.055095823,0.028597616	0.037	2.540540540540541	0.05505263157894737	miss	8ba1e245f5d169409d2d35ba53c3ba94a554fd6767ec8d9d4602fef064b8405d	e473d9e7fa9ed63d16d1229245f95f422412380ca16650fed918776d9c2509cd	e5a6fdf31951a6da39899bd777a35abf687aabd7d9d410c91ec6771d5876e123	f373537521cc6bfb0fb9e1a1eb36eb93a057654b526a4521878bc269261713e5	1	4	serial
word_frequency	0.06,0.04,0.04,0.04,0.05	0.046	0.005891388,0.005270967,0.005789422,0.005282381,0.005246984	0.0055	8.363636363636363	0.040210526315789474	miss	ad6e5d39c1685931dfb7b86fb7ce2afe783a1088ffc646a5482540606cd79a3f	ab257b9efad063b14c0eb0ad130b845cc2721a91ba21e14bf781ed7fef2c2c53	75ee8f994b642c522f43edcde282bd2e8964346ed9cf7c5cd9530740583857ac	7dc1dae393e2c070eb0b9c9e611e154b2e6cce1b4a4268aa1bc73f8ff0e2fd07	1	4	serial
