benchmark	source_sha256	compiled_sha256	binary_sha256	probe_binary_sha256	interpreter_free	emitted_branches	linked_branches	reached_branches	probe_status	verifier_status	stdout_sha256
fib	1613bf12ba84db9d59c04eb8a2d9b9912d27f51696b22210743e1e499f52ae02	7abf28da147b8a86cb2c697050dec1394c6f658ba69c307d8df2bfb2bafc26a2	54df9d6c754d4918ef6f8723e861ad4018068b46502626a3764e374f409919fa	68921e9ddb82e8066a97f7eb4febc46dfe0fe5f4bcc2a755e28b3b785a77386b	true	array_apply,array_member_get,array_member_set,array_values,awaitable_shape,callable_member_get,future_error_details,generic_member_get,main_array_format,main_array_shape,string_bytes	array_apply,awaitable_shape,callable_member_get,future_error_details,main_array_format,main_array_shape	none	pass	pass	231e154363ef69683f6dca862f5a448e786ccc90485636bc20a86e2e470a2188
binarytrees	d973598c0ca4e88fcbe96dc852fa64a935cd651b3b85be10121222e9694293d8	acf9d854916adfa0b952ddd7652abb23041fb5fc41c0979b1af89b3687dba64c	1a800eec4291e357377ab543aef6afb85928c3b163c92de7654201461cb5be25	35ad931a6a613ed3a33262e67274997befe2b812bdbc480ef76e8a053e748d55	true	array_apply,array_member_get,array_member_set,array_values,awaitable_shape,callable_member_get,future_error_details,generic_member_get,main_array_format,main_array_shape,string_bytes	array_apply,awaitable_shape,callable_member_get,future_error_details,main_array_format,main_array_shape	none	pass	pass	341de11a51feab3d8122b4b5d6a68b038a2d14434aa9bc2372f39300bf5f48e1
matrixmultiply	f4e1ae5575094ab725db5ee0adb81eb6783221844aac9ef99b8f820f56c18246	a1bcc3ec03c7fcc0a7792701b511858f9486d767e3da899528cc170a011a92f8	2e42a151f354453fab9e95c07b90f2178767131dab0a6c5314eebc28b1abb4a4	518e77b4ef1baabb51ba686e280b61d0f5c0ad1cd86b6b4b360520e133402eb1	true	array_apply,array_member_get,array_member_set,array_values,awaitable_shape,callable_member_get,future_error_details,generic_member_get,main_array_format,main_array_shape,string_bytes	array_apply,awaitable_shape,callable_member_get,future_error_details,main_array_format,main_array_shape	none	pass	pass	bce2053ea5fdc1351bf8d28398b346b894f8cf35c0e047effdca9dbb47e81d0c
quicksort	f54986a03bce5d3fa5bb8d1dd342299c1b6a434a682572d353c46d5f66c1af92	df4bbf42a4e3f416f0d1b543a7697aaae199ce31808c3f9411178538ab537345	87c2b7a77828effc0048dde58298386b521ed279d85ca563957eb94ed4fb6924	935d3e89b342f89a905828fb9d9cd517abdcafe6a1e8b3e55b0ab416151310c5	true	array_apply,array_member_get,array_member_set,array_values,awaitable_shape,callable_member_get,future_error_details,generic_member_get,main_array_format,main_array_shape,string_bytes	array_apply,array_values,awaitable_shape,callable_member_get,future_error_details,main_array_format,main_array_shape	none	pass	pass	d0d07db0afd4266c1b6de5e76438bfa6aa974727e06c74e280aa7b497ca0e8b3
sudoku_masks	fd918bf940bf22973fb205b1f1fa1be9de07a8774ad79138c9bc8a95acb43d6b	726c929f19f0ea2ea892536284c82185e22582f8ae4a158a54bacb1db0e051a4	65531f3200a38bdd6aaa0ed6188df18f20e9ae8048e7dca5b18bcde61cd7e6b7	2072f133a847d06084d90b6ffd5b39f7c9d46f31e2adf2fa85c758b241dc4a14	true	array_apply,array_member_get,array_member_set,array_values,awaitable_shape,callable_member_get,future_error_details,generic_member_get,main_array_format,main_array_shape,string_bytes	array_apply,array_values,awaitable_shape,callable_member_get,future_error_details,main_array_format,main_array_shape	none	pass	pass	35a81e448daf9986f2a9b7c3a873dc6216bd55c969efec50c9b1de6d866659ec
i_before_e	4cabfaeebf777072eb41a2411a7b9467386be7fcb55303ede708d8da50f057d9	d34dc2b01e0f3fa74ecd0699acc4032e58422ee94dc35db0408cbeb94bee9fb9	6c2aa591d3a63f62622c2b84457d560c469d6627bcdb3debcca7634e4b005fc5	be4481693d2d0fd86bf6364f0920d272df25f1106f5f27d6719a7da29f8d7ecb	true	array_apply,array_member_get,array_member_set,array_values,awaitable_shape,callable_member_get,future_error_details,generic_member_get,main_array_format,main_array_shape,string_bytes	array_apply,array_values,awaitable_shape,callable_member_get,future_error_details,main_array_format,main_array_shape	none	pass	pass	981f0d37a277be25f359c097e10df2ef68009fea2d3e322aeed3a65d0fbaca39
base64	b4676ab1b4392ed4433d7a2ce57c7388907e4719494e6edce32728b071750108	81ac3f791d1d57bdeb0e6613d59935d764e29ffab4bfdf9bd94a91a299c72f52	87ca948e8a91fc1c7cd7e4913e61e3dcbd405b372ca1e36da5c21f19580feb69	0ddcb18c11e8adc70bede855860c0a4e3afab8731c887977d642ba1c9978587e	true	array_apply,array_member_get,array_member_set,array_values,awaitable_shape,callable_member_get,future_error_details,generic_member_get,main_array_format,main_array_shape,string_bytes	array_apply,awaitable_shape,callable_member_get,future_error_details,main_array_format,main_array_shape	none	pass	pass	5f4c00cd811078942fc98cd5dbca3b47fac2f8d8210f07ea116c1a7c0d6ac316
backup_dedup	e29c9ccd3c94346397695303b1fb83d4e705aa9ce2d5b7194b8964268822f944	191d60629dafefb8a67d12723a12254f8ff465dc518abdecd78d390e9f10a891	55b5b7bb3ee29900f125c12c1db84eea223e7d364f6b15bd0cee9f12e120c296	27ae58d667bdd0c34fb91013f151d130640e36d9f44bf49d8e55da80a71ba4d6	true	array_apply,array_member_get,array_member_set,array_values,awaitable_shape,callable_member_get,future_error_details,generic_member_get,main_array_format,main_array_shape,string_bytes	array_apply,array_values,awaitable_shape,callable_member_get,future_error_details,main_array_format,main_array_shape	none	pass	pass	bf4d5c89239bd78c6dcb9d755b8df4e90bc092c2a64bf15e45786e815918504e
binary_event_log	658bf062ac063af7302544b1e9d2bc30d21c5c3b535e48634f40c20ba2c8d2ea	9b3447be58cabac467f4e56a8fa4ecc6ef1a81dd95e5d96813bb7bb3e7ce46bc	c57afd3556bd9986216a4af8a590516fb081c4029dac707113accdb825e76be4	1365a775d8dc219b056837b52632dff7d85baf7549929653f89875893ae7d012	true	array_apply,array_member_get,array_member_set,array_values,awaitable_shape,callable_member_get,future_error_details,generic_member_get,main_array_format,main_array_shape,string_bytes	array_apply,array_values,awaitable_shape,callable_member_get,future_error_details,main_array_format,main_array_shape	none	pass	pass	fb075dc8606582c1e6a1d5e520fa8dda237fc7304044b84b3f8f3a2c6b1c36e9
json	84a895d80fee86e71b65c3614dc71088ef36d5a469b2756162007ee49d45b62a	449521f99d7e75f5db78cb8845117cab92dc658cfc072ee8b43e87e55029844c	caabbfcc85a8305aebf87fa8a1cd19ea356976ad120e4b4e8d7191f09ff718fd	8f18ff4a36197c7419f20590e32295f1c533c6fe4f9b347d2918138123010bc4	true	array_apply,array_member_get,array_member_set,array_values,awaitable_shape,callable_member_get,future_error_details,generic_member_get,main_array_format,main_array_shape,string_bytes	array_apply,array_values,awaitable_shape,callable_member_get,future_error_details,main_array_format,main_array_shape	none	pass	pass	7cbf9736119f7683d59646bea566591a2ef278db54286b8e2525aa39e907839e
monte_carlo_pi	9afb1620c5f41eed0b519e225cf7a7cc32e837ccfccd2e047d56175c1805aa0c	04175d1c4726016910db559c228bab9648aabe67e64a07d78355b342fb409ad1	fa60ccd7ed8c4cd836ba8a5f3c081202d169d62e3c55cf8f151a3f64be4ea680	cddabeb1e42d20cf54b8dce26ddc2ddb0eb498d1062c84293fda0dceb29bc4e4	true	array_apply,array_member_get,array_member_set,array_values,awaitable_shape,callable_member_get,future_error_details,generic_member_get,main_array_format,main_array_shape,string_bytes	array_apply,awaitable_shape,callable_member_get,future_error_details,main_array_format,main_array_shape	none	pass	pass	dab6ddc0a42f6644dd620c574b8b552697477be92433e886b7116ec8723123d2
pidigits	236a74ef456b4a5ca3e33a743a0b3b8e8767db9cfa07dd619df870bff876d5cb	9efaf934a44a4050b97951f28507016936eb8235db24b7b52e3c12f4ed8f2cd8	fbd8e0333c982513685593dc8ed7489a8b922f25ba1b7ca575936e698dbe7f7e	978a7b75c56b7a9a905bddc7f6621e4ffc4599a452c0e1b8f93da6537fcfe3cb	true	array_apply,array_member_get,array_member_set,array_values,awaitable_shape,callable_member_get,future_error_details,generic_member_get,main_array_format,main_array_shape,string_bytes	array_apply,array_values,awaitable_shape,callable_member_get,future_error_details,main_array_format,main_array_shape	none	pass	pass	bdfa7b6c756d96492f472f97aee9cc139bee954d271eacedfd7ace5d2875f06c
mandelbrot	663385828c4e7318bac285c4fcce27d3b435f9a3536a1a20b3cfa09af2a32315	f9708b0d75073990dac70a8869a30ded8a1889f807d62c89fe1bb6aa3c4a4a88	90de41cef701caa90fab6f76f10ec87306ca34fbb34d81969618bf36fe1146a3	c014c8fa62e6664973e94c207e273b2ffbfdcc785e6fdee41d7204e4ead31ed2	true	array_apply,array_member_get,array_member_set,array_values,awaitable_shape,callable_member_get,future_error_details,generic_member_get,main_array_format,main_array_shape,string_bytes	array_apply,array_values,awaitable_shape,callable_member_get,future_error_details,main_array_format,main_array_shape	none	pass	pass	d1560cadc49ab9dca30a4cfbe4123c1fcc0240ed80de27ad37d7fcc97159173e
reverse_complement	4bd16d4b6c65362efc5b2515548f59686144553a91eadcc65a0cde6df537e5f9	475d93eb2149f4f7c7e9ac49fc6d5891b2aa606161a8cfe1976252094634279f	52a00a8f4ce2467b1c0e12c2cc1f0c2954b91b93832f7ba12f4bba34e04c724e	c26ed38c054393970e55e197d7582badd4232c34c8a44e348934e4338cff8bd0	true	array_apply,array_member_get,array_member_set,array_values,awaitable_shape,callable_member_get,future_error_details,generic_member_get,main_array_format,main_array_shape,string_bytes	array_apply,array_values,awaitable_shape,callable_member_get,future_error_details,main_array_format,main_array_shape	none	pass	pass	db06a593d68950aa91293fb57ffed87ad57040c4ac7ab81ae9dc43d50b400bb7
k_nucleotide	933749cb33f84a88274e010f7459d027be839a42162f0d559eca8a1920aa8a2a	024701c6569f48eb3760b920d1a1813aa668404a06379b14274e37c4cf3df0b4	5b49186b2b96236449547994e322edd86fc2b4645766ea089be2e229048c7d28	bd92b43a92af3f46d3db9173c16a491233feadcb861bb24010bc1908ade89faf	true	array_apply,array_member_get,array_member_set,array_values,awaitable_shape,callable_member_get,future_error_details,generic_member_get,main_array_format,main_array_shape,string_bytes	array_apply,array_values,awaitable_shape,callable_member_get,future_error_details,main_array_format,main_array_shape	none	pass	pass	d628623daa677c00673df8d4961d14eb271b4112cdcb65b8233f07b69d7b49b8
nbody	697e6d589629213c9fcbcaf7b2607fb7f9d98035dce04ef829ce71e2c12acef9	53e790bfeb942278693d9e4c20afc164504c88852d23c4d763dd01cb6723403c	5b429382c447291ae729a2176bc556eb5f6f8ddc9af50ba6ee36e01379d390b4	cd5ff2b06383b1a471870a6300305c315799d60aa8b36195e1ec34755569ab58	true	array_apply,array_member_get,array_member_set,array_values,awaitable_shape,callable_member_get,future_error_details,generic_member_get,main_array_format,main_array_shape,string_bytes	array_apply,awaitable_shape,callable_member_get,future_error_details,main_array_format,main_array_shape	none	pass	pass	40799ff8af9b84a416e8bf940921658787c57be38f638fb4d98c735c8d39e820
tapelang_alphabet	426a40e33840f3a0e9e62d5f9b9519a6840edd2733b8031df6a280e4b782fdb8	efaa95f79beb6322ad5d0f833a76e53c8fdae48df10ddf40486121cbadb4582c	d11650d98ecb4c711b6c5383b3b2875bb37787f179948e47107c466db1843a45	731252e5d55669361d3c1c4e7e8048dbb7e794af370561b6e5e16b07d8df2828	true	array_apply,array_member_get,array_member_set,array_values,awaitable_shape,callable_member_get,future_error_details,generic_member_get,main_array_format,main_array_shape,string_bytes	array_apply,array_values,awaitable_shape,callable_member_get,future_error_details,main_array_format,main_array_shape	none	pass	pass	a8ac3a1054c1aa7ac25f9b1e652a96a7ac86a1c1130687fc53b90e20c766d149
distance_field	80f96ee942dafbf81b7e09edfc3410c3af37ed3190357fcf77c5d9641a30cf88	d18b6ccd20343cc39b044dd911341b21dbe3f6b1a55dfc36e88a4801bbbf23e9	7803e898936df1ec5352f373c1de1656aeac94016d6ba349ee797ca6af96d0ac	89dabbde999d3c75cb6ea4e735a3a797f2d768f13132fe19db72405251cad093	true	array_apply,array_member_get,array_member_set,array_values,awaitable_shape,callable_member_get,future_error_details,generic_member_get,main_array_format,main_array_shape,string_bytes	array_apply,awaitable_shape,callable_member_get,future_error_details,main_array_format,main_array_shape	none	pass	pass	cdaaf4451b236346af59b6a407f3136da96004e0c7c39c165546b7b9b21eda94
rms_norm	b289c78432f7c4077e259810c9e788341824899188821df669af345eed04dc59	e63f38fcaa6554ab8452bdf78e75c7e7a06de30080e287e5b78322b629caef31	2d56591a5e2290b5f44314069e1290a39d95de80209d63130e02ffffa1a005cb	97bea0fae355c13bff22be8dc683c100f2118e0bb1c8a4ef05663c9b1da2edb7	true	array_apply,array_member_get,array_member_set,array_values,awaitable_shape,callable_member_get,future_error_details,generic_member_get,main_array_format,main_array_shape,string_bytes	array_apply,awaitable_shape,callable_member_get,future_error_details,main_array_format,main_array_shape	none	pass	pass	255c3e1c7ae7f523918e96244a6ac395b58699c4d2220549b097702faaa1037b
fasta_generation	7b30ce2139b20f4b30495a44e5afc99bb4ab664c2ec9e0817512784adcb06c0e	e8d1ed3b9acf558efa058f052949b2cdadd4a3313c25a8a4861289a679a2fff8	bff9c4944d078925bf7e52dc1615c2bfa00d44844ce72404d810a4c671797963	b52a0af60dc98c21fafe19c762e9c9ad6530de2c6316b2a5dc222b6103a965e4	true	array_apply,array_member_get,array_member_set,array_values,awaitable_shape,callable_member_get,future_error_details,generic_member_get,main_array_format,main_array_shape,string_bytes	array_apply,array_values,awaitable_shape,callable_member_get,future_error_details,main_array_format,main_array_shape	none	pass	pass	2907f3fb66fea247549c0f26b5b5d5cd1940a055574b72dad344283e1eb0fd10
fixed_width_128	330ce59771b6dc41a1c147c53d82bb65b43d9a09c018d11ee527c1431a829f0e	104a117836ac5c7eede5ed11039f9be9818b0189c19f7b439c72a737507faa64	d41521ef115e990eb2e42a181e91e801d2a7f246f255a18f07da78adbb64f7f4	29cce706de505e65ab9c19930fc48aa6d183b477dd2ba9381a6335e0f42d269c	true	array_apply,array_member_get,array_member_set,array_values,awaitable_shape,callable_member_get,future_error_details,generic_member_get,main_array_format,main_array_shape,string_bytes	array_apply,awaitable_shape,callable_member_get,future_error_details,main_array_format,main_array_shape	none	pass	pass	eceabf5869b1abca8d6dd228b64a09f89e4e98ba8cabc4833ffee1218dafa56a
rational_series	20a58261d852834d425de755ed35e7c34b0bda80945caf97a94d4ba9b2e0bf46	9dcd7d70c19c955c708e275fe1730d04d990310a607f48fa3d4bdcd4e922ad43	8a1a79300ea651fb7aec2cf042629173abcfd46576b037ee541a49c27ea50050	0dbeb6d49ca2322d226755dfd983162de7387b4d75aaf01c18874bb40345b148	true	array_apply,array_member_get,array_member_set,array_values,awaitable_shape,callable_member_get,future_error_details,generic_member_get,main_array_format,main_array_shape,string_bytes	array_apply,awaitable_shape,callable_member_get,future_error_details,main_array_format,main_array_shape	none	pass	pass	127f0f44ee4870b57a188a7948f80a0a5d14584a326c345a48d4285594069f0c
wide_integer_records	8ba1e245f5d169409d2d35ba53c3ba94a554fd6767ec8d9d4602fef064b8405d	36b4fbbbbc1cbe1715d26c6beb3f1a07ac99a51c25cc1285d0a94600637a4ee4	293bd24ca99ed89c0121735f37243b6095e8f1084589475fef66576fe31256f6	8478af7cd16219444df0908ff07d4bb5fb9336335d26f4eda991d2dfdef41002	true	array_apply,array_member_get,array_member_set,array_values,awaitable_shape,callable_member_get,future_error_details,generic_member_get,main_array_format,main_array_shape,string_bytes	array_apply,array_values,awaitable_shape,callable_member_get,future_error_details,main_array_format,main_array_shape	none	pass	pass	f373537521cc6bfb0fb9e1a1eb36eb93a057654b526a4521878bc269261713e5
word_frequency	ad6e5d39c1685931dfb7b86fb7ce2afe783a1088ffc646a5482540606cd79a3f	1f17d3b6fc39e1fc2e8fa3e403b42df65900b6cc0c20d5f65b57ea9df3f97fc7	e82e4100fd8556e71df9cae4cdcf9eed0d864ce577bcbd491a7c3d074bd7ad0f	2e71da03266694c924a72162511447d3e5a22e96a2b55634e5f1b15be07bf215	true	array_apply,array_member_get,array_member_set,array_values,awaitable_shape,callable_member_get,future_error_details,generic_member_get,main_array_format,main_array_shape,string_bytes	array_apply,array_values,awaitable_shape,callable_member_get,future_error_details,main_array_format,main_array_shape	none	pass	pass	7dc1dae393e2c070eb0b9c9e611e154b2e6cce1b4a4268aa1bc73f8ff0e2fd07
document_audit	4f3fe4b3ce2a782c67e79d1178ba0ef3165ff8917b1970a6c96ccd7e550f27f2	334a1e44323ea30aaa2b87482c37ca2b49d606746dce98789c06bf62693edda0	42e327c6fe74ddcbc9443c25e72994fab1f7ef9b1bce38602e865f22ec21d130	759808b28cd2368dc7b48c8e43893ad32b898dbb7e2a7cc5b558af15cd517f76	true	array_apply,array_member_get,array_member_set,array_values,awaitable_shape,callable_member_get,future_error_details,generic_member_get,main_array_format,main_array_shape,string_bytes	array_apply,array_values,awaitable_shape,callable_member_get,future_error_details,main_array_format,main_array_shape	none	pass	pass	0dad030a80c8a883cbb56fbcfebfd530d521075e15d5d91ba538bc93e66c0aab
lexical_rollup	567a239892f4f6b00e5d61e4d262857ff14687c31e16cd1d390d9e9dfb6b3159	43551fc6a041365b35056f58c2f2f984f1295f32fa7c4e0f412e861869650f86	2c3ede8293a90d78c565fcdc4f36cdf73e4738b125fb935f51f24735a7dfd5f7	8559cb3641162004758b44bd18de489f0b47b79d69de9c14613cb027e33e496a	true	array_apply,array_member_get,array_member_set,array_values,awaitable_shape,callable_member_get,future_error_details,generic_member_get,main_array_format,main_array_shape,string_bytes	array_apply,array_values,awaitable_shape,callable_member_get,future_error_details,main_array_format,main_array_shape	none	pass	pass	a6a1f91069e8c95a38fba1a3cb7fb3f582434245605091f200ee90cdb190e604
channel_rollup	cc7ddd6dca16348087e17b89f07a30afa536750d088606744f9c22ce0704808a	86439eca0e67f87d51d399c57370e0d0ee582bce9a5a66362b87e715959956ac	6175bf714ef3aa212b7eca2a2a7eb3de2f39a2a32307d95ab242f183a4f6314e	6590dc01cb2861d778eeb569d282d4e89ad97902382b0ba80dc6515d02416c36	true	array_apply,array_member_get,array_member_set,array_values,awaitable_shape,callable_member_get,future_error_details,generic_member_get,main_array_format,main_array_shape,string_bytes	array_apply,array_values,awaitable_shape,callable_member_get,future_error_details,main_array_format,main_array_shape	none	pass	pass	a6a1f91069e8c95a38fba1a3cb7fb3f582434245605091f200ee90cdb190e604
future_pipeline	823bcdb46878c9d57ab6438bed3767861974227b96318572dc823f3da69067b7	93455ed5d83c783a5ddd4692a7bd9b90b29e703b31a8c15ca53d875114e97ff3	f02fc0dd07d1fa84bee358c4e7d93b08cf78a22efb9189ffd882869b33643410	21ca948da8921976fec3c0348d5eace554da0164c612c70e811a99e9a7f44190	true	array_apply,array_member_get,array_member_set,array_values,awaitable_shape,callable_member_get,future_error_details,generic_member_get,main_array_format,main_array_shape,string_bytes	array_apply,awaitable_shape,callable_member_get,future_error_details,main_array_format,main_array_shape	none	pass	pass	3db937fdd21b5719ab57c25679a1944e8f30128695c8edbfae4940aba7aa6d98
future_await_race	7950a425ac6225a577d7c234395ee4293d5c89c2ddfcb19fd87732e8d4d0335b	46058121036b401237b581ddf8f8067282cbb24a4fa98845fab0a2fbc5c34f32	8f51a5a01a87fbccb4e89043353db0683336285070c1c12ff223a1da364f6f84	9db81b6bda150654007ad319ac8c4584738a44cf05ed2391847e0b233da0c6dc	true	array_apply,array_member_get,array_member_set,array_values,awaitable_shape,callable_member_get,future_error_details,generic_member_get,main_array_format,main_array_shape,string_bytes	array_apply,array_values,awaitable_shape,callable_member_get,future_error_details,main_array_format,main_array_shape	callable_member_get	pass	pass	33297798eeb96d6d471a6afe97ec8a8bf09eda0ce30e13917aed1db40fb930e4
await_channel_mux	31bd5d760fff06cdd813c5520f961fbaadb5222908608f2630c183c8598f5b0c	618425aaf6dead937517bdc484a10b07b646f902f090ba261cf15a5f23105b08	8087a8b5d3f4a786fb2a7e20e742844d49c857c9b93297025c33c2d693307c42	4045f0cc1cef6791c98e5477b65bdc775ed8b106c4602a4223fe9d7cc376f786	true	array_apply,array_member_get,array_member_set,array_values,awaitable_shape,callable_member_get,future_error_details,generic_member_get,main_array_format,main_array_shape,string_bytes	array_apply,array_values,awaitable_shape,callable_member_get,future_error_details,main_array_format,main_array_shape	awaitable_shape,callable_member_get	pass	pass	0a32fa2e9481ecb635562079d993288d911326d9f36aeea0d9d3058d1a494693
mutex_ledger	2975ac5ae318fd528fd353ee8846f4cb86104e8525a43c2aa1c31e05dfdb1a61	2e41eb6cc3eebd9dd4d4fdf43a10882cf8d0c6f283d9c5bafb80103ec7394cac	3386281bb4f2d35fe056e39c9d63e21e81f7134296c2c98b8c1642b8f37caf2d	cf13f88ef4dcd97f1d6c0a1bc2e43d492df46e55c5b98e0b2fbc5901cddf83ea	true	array_apply,array_member_get,array_member_set,array_values,awaitable_shape,callable_member_get,future_error_details,generic_member_get,main_array_format,main_array_shape,string_bytes	array_apply,awaitable_shape,callable_member_get,future_error_details,main_array_format,main_array_shape	none	pass	pass	58f2e2fda882a7c1e5032a2f34c4d9d05f40ced51199c0be0672ecc4d4cf14e4
mutex_await_journal	3d17db99f2a06f2d87868dcb00e129d6f0cb18d4209b329e09bac281adaf8696	f6a5a07aae6804d429d42baa11aa04bfdedce909fa16f4d7c8cc7fa0d03fe9ea	0fb022fa337d3e74e2224886687c70955a2dba449cfb2cf93f929d338b6c6d75	186dc2abc15ddd9793a2480d92bcece4105b75cd6b02f7f233f540c66e88fb4c	true	array_apply,array_member_get,array_member_set,array_values,awaitable_shape,callable_member_get,future_error_details,generic_member_get,main_array_format,main_array_shape,string_bytes	array_apply,array_values,awaitable_shape,callable_member_get,future_error_details,main_array_format,main_array_shape	awaitable_shape,callable_member_get	pass	pass	e6f87830a6a1bb1bf3889a6b77eae053bfd3630055a06dd8fd500201586bf61e
mutex_work_queue	8341715e210cd8342a49c32dd2d9ba01331f893b680e8a418f5ee2542a456113	e13bad20e0cce9d398b2289eac3462029635d571abb2d37faf14d6a058346a1b	bc9584dab9cf5c020ae1440944fb6f7c60cda4873af80afeb4c27a957cd0f3f1	548c244498866878f86158b29887f7271828d60dd27d7a32cbbf77b370a950cd	true	array_apply,array_member_get,array_member_set,array_values,awaitable_shape,callable_member_get,future_error_details,generic_member_get,main_array_format,main_array_shape,string_bytes	array_apply,array_values,awaitable_shape,callable_member_get,future_error_details,main_array_format,main_array_shape	awaitable_shape,callable_member_get	pass	pass	57d3c0d15899da95d375a749cfe34dcc6942eb82a45427f197b9244b85ff8e58
regex_suffix_audit	7f8a1b031ae20c9af490cd21ac9846ea472b43c62cd082b22cb6e600fea2c5fe	4e303f1b6b594030d0f119fcfd13a98f37e51bf794d0b6ac08af6de42b508469	59d607b7a9fc9584d04aa863b361de2e6c9a150e3c0b1ba0e0a016ea4eb90391	cf3f923762ab0334442a0e65c1e13abdcd5a5da6f7da524ce523d882d156477b	true	array_apply,array_member_get,array_member_set,array_values,awaitable_shape,callable_member_get,future_error_details,generic_member_get,main_array_format,main_array_shape,string_bytes	array_apply,array_values,awaitable_shape,callable_member_get,future_error_details,main_array_format,main_array_shape	none	pass	pass	b5d5ccfabbfd4dc5952406cb1c42d62b807f75828661c4c3774b251abe38380f
regex_set_audit	124fcfb1435ab1160adff38f7d50ba442c22b4d63cce25fa06e7799a26458b9b	bd21701caf0df3e80b68c29c7c484a489014f0c73cdd5c9280c444cfbc64af45	91b4def162a4353d7f51eee785db294d33c2c1bcc8186cd8c0c4574a387a139b	8b44f6552dcf70db1d718b93b49fe7f7abc8320f7cfb47bc526dd4cd5093125b	true	array_apply,array_member_get,array_member_set,array_values,awaitable_shape,callable_member_get,future_error_details,generic_member_get,main_array_format,main_array_shape,string_bytes	array_apply,array_values,awaitable_shape,callable_member_get,future_error_details,main_array_format,main_array_shape	none	pass	pass	3d8f861a312416f95b95d59be62614f0ffc7918e86fb984fe6035ca7b7b28da2
regex_stream_audit	ed58e3975b12776a03ace5bd7e066b570e7538f303f631db9c1704d3a1eaa999	c50410d95f5d81ed4de3da9dfd58c254ff884d6e58c1a04460471cc029dab61a	9cbf539e9e703ec67eebbf274e0ce859beb2094e7abf7f62e478bc7e07080667	25411dbab2d6cf92c40992895d3cad0f7e47233a9983b1bf0686c0cb9cce7584	true	array_apply,array_member_get,array_member_set,array_values,awaitable_shape,callable_member_get,future_error_details,generic_member_get,main_array_format,main_array_shape,string_bytes	array_apply,array_values,awaitable_shape,callable_member_get,future_error_details,main_array_format,main_array_shape	none	pass	pass	dd7801f0b104d8bd47aaef64d685bc65a06263851f12c8df8cf75260d09e717b
log_routing_redaction	958ad9cdee6f91694757dbca9748e6f23bff84340e52e0e1375589726be0629b	1b6cc105b4d9b5be162b8b2804bffeb8724b3982836fea9602d877fa2bd58d07	69ef5bc6d9e481ff31993f1f1c2e506ce7685fd5b6ce4eb386396b1107ba19b4	27b568a7ecda735f9cd32869eb8e019715f3eabc41d01d6fbf0de9eb01d8de04	true	array_apply,array_member_get,array_member_set,array_values,awaitable_shape,callable_member_get,future_error_details,generic_member_get,main_array_format,main_array_shape,string_bytes	array_apply,array_values,awaitable_shape,callable_member_get,future_error_details,main_array_format,main_array_shape	none	pass	pass	0d9585b01f83904fdf11d47b2902678c1718c8442ed1d84410d61d5d90f60bf4
config_validation_extraction	ffdba7256c645683bd9e53ef5a3422ca332ad51dae98816ef902906691ac8b73	15d713de42840410d522f0721708d34907fddb534eaa63ae931138bc1c80ef2e	1167b03e691c2e8f6be52d0ca11cbc7537bb85abc2643008dadb1756bb0875a2	68598bdbbe1db4fc4f53d88801c17307757176fd5cdd957d783d158c4debc5d4	true	array_apply,array_member_get,array_member_set,array_values,awaitable_shape,callable_member_get,future_error_details,generic_member_get,main_array_format,main_array_shape,string_bytes	array_apply,array_values,awaitable_shape,callable_member_get,future_error_details,main_array_format,main_array_shape	none	pass	pass	c1aa99b9a13bb6e0c7731cb2aea77e300cd3cecc695df7fd4af90036939341d1
unicode_scalar_pipeline	9ff36de9cbdd1e2b1138611fc20453e0803e3f8734769a30929eb52528ab7bdb	b75cb050b6a8a8b942725c9585ca44e77f962b7311b5089addf5696eb4ddd676	19669524772c724c0b12e1209919726bdeb5999fc534408c5b526f5ac55912e3	f3369e59ef9e6a73fd6af3e5ce003ca3e477fb56cddd9233c352626cf3182a92	true	array_apply,array_member_get,array_member_set,array_values,awaitable_shape,callable_member_get,future_error_details,generic_member_get,main_array_format,main_array_shape,string_bytes	array_apply,array_values,awaitable_shape,callable_member_get,future_error_details,main_array_format,main_array_shape	none	pass	pass	c9efadb7f22969600334daa4a4eed2edde38c8e86d2c81d354d6f3979c854eb9
array_slice_window	64c65a525023e5fc7000f13b9d36875716b7d8b936060fede904381b58156b4e	7682c637d83d08e177c8197221ebbb8ed923656791ae7394abd948a8c0ec601d	580e5145b4daf69afece611d0224271cd23d2cd259af3910ab84441c41d02ac1	f828ddf7375b63bb1d2aec6e05a5ccdd54617bfd31e41508b404ed9cf79947bb	true	array_apply,array_member_get,array_member_set,array_values,awaitable_shape,callable_member_get,future_error_details,generic_member_get,main_array_format,main_array_shape,string_bytes	array_apply,awaitable_shape,callable_member_get,future_error_details,main_array_format,main_array_shape	none	pass	pass	155f89122475c7b282637dbf2ecba6d19771d396e801b581cb1d1b0cef64103e
dependency_plan	f2579982dbe25debb2e40f2ec1f2d0187016a3801c5373c82f45258e16210d8e	ad6b9601a05236688a458506d1e9617231ef20a2ebdcdf36206326c7222ba9ea	f970e29955b1428fb07cec2f7ea992f4dcc8db7665256a940a655b97da94cfdf	ce915b8f4a97efa5668b06086538cd95bf47545d186c2832517c026b80877ad8	true	array_apply,array_member_get,array_member_set,array_values,awaitable_shape,callable_member_get,future_error_details,generic_member_get,main_array_format,main_array_shape,string_bytes	array_apply,array_values,awaitable_shape,callable_member_get,future_error_details,main_array_format,main_array_shape	none	pass	pass	96dc74508d9b7a476bafdef453b11e11f2f70279c58ccaa5dcb6d85c529c4a38
discrete_event_simulation	f4229da6b02e7e79c49b81f266a08efb87476edade1255277a55fda77f10f22f	19e9993320a381df696b2f66542bed6c30c51ba8bc506b6d10669de4d45b7a4b	854f7ef8dc7ca9ef52713f676acd074437b8b81d41312c603e98bbe670a4f43d	6e92bba9a2a853978cc4abfa7965414218d4312a7e451eb994bb6b3f9d50b902	true	array_apply,array_member_get,array_member_set,array_values,awaitable_shape,callable_member_get,future_error_details,generic_member_get,main_array_format,main_array_shape,string_bytes	array_apply,awaitable_shape,callable_member_get,future_error_details,main_array_format,main_array_shape	none	pass	pass	6aebca9b31a78441438d2321290a7b66dc831ddbc7671d783e4a725aed6e7405
inventory_reconciliation	16c408486e1f3fb1003c795b5ed0ee63b310cd2fecba4a85d9b4081c381e8d9f	776bedee03bd7f6feba2e81363681f1fa58895073c0aeee62b074096870965c0	ffb00a9945dc639dde6e0ee563a798e3c18cb0b9b22a73f105b5753613848ac5	c70464b1d1c830950f3ba6e023eef93f20f3a94d3bc9514720c915bb39cd0e87	true	array_apply,array_member_get,array_member_set,array_values,awaitable_shape,callable_member_get,future_error_details,generic_member_get,main_array_format,main_array_shape,string_bytes	array_apply,array_values,awaitable_shape,callable_member_get,future_error_details,main_array_format,main_array_shape	none	pass	pass	37dc8fb8d62ba404bd385852de356d7ccbd468da2b3d20b4f0a535263d6ffcf3
option_result_config	9a0cd261ba89aad1fe1cea7da9ce78bdf356a350151ba7f17277ed5a125d7c48	e363fa1a89f7541b6aae02d074a5bebf540ce64c673ddd158c3adfa41fc00b97	c96c5cea2351b54545d66695e98288f09ed8ef99d352d04f5c7c6ba4035f3076	ec691a36e09f2721249126113322233b9ab186258203e596feb9c874553a3901	true	array_apply,array_member_get,array_member_set,array_values,awaitable_shape,callable_member_get,future_error_details,generic_member_get,main_array_format,main_array_shape,string_bytes	array_apply,awaitable_shape,callable_member_get,future_error_details,main_array_format,main_array_shape	none	pass	pass	28e46b27a6dceeaa15968e9db7a6728f4a2b35f87a89ff7bf561db18cad53112
concurrent_text_index	5a2429f00e30e21af242850073e6e8c24d4022b8cad9bc7aee5e6e7860999eef	87bead26dc5e64af7a15ca4f59a5b8a9e022e70a602ab85cd817f9ecaefb4388	50f5710eafc2281a2cbef55d3df9d7f639e3b8a0806917dd7748514941f45bef	2deb79fce4269f377d0f15ce6f4b7b19dff10325c1211af34c8df2ce0c7054e1	true	array_apply,array_member_get,array_member_set,array_values,awaitable_shape,callable_member_get,future_error_details,generic_member_get,main_array_format,main_array_shape,string_bytes	array_apply,array_values,awaitable_shape,callable_member_get,future_error_details,main_array_format,main_array_shape	none	pass	pass	3bdc437d713ad4ddcd2c37e7367ca95879766c927643a80803b3d0eba3c249d8
validated_job_pipeline	792dd2fbf2d09643082e523999f768745eb5c08af64f2b747e82901e3fe4bd8e	b8e43432dfaae6572cc07650dda4ff5a11d07b16cb6c080e2b9b764d50a1ef44	ce45e8d92a022aa4acadcb428e58d97ee39f25af9eca0ccf0587a6b430a670ad	e71742973a30d1531d27e8900b315263c92a3ece8b79ba75164c830f461fc865	true	array_apply,array_member_get,array_member_set,array_values,awaitable_shape,callable_member_get,future_error_details,generic_member_get,main_array_format,main_array_shape,string_bytes	array_apply,array_values,awaitable_shape,callable_member_get,future_error_details,main_array_format,main_array_shape	none	pass	pass	ee5a3553094de6253bd71daaafd30e1db3eb9a17d11d3411b18ca652feafc40a
dependency_wave_validation	7d200dbe3ee867e95668ae8c74a2e45893f4d369db6bf00962363348dc632a50	8baff2ca48387f37be9fa5c325e73adc0d45a32e61cd137e2ac496fce3b127e2	9252680ad4c977ea707e3ab93cf1c40a9de970c595962d67635d4fa25977b514	1683be52de5a4fccad8b422edbaad0d7e1c6fb5baa96109a56ab8ef5c177c1eb	true	array_apply,array_member_get,array_member_set,array_values,awaitable_shape,callable_member_get,future_error_details,generic_member_get,main_array_format,main_array_shape,string_bytes	array_apply,array_values,awaitable_shape,callable_member_get,future_error_details,main_array_format,main_array_shape	none	pass	pass	de00786abc00ecdc5be17fb12025be79aa7405a31b73c6c08ab7dbad9b555dc6
concurrent_event_routing	23d12e189b92ee44f83917df8a8fa8a84f2ab77242f9785474df345fbe5e274b	bc81de2f232c24906a2aecb84e77408c512e58ee9c28c3ec924639e429e77cce	7bddc3436b2ccd468df318577ac769b1f9978c55e0f643ea0d14b0007d59b3e3	4c2ba5559a9b9131529dd5162c81cbb6506c9ef6c0f14be3cff2bf2ded5f3613	true	array_apply,array_member_get,array_member_set,array_values,awaitable_shape,callable_member_get,future_error_details,generic_member_get,main_array_format,main_array_shape,string_bytes	array_apply,array_values,awaitable_shape,callable_member_get,future_error_details,main_array_format,main_array_shape	none	pass	pass	672e4542ce0d231428dd910348225e7c8b058824d7b8ceffbfb616d77a939d39
concurrent_document_pipeline	5c5d8a577a404fdc73e355a9b8997ff36acd04e8ca974e07bde0729e78a7dc16	b3eae24ed9b1e103dad90705e184726eeae831f1b6ace900bdfea0a3a82233e6	3580b3f7f84024065b8fc5be4bc12a83637d22c09b7505b8795a766be9ba956b	e4ebe99211e3820a38208cfb3ab526dec74eb4996fcd71c4121baea7ed188456	true	array_apply,array_member_get,array_member_set,array_values,awaitable_shape,callable_member_get,future_error_details,generic_member_get,main_array_format,main_array_shape,string_bytes	array_apply,array_values,awaitable_shape,callable_member_get,future_error_details,main_array_format,main_array_shape	none	pass	pass	60b369f137cf022522072c4abfd911091aa3c77597528906f58b62610f438120
concurrent_stencil_reduction	db33fbbe0624cda3958b64f1fb51a07e950a023ca480b3469f1b09215f22501a	a011596c1d3c8879ce6c15989e4d8ab14c2fcc8cb5dc611d736aaccd905eb792	5b37cc3fcf5866effd14a1e21b678f74d7200294c8e6ec5cc22d27862b1a5ea5	5944385dc712891abf9a59c4d25828234c57799c1382ef8787ae2a5cf11ea096	true	array_apply,array_member_get,array_member_set,array_values,awaitable_shape,callable_member_get,future_error_details,generic_member_get,main_array_format,main_array_shape,string_bytes	array_apply,array_values,awaitable_shape,callable_member_get,future_error_details,main_array_format,main_array_shape	none	pass	pass	42870ec44f0b8a860e066ec155ce13e2916bbff632d74a5c87704f7f81fa4a3b
concurrent_signal_dispatch	79d9f7945ab5278b5725a0c28ee1e1bdf66a81530f95777c6478e9efa01d63d0	3b1e5cc3c1aa9677306ae371385948707af97d0ed6125a555852ab0065f54343	978fa2f19bb653890a206144a6fb9a5d5bda3194aacdbca2709a4cfb3416efb3	8c25d650c232e45db35c5f445a49cb4fcce2fa6c2d9e8f36ff31d0b5b8ffde1a	true	array_apply,array_member_get,array_member_set,array_values,awaitable_shape,callable_member_get,future_error_details,generic_member_get,main_array_format,main_array_shape,string_bytes	array_apply,array_values,awaitable_shape,callable_member_get,future_error_details,main_array_format,main_array_shape	none	pass	pass	cb24d4b4ebe05455c69d9232b5bee08e27e1f864776c80996a0253ece9d69d94
concurrent_transform_chain	378d0a572c0a23d65a80d7681c6309ee0eb1e147cdd2e3442ce628ca04c40027	ec8775e28edb9f67addb17d3d6f7e325612de4d2e3d690e378f1fce066380033	80709c41ee6f87171c525f924607dc37974c75f9695c37cc538b05b4fcc43dcb	7a1b6951e76677044cb97b15e662cd7e9425b4f415a30bb440a9d8ad01a383df	true	array_apply,array_member_get,array_member_set,array_values,awaitable_shape,callable_member_get,future_error_details,generic_member_get,main_array_format,main_array_shape,string_bytes	array_apply,array_values,awaitable_shape,callable_member_get,future_error_details,main_array_format,main_array_shape	none	pass	pass	4695dbb758688b107a6c7917406311bad54f32f2f42310b2e6c2f58702468f57
concurrent_policy_callbacks	ae4b730a18e1f64e85b17f3eb2a53c5d7b54bf9d0c99b748e67bb18265451266	82a9b7dcfb0e3b330a71f2bb21ac4e9b48669621c6826d9ce2e90d16e576094c	0ffe06a0eb75a633113c710746b9bb0da0f1c017c5c4a18b2f9689d73b8e552e	13778736c6da9a1ec6edf1f49d88554986bdfeedea722719a0e77777238f5905	true	array_apply,array_member_get,array_member_set,array_values,awaitable_shape,callable_member_get,future_error_details,generic_member_get,main_array_format,main_array_shape,string_bytes	array_apply,array_values,awaitable_shape,callable_member_get,future_error_details,main_array_format,main_array_shape	none	pass	pass	7f1eeebf4548e851a416d06dddf41316bb9ebd4baa5f0e9e6b5265405883f210
concurrent_graph_visitors	b445e78cd4c706fc09a3ab008df58fb4a5c90237b2caee4cd52420d04298db56	aa1cbf972d66159be97ba7a9addc8153fc6afacca220d065891a9d85a70ca5ae	ded6df9a75ee68f3291e67ed164cf159f021d18d62ab867a2421be728b429b17	c85d3eba3c4f2902605ba521938e1284a1e6fc3416e92da7db68b36c2186a88d	true	array_apply,array_member_get,array_member_set,array_values,awaitable_shape,callable_member_get,future_error_details,generic_member_get,main_array_format,main_array_shape,string_bytes	array_apply,array_values,awaitable_shape,callable_member_get,future_error_details,main_array_format,main_array_shape	none	pass	pass	399e7fd8eae623db1fb6fe83ba5d08b46a747fca2d7e51ec6536aab65b50c9ee
concurrent_audio_voices	b6a5d1e0d2901bd3341b02d1f3445601ef05670cb2442c9f706305f4ec8b7cad	352518498f4eef158660086948b0292dfec052aeca67e6bf3116f3c00ae4f015	c9e8ea23ab79955b6fcc5984967313bd763bc47282754d9e6f433ffe9994e1ba	f0e55f24b7c31708cec221de95e52ac49f36f44f092ba0a99befb178a8e758be	true	array_apply,array_member_get,array_member_set,array_values,awaitable_shape,callable_member_get,future_error_details,generic_member_get,main_array_format,main_array_shape,string_bytes	array_apply,array_values,awaitable_shape,callable_member_get,future_error_details,main_array_format,main_array_shape	none	pass	pass	6ec28390bc9c749cf18e4a6fbd4bc03154345e1acf0a2f6601baab16884a6e28
concurrent_packet_codecs	2184c24ec515d57551c57440c9351b58cb4a43c1824e5f1df43e839b3de57481	4d4191a83f15f7d0ea3581f1947e3cc9306348b94b3af5947c13d92c97cd5090	f1c086fba88b8785364488ce5374fce52a3f8d2bfd6e20a7b5968f86550c0c81	406e86e1f86111a5d23faaef8782843e6435563752d7a4b5c81fe7decc856cd6	true	array_apply,array_member_get,array_member_set,array_values,awaitable_shape,callable_member_get,future_error_details,generic_member_get,main_array_format,main_array_shape,string_bytes	array_apply,array_values,awaitable_shape,callable_member_get,future_error_details,main_array_format,main_array_shape	none	pass	pass	cf10b00cfd2619f5162ee99687f8e059e9333c4597169846846468fa20c230a5
concurrent_scene_tiles	dd1b5c6eb972af1480eb87bca3096672e44280e3c8c473df95942c3f06ada71f	a942c5a5d00f6c77021400ead4e6eaae15fd41910849b8fa28752cfdb6243303	90dfaac28b10587fe6f734d2c2916a5ac4f20c39b65ab60c60cd20612c8098c7	0b1cceaa8ec86125e42226b35ea4c6222e6685b96aa96e76d393da5d065d3b45	true	array_apply,array_member_get,array_member_set,array_values,awaitable_shape,callable_member_get,future_error_details,generic_member_get,main_array_format,main_array_shape,string_bytes	array_apply,array_values,awaitable_shape,callable_member_get,future_error_details,main_array_format,main_array_shape	none	pass	pass	2c60d0d812049ff61485905f50f92e678610e9708c24849927292dd7566a15fe
concurrent_tree_folds	521a80923670cdbf78d12110adb8e7b8fc4aa540ac1aea39133f029aa6b2e321	efcf7ab794ab483bbdbab288ca6e56fdf878c5d8e8b25c1b0ddba4e44bc106c4	38337865081bc033e9de9744c73a052c8e3214d4e50f6962ebf1e92c1ebadd95	0f0430c9d33b28e0c7d76d28bee1473b47348665253aa71808413595861b0e91	true	array_apply,array_member_get,array_member_set,array_values,awaitable_shape,callable_member_get,future_error_details,generic_member_get,main_array_format,main_array_shape,string_bytes	array_apply,array_values,awaitable_shape,callable_member_get,future_error_details,main_array_format,main_array_shape	none	pass	pass	ea4c3694c769a63e64e13afa98ee33a5a2edcd8d1ec0cd821c01bb257b2166d7
concurrent_state_machines	a8270e45edd0da619ec0c49ff1c09bf80a920e37ceff046e1887963059ea221e	f5586d3a9457fb8cdcc5ab30004208d2beb726a3f48da3c17937425c0a38b348	803d22463bb0cca3f3f3e4813578e775288dc2ae20b8c66f5ea242d4acaf78a4	3eb8b10429e45a7a7e1148a82206c01f128e6c986d0b4cad0dc172e599bb3611	true	array_apply,array_member_get,array_member_set,array_values,awaitable_shape,callable_member_get,future_error_details,generic_member_get,main_array_format,main_array_shape,string_bytes	array_apply,array_values,awaitable_shape,callable_member_get,future_error_details,main_array_format,main_array_shape	none	pass	pass	96296c1ea028df4cae0d4dde3e2f8a91533b7bb4daf1f19a611ea9b0ec2b0103
concurrent_stateful_pipeline	99c6ecfb4eccd2c93925701f8a9845a53de88b9ac042ba6d34517ca073922bf5	7562b13095e3976b9ca574e061759f18b537c0da4c06b930e2d0ff587dd3e01b	4019d81d30afc098f3815a0b2b91e167391df201309953d06adae7503c977683	c86ffa5760438972c73199e44b82578c10d1f1fd779bc388a1db6291c907b43b	true	array_apply,array_member_get,array_member_set,array_values,awaitable_shape,callable_member_get,future_error_details,generic_member_get,main_array_format,main_array_shape,string_bytes	array_apply,array_values,awaitable_shape,callable_member_get,future_error_details,main_array_format,main_array_shape	none	pass	pass	b76b6e24e86beed9a7fc734ccfdf62266d67dea722d758656456824ecee96b67
manifest_normalization	4738af1fb5aabcdafd7581c2b84289824d6bf0a5dae779e70f4db6746f63aec9	aa1c06f3b68b6c22c42dff5cb87d6898f78d6f8fad813a9cc95d571dbd5cb680	608d9e5bcf0a67ea8bec4c46b2710cccefdc54de7d74545b3430a6da878766a7	ab3b955a302d01cb49b0283feddc20596e91ed23718cc2a3ca61b1e11c03fb3c	true	array_apply,array_member_get,array_member_set,array_values,awaitable_shape,callable_member_get,future_error_details,generic_member_get,main_array_format,main_array_shape,string_bytes	array_apply,array_values,awaitable_shape,callable_member_get,future_error_details,main_array_format,main_array_shape	none	pass	pass	2d6d55d5a76f3e45c6eb4fc3c0b892c2c5d8e02f3e38fa916d4f1c9a1579e9cb
policy_record_dispatch	cd6089f205ff542c9c9c07c5526d47b9fc4287f9fd9c7081947d363610ec5263	0e2b44e03c8b8900fe4a266d27bfa0697c18ddb82b70defd0ac6bc9303a5121a	4e193726b49d8c33be3e1f3afa09341b7e9a5ce674605add8cf8cd6a5f3ba5da	f106305355f38be1167e4f99c926f9ad7787c415ea20698af6d88cbabbcee78c	true	array_apply,array_member_get,array_member_set,array_values,awaitable_shape,callable_member_get,future_error_details,generic_member_get,main_array_format,main_array_shape,string_bytes	array_apply,array_values,awaitable_shape,callable_member_get,future_error_details,main_array_format,main_array_shape	none	pass	pass	f15c66e53e4c89650ae12aff6c2f466f2cf0c7adb6ca3fe5be0127bfba217c05
sensor_calibration	28a29926e6511185eda8621d69f09109a3f16bcff69de6f41e0d4cdc4c0d480d	909f8a249c88e41b8cdb2cd5ecc50df53a31d9a878fda4ccfe501cade0c24342	b20c7c451e571481e36a23c4b139373bdf84e6e1c8e52b43854ba6443627bfd8	3f3575e120adc97f1c5d7449282d9e68ed88f6483e5147eaea176a051106d052	true	array_apply,array_member_get,array_member_set,array_values,awaitable_shape,callable_member_get,future_error_details,generic_member_get,main_array_format,main_array_shape,string_bytes	array_apply,array_values,awaitable_shape,callable_member_get,future_error_details,main_array_format,main_array_shape	none	pass	pass	e96cf1e366228f34478289660b4478b345bc069ac6e6633900d9805f0340edbb
